nodes,NLD
techs,wind_offshore
2024-01-01 00:00:00,0.9539
2024-01-01 01:00:00,0.9478
2024-01-01 02:00:00,0.9403
2024-01-01 03:00:00,0.9329
2024-01-01 04:00:00,0.9238
2024-01-01 05:00:00,0.9119
2024-01-01 06:00:00,0.9095
2024-01-01 07:00:00,0.9315
2024-01-01 08:00:00,0.9505
2024-01-01 09:00:00,0.9614
2024-01-01 10:00:00,0.964
2024-01-01 11:00:00,0.9638
2024-01-01 12:00:00,0.9648
2024-01-01 13:00:00,0.9627
2024-01-01 14:00:00,0.9583
2024-01-01 15:00:00,0.9516
2024-01-01 16:00:00,0.934
2024-01-01 17:00:00,0.9121
2024-01-01 18:00:00,0.8875
2024-01-01 19:00:00,0.8558
2024-01-01 20:00:00,0.8229
2024-01-01 21:00:00,0.7849
2024-01-01 22:00:00,0.7829
2024-01-01 23:00:00,0.8489
2024-01-02 00:00:00,0.9371
2024-01-02 01:00:00,0.9788
2024-01-02 02:00:00,0.99
2024-01-02 03:00:00,0.9902
2024-01-02 04:00:00,0.9782
2024-01-02 05:00:00,0.9381
2024-01-02 06:00:00,0.8985
2024-01-02 07:00:00,0.8701
2024-01-02 08:00:00,0.8732
2024-01-02 09:00:00,0.8481
2024-01-02 10:00:00,0.8273
2024-01-02 11:00:00,0.8391
2024-01-02 12:00:00,0.7908
2024-01-02 13:00:00,0.734
2024-01-02 14:00:00,0.7783
2024-01-02 15:00:00,0.866
2024-01-02 16:00:00,0.9259
2024-01-02 17:00:00,0.9116
2024-01-02 18:00:00,0.8792
2024-01-02 19:00:00,0.8096
2024-01-02 20:00:00,0.7456
2024-01-02 21:00:00,0.6586
2024-01-02 22:00:00,0.63
2024-01-02 23:00:00,0.6419
2024-01-03 00:00:00,0.725
2024-01-03 01:00:00,0.7397
2024-01-03 02:00:00,0.8097
2024-01-03 03:00:00,0.9307
2024-01-03 04:00:00,0.9764
2024-01-03 05:00:00,0.9851
2024-01-03 06:00:00,0.9779
2024-01-03 07:00:00,0.9609
2024-01-03 08:00:00,0.9362
2024-01-03 09:00:00,0.9068
2024-01-03 10:00:00,0.8676
2024-01-03 11:00:00,0.8193
2024-01-03 12:00:00,0.7687
2024-01-03 13:00:00,0.7225
2024-01-03 14:00:00,0.6852
2024-01-03 15:00:00,0.6572
2024-01-03 16:00:00,0.6347
2024-01-03 17:00:00,0.6261
2024-01-03 18:00:00,0.6352
2024-01-03 19:00:00,0.6454
2024-01-03 20:00:00,0.6524
2024-01-03 21:00:00,0.6558
2024-01-03 22:00:00,0.6554
2024-01-03 23:00:00,0.662
2024-01-04 00:00:00,0.6656
2024-01-04 01:00:00,0.6549
2024-01-04 02:00:00,0.6295
2024-01-04 03:00:00,0.5954
2024-01-04 04:00:00,0.5467
2024-01-04 05:00:00,0.4999
2024-01-04 06:00:00,0.4613
2024-01-04 07:00:00,0.4219
2024-01-04 08:00:00,0.3894
2024-01-04 09:00:00,0.3513
2024-01-04 10:00:00,0.2918
2024-01-04 11:00:00,0.2429
2024-01-04 12:00:00,0.2278
2024-01-04 13:00:00,0.2453
2024-01-04 14:00:00,0.2722
2024-01-04 15:00:00,0.2886
2024-01-04 16:00:00,0.327
2024-01-04 17:00:00,0.408
2024-01-04 18:00:00,0.5289
2024-01-04 19:00:00,0.6696
2024-01-04 20:00:00,0.769
2024-01-04 21:00:00,0.8418
2024-01-04 22:00:00,0.8865
2024-01-04 23:00:00,0.9118
2024-01-05 00:00:00,0.9273
2024-01-05 01:00:00,0.9339
2024-01-05 02:00:00,0.9382
2024-01-05 03:00:00,0.9417
2024-01-05 04:00:00,0.9303
2024-01-05 05:00:00,0.8885
2024-01-05 06:00:00,0.8062
2024-01-05 07:00:00,0.6963
2024-01-05 08:00:00,0.6397
2024-01-05 09:00:00,0.6235
2024-01-05 10:00:00,0.6322
2024-01-05 11:00:00,0.6699
2024-01-05 12:00:00,0.7115
2024-01-05 13:00:00,0.7386
2024-01-05 14:00:00,0.7667
2024-01-05 15:00:00,0.7812
2024-01-05 16:00:00,0.79
2024-01-05 17:00:00,0.8048
2024-01-05 18:00:00,0.8226
2024-01-05 19:00:00,0.835
2024-01-05 20:00:00,0.8378
2024-01-05 21:00:00,0.834
2024-01-05 22:00:00,0.8253
2024-01-05 23:00:00,0.81
2024-01-06 00:00:00,0.8023
2024-01-06 01:00:00,0.8058
2024-01-06 02:00:00,0.8125
2024-01-06 03:00:00,0.8224
2024-01-06 04:00:00,0.8336
2024-01-06 05:00:00,0.8401
2024-01-06 06:00:00,0.8405
2024-01-06 07:00:00,0.8326
2024-01-06 08:00:00,0.8145
2024-01-06 09:00:00,0.7986
2024-01-06 10:00:00,0.7963
2024-01-06 11:00:00,0.8052
2024-01-06 12:00:00,0.8195
2024-01-06 13:00:00,0.833
2024-01-06 14:00:00,0.8437
2024-01-06 15:00:00,0.8536
2024-01-06 16:00:00,0.8602
2024-01-06 17:00:00,0.8604
2024-01-06 18:00:00,0.856
2024-01-06 19:00:00,0.8509
2024-01-06 20:00:00,0.8446
2024-01-06 21:00:00,0.8376
2024-01-06 22:00:00,0.8322
2024-01-06 23:00:00,0.831
2024-01-07 00:00:00,0.8373
2024-01-07 01:00:00,0.8477
2024-01-07 02:00:00,0.8562
2024-01-07 03:00:00,0.8584
2024-01-07 04:00:00,0.8564
2024-01-07 05:00:00,0.8496
2024-01-07 06:00:00,0.8401
2024-01-07 07:00:00,0.8288
2024-01-07 08:00:00,0.8115
2024-01-07 09:00:00,0.7812
2024-01-07 10:00:00,0.7431
2024-01-07 11:00:00,0.7053
2024-01-07 12:00:00,0.6788
2024-01-07 13:00:00,0.6661
2024-01-07 14:00:00,0.6655
2024-01-07 15:00:00,0.669
2024-01-07 16:00:00,0.6684
2024-01-07 17:00:00,0.671
2024-01-07 18:00:00,0.6802
2024-01-07 19:00:00,0.6992
2024-01-07 20:00:00,0.7263
2024-01-07 21:00:00,0.7618
2024-01-07 22:00:00,0.7994
2024-01-07 23:00:00,0.8294
2024-01-08 00:00:00,0.8577
2024-01-08 01:00:00,0.8764
2024-01-08 02:00:00,0.882
2024-01-08 03:00:00,0.8813
2024-01-08 04:00:00,0.8813
2024-01-08 05:00:00,0.8844
2024-01-08 06:00:00,0.8931
2024-01-08 07:00:00,0.9036
2024-01-08 08:00:00,0.9117
2024-01-08 09:00:00,0.921
2024-01-08 10:00:00,0.9285
2024-01-08 11:00:00,0.9328
2024-01-08 12:00:00,0.936
2024-01-08 13:00:00,0.9379
2024-01-08 14:00:00,0.9398
2024-01-08 15:00:00,0.9448
2024-01-08 16:00:00,0.9505
2024-01-08 17:00:00,0.9535
2024-01-08 18:00:00,0.9541
2024-01-08 19:00:00,0.9527
2024-01-08 20:00:00,0.9499
2024-01-08 21:00:00,0.9434
2024-01-08 22:00:00,0.9324
2024-01-08 23:00:00,0.9195
2024-01-09 00:00:00,0.9045
2024-01-09 01:00:00,0.8882
2024-01-09 02:00:00,0.8699
2024-01-09 03:00:00,0.8532
2024-01-09 04:00:00,0.8402
2024-01-09 05:00:00,0.8312
2024-01-09 06:00:00,0.8245
2024-01-09 07:00:00,0.8153
2024-01-09 08:00:00,0.8004
2024-01-09 09:00:00,0.7772
2024-01-09 10:00:00,0.7495
2024-01-09 11:00:00,0.7214
2024-01-09 12:00:00,0.7062
2024-01-09 13:00:00,0.7101
2024-01-09 14:00:00,0.7256
2024-01-09 15:00:00,0.7263
2024-01-09 16:00:00,0.7106
2024-01-09 17:00:00,0.697
2024-01-09 18:00:00,0.6874
2024-01-09 19:00:00,0.6684
2024-01-09 20:00:00,0.6337
2024-01-09 21:00:00,0.6019
2024-01-09 22:00:00,0.5724
2024-01-09 23:00:00,0.5402
2024-01-10 00:00:00,0.5081
2024-01-10 01:00:00,0.4858
2024-01-10 02:00:00,0.476
2024-01-10 03:00:00,0.4843
2024-01-10 04:00:00,0.5071
2024-01-10 05:00:00,0.5363
2024-01-10 06:00:00,0.5616
2024-01-10 07:00:00,0.5791
2024-01-10 08:00:00,0.585
2024-01-10 09:00:00,0.5778
2024-01-10 10:00:00,0.5683
2024-01-10 11:00:00,0.5679
2024-01-10 12:00:00,0.5785
2024-01-10 13:00:00,0.5965
2024-01-10 14:00:00,0.6193
2024-01-10 15:00:00,0.645
2024-01-10 16:00:00,0.6534
2024-01-10 17:00:00,0.6365
2024-01-10 18:00:00,0.6007
2024-01-10 19:00:00,0.5487
2024-01-10 20:00:00,0.4794
2024-01-10 21:00:00,0.4005
2024-01-10 22:00:00,0.3293
2024-01-10 23:00:00,0.2908
2024-01-11 00:00:00,0.2939
2024-01-11 01:00:00,0.3073
2024-01-11 02:00:00,0.324
2024-01-11 03:00:00,0.366
2024-01-11 04:00:00,0.4538
2024-01-11 05:00:00,0.5335
2024-01-11 06:00:00,0.5735
2024-01-11 07:00:00,0.5965
2024-01-11 08:00:00,0.609
2024-01-11 09:00:00,0.6222
2024-01-11 10:00:00,0.633
2024-01-11 11:00:00,0.6498
2024-01-11 12:00:00,0.685
2024-01-11 13:00:00,0.7382
2024-01-11 14:00:00,0.7982
2024-01-11 15:00:00,0.8281
2024-01-11 16:00:00,0.8351
2024-01-11 17:00:00,0.8229
2024-01-11 18:00:00,0.798
2024-01-11 19:00:00,0.7693
2024-01-11 20:00:00,0.739
2024-01-11 21:00:00,0.7022
2024-01-11 22:00:00,0.6612
2024-01-11 23:00:00,0.6347
2024-01-12 00:00:00,0.6394
2024-01-12 01:00:00,0.6708
2024-01-12 02:00:00,0.717
2024-01-12 03:00:00,0.7604
2024-01-12 04:00:00,0.796
2024-01-12 05:00:00,0.8142
2024-01-12 06:00:00,0.8118
2024-01-12 07:00:00,0.805
2024-01-12 08:00:00,0.7986
2024-01-12 09:00:00,0.7776
2024-01-12 10:00:00,0.747
2024-01-12 11:00:00,0.7072
2024-01-12 12:00:00,0.6674
2024-01-12 13:00:00,0.6363
2024-01-12 14:00:00,0.6096
2024-01-12 15:00:00,0.5957
2024-01-12 16:00:00,0.586
2024-01-12 17:00:00,0.5576
2024-01-12 18:00:00,0.5017
2024-01-12 19:00:00,0.4372
2024-01-12 20:00:00,0.3985
2024-01-12 21:00:00,0.3959
2024-01-12 22:00:00,0.4243
2024-01-12 23:00:00,0.4792
2024-01-13 00:00:00,0.5637
2024-01-13 01:00:00,0.667
2024-01-13 02:00:00,0.7617
2024-01-13 03:00:00,0.8246
2024-01-13 04:00:00,0.855
2024-01-13 05:00:00,0.8665
2024-01-13 06:00:00,0.8662
2024-01-13 07:00:00,0.858
2024-01-13 08:00:00,0.8429
2024-01-13 09:00:00,0.8256
2024-01-13 10:00:00,0.8099
2024-01-13 11:00:00,0.7941
2024-01-13 12:00:00,0.7851
2024-01-13 13:00:00,0.7909
2024-01-13 14:00:00,0.7986
2024-01-13 15:00:00,0.8081
2024-01-13 16:00:00,0.819
2024-01-13 17:00:00,0.8361
2024-01-13 18:00:00,0.847
2024-01-13 19:00:00,0.8474
2024-01-13 20:00:00,0.8464
2024-01-13 21:00:00,0.8443
2024-01-13 22:00:00,0.8434
2024-01-13 23:00:00,0.8479
2024-01-14 00:00:00,0.8517
2024-01-14 01:00:00,0.8543
2024-01-14 02:00:00,0.8461
2024-01-14 03:00:00,0.8292
2024-01-14 04:00:00,0.8037
2024-01-14 05:00:00,0.7726
2024-01-14 06:00:00,0.7452
2024-01-14 07:00:00,0.7311
2024-01-14 08:00:00,0.7342
2024-01-14 09:00:00,0.757
2024-01-14 10:00:00,0.7945
2024-01-14 11:00:00,0.835
2024-01-14 12:00:00,0.8704
2024-01-14 13:00:00,0.8943
2024-01-14 14:00:00,0.9111
2024-01-14 15:00:00,0.9259
2024-01-14 16:00:00,0.9389
2024-01-14 17:00:00,0.9504
2024-01-14 18:00:00,0.9603
2024-01-14 19:00:00,0.9649
2024-01-14 20:00:00,0.9658
2024-01-14 21:00:00,0.9649
2024-01-14 22:00:00,0.9647
2024-01-14 23:00:00,0.9681
2024-01-15 00:00:00,0.9725
2024-01-15 01:00:00,0.9738
2024-01-15 02:00:00,0.9732
2024-01-15 03:00:00,0.9756
2024-01-15 04:00:00,0.9788
2024-01-15 05:00:00,0.9815
2024-01-15 06:00:00,0.9834
2024-01-15 07:00:00,0.9847
2024-01-15 08:00:00,0.9851
2024-01-15 09:00:00,0.9862
2024-01-15 10:00:00,0.9876
2024-01-15 11:00:00,0.9881
2024-01-15 12:00:00,0.9885
2024-01-15 13:00:00,0.9881
2024-01-15 14:00:00,0.9872
2024-01-15 15:00:00,0.9859
2024-01-15 16:00:00,0.9835
2024-01-15 17:00:00,0.9796
2024-01-15 18:00:00,0.9729
2024-01-15 19:00:00,0.9638
2024-01-15 20:00:00,0.9498
2024-01-15 21:00:00,0.9309
2024-01-15 22:00:00,0.9115
2024-01-15 23:00:00,0.8951
2024-01-16 00:00:00,0.8788
2024-01-16 01:00:00,0.8558
2024-01-16 02:00:00,0.8277
2024-01-16 03:00:00,0.7975
2024-01-16 04:00:00,0.7718
2024-01-16 05:00:00,0.7526
2024-01-16 06:00:00,0.7369
2024-01-16 07:00:00,0.7223
2024-01-16 08:00:00,0.7136
2024-01-16 09:00:00,0.7206
2024-01-16 10:00:00,0.7292
2024-01-16 11:00:00,0.7335
2024-01-16 12:00:00,0.7308
2024-01-16 13:00:00,0.7215
2024-01-16 14:00:00,0.6934
2024-01-16 15:00:00,0.6803
2024-01-16 16:00:00,0.4952
2024-01-16 17:00:00,0.8053
2024-01-16 18:00:00,0.8913
2024-01-16 19:00:00,0.9367
2024-01-16 20:00:00,0.949
2024-01-16 21:00:00,0.9415
2024-01-16 22:00:00,0.9401
2024-01-16 23:00:00,0.9477
2024-01-17 00:00:00,0.9505
2024-01-17 01:00:00,0.9354
2024-01-17 02:00:00,0.9041
2024-01-17 03:00:00,0.854
2024-01-17 04:00:00,0.7828
2024-01-17 05:00:00,0.696
2024-01-17 06:00:00,0.582
2024-01-17 07:00:00,0.4371
2024-01-17 08:00:00,0.3195
2024-01-17 09:00:00,0.2597
2024-01-17 10:00:00,0.2389
2024-01-17 11:00:00,0.2437
2024-01-17 12:00:00,0.2857
2024-01-17 13:00:00,0.3851
2024-01-17 14:00:00,0.494
2024-01-17 15:00:00,0.5659
2024-01-17 16:00:00,0.5976
2024-01-17 17:00:00,0.5976
2024-01-17 18:00:00,0.5844
2024-01-17 19:00:00,0.57
2024-01-17 20:00:00,0.5563
2024-01-17 21:00:00,0.552
2024-01-17 22:00:00,0.5561
2024-01-17 23:00:00,0.5643
2024-01-18 00:00:00,0.5858
2024-01-18 01:00:00,0.6137
2024-01-18 02:00:00,0.6412
2024-01-18 03:00:00,0.6607
2024-01-18 04:00:00,0.6718
2024-01-18 05:00:00,0.6697
2024-01-18 06:00:00,0.6533
2024-01-18 07:00:00,0.6352
2024-01-18 08:00:00,0.6255
2024-01-18 09:00:00,0.6124
2024-01-18 10:00:00,0.5865
2024-01-18 11:00:00,0.5671
2024-01-18 12:00:00,0.5697
2024-01-18 13:00:00,0.5891
2024-01-18 14:00:00,0.6152
2024-01-18 15:00:00,0.6369
2024-01-18 16:00:00,0.6595
2024-01-18 17:00:00,0.6972
2024-01-18 18:00:00,0.7525
2024-01-18 19:00:00,0.8112
2024-01-18 20:00:00,0.8609
2024-01-18 21:00:00,0.8916
2024-01-18 22:00:00,0.9067
2024-01-18 23:00:00,0.9179
2024-01-19 00:00:00,0.9252
2024-01-19 01:00:00,0.9239
2024-01-19 02:00:00,0.9181
2024-01-19 03:00:00,0.9023
2024-01-19 04:00:00,0.8728
2024-01-19 05:00:00,0.8287
2024-01-19 06:00:00,0.7818
2024-01-19 07:00:00,0.7508
2024-01-19 08:00:00,0.7544
2024-01-19 09:00:00,0.7816
2024-01-19 10:00:00,0.8237
2024-01-19 11:00:00,0.8629
2024-01-19 12:00:00,0.8905
2024-01-19 13:00:00,0.9096
2024-01-19 14:00:00,0.9226
2024-01-19 15:00:00,0.9271
2024-01-19 16:00:00,0.9288
2024-01-19 17:00:00,0.9314
2024-01-19 18:00:00,0.936
2024-01-19 19:00:00,0.9385
2024-01-19 20:00:00,0.9426
2024-01-19 21:00:00,0.9519
2024-01-19 22:00:00,0.9606
2024-01-19 23:00:00,0.967
2024-01-20 00:00:00,0.971
2024-01-20 01:00:00,0.9732
2024-01-20 02:00:00,0.9758
2024-01-20 03:00:00,0.9778
2024-01-20 04:00:00,0.9785
2024-01-20 05:00:00,0.9784
2024-01-20 06:00:00,0.979
2024-01-20 07:00:00,0.9791
2024-01-20 08:00:00,0.98
2024-01-20 09:00:00,0.9793
2024-01-20 10:00:00,0.9787
2024-01-20 11:00:00,0.9769
2024-01-20 12:00:00,0.9747
2024-01-20 13:00:00,0.9725
2024-01-20 14:00:00,0.9705
2024-01-20 15:00:00,0.9696
2024-01-20 16:00:00,0.9708
2024-01-20 17:00:00,0.9723
2024-01-20 18:00:00,0.975
2024-01-20 19:00:00,0.9782
2024-01-20 20:00:00,0.9818
2024-01-20 21:00:00,0.985
2024-01-20 22:00:00,0.9866
2024-01-20 23:00:00,0.986
2024-01-21 00:00:00,0.9827
2024-01-21 01:00:00,0.9759
2024-01-21 02:00:00,0.9734
2024-01-21 03:00:00,0.9752
2024-01-21 04:00:00,0.9711
2024-01-21 05:00:00,0.967
2024-01-21 06:00:00,0.9687
2024-01-21 07:00:00,0.9765
2024-01-21 08:00:00,0.9806
2024-01-21 09:00:00,0.9837
2024-01-21 10:00:00,0.9851
2024-01-21 11:00:00,0.9871
2024-01-21 12:00:00,0.9892
2024-01-21 13:00:00,0.9896
2024-01-21 14:00:00,0.9902
2024-01-21 15:00:00,0.9892
2024-01-21 16:00:00,0.9728
2024-01-21 17:00:00,0.922
2024-01-21 18:00:00,0.8675
2024-01-21 19:00:00,0.7415
2024-01-21 20:00:00,0.5743
2024-01-21 21:00:00,0.373
2024-01-21 22:00:00,0.2523
2024-01-21 23:00:00,0.19
2024-01-22 00:00:00,0.1723
2024-01-22 01:00:00,0.1885
2024-01-22 02:00:00,0.2101
2024-01-22 03:00:00,0.2589
2024-01-22 04:00:00,0.4356
2024-01-22 05:00:00,0.6656
2024-01-22 06:00:00,0.8353
2024-01-22 07:00:00,0.9171
2024-01-22 08:00:00,0.9555
2024-01-22 09:00:00,0.9667
2024-01-22 10:00:00,0.9695
2024-01-22 11:00:00,0.973
2024-01-22 12:00:00,0.9762
2024-01-22 13:00:00,0.9779
2024-01-22 14:00:00,0.9788
2024-01-22 15:00:00,0.9801
2024-01-22 16:00:00,0.9822
2024-01-22 17:00:00,0.9827
2024-01-22 18:00:00,0.9807
2024-01-22 19:00:00,0.9767
2024-01-22 20:00:00,0.9744
2024-01-22 21:00:00,0.9718
2024-01-22 22:00:00,0.9689
2024-01-22 23:00:00,0.9713
2024-01-23 00:00:00,0.9729
2024-01-23 01:00:00,0.9734
2024-01-23 02:00:00,0.9771
2024-01-23 03:00:00,0.9861
2024-01-23 04:00:00,0.9867
2024-01-23 05:00:00,0.9811
2024-01-23 06:00:00,0.9675
2024-01-23 07:00:00,0.9411
2024-01-23 08:00:00,0.8901
2024-01-23 09:00:00,0.8474
2024-01-23 10:00:00,0.8434
2024-01-23 11:00:00,0.8631
2024-01-23 12:00:00,0.9025
2024-01-23 13:00:00,0.9435
2024-01-23 14:00:00,0.9738
2024-01-23 15:00:00,0.9817
2024-01-23 16:00:00,0.9695
2024-01-23 17:00:00,0.956
2024-01-23 18:00:00,0.9502
2024-01-23 19:00:00,0.9482
2024-01-23 20:00:00,0.939
2024-01-23 21:00:00,0.8973
2024-01-23 22:00:00,0.8692
2024-01-23 23:00:00,0.7833
2024-01-24 00:00:00,0.7175
2024-01-24 01:00:00,0.6763
2024-01-24 02:00:00,0.6512
2024-01-24 03:00:00,0.6076
2024-01-24 04:00:00,0.5583
2024-01-24 05:00:00,0.5795
2024-01-24 06:00:00,0.587
2024-01-24 07:00:00,0.5896
2024-01-24 08:00:00,0.6106
2024-01-24 09:00:00,0.6359
2024-01-24 10:00:00,0.6765
2024-01-24 11:00:00,0.762
2024-01-24 12:00:00,0.8547
2024-01-24 13:00:00,0.9109
2024-01-24 14:00:00,0.9473
2024-01-24 15:00:00,0.9641
2024-01-24 16:00:00,0.9703
2024-01-24 17:00:00,0.9692
2024-01-24 18:00:00,0.9649
2024-01-24 19:00:00,0.9626
2024-01-24 20:00:00,0.96
2024-01-24 21:00:00,0.9536
2024-01-24 22:00:00,0.9442
2024-01-24 23:00:00,0.9296
2024-01-25 00:00:00,0.9081
2024-01-25 01:00:00,0.8731
2024-01-25 02:00:00,0.8233
2024-01-25 03:00:00,0.7442
2024-01-25 04:00:00,0.6403
2024-01-25 05:00:00,0.5345
2024-01-25 06:00:00,0.4625
2024-01-25 07:00:00,0.424
2024-01-25 08:00:00,0.3946
2024-01-25 09:00:00,0.3786
2024-01-25 10:00:00,0.4478
2024-01-25 11:00:00,0.5676
2024-01-25 12:00:00,0.6727
2024-01-25 13:00:00,0.747
2024-01-25 14:00:00,0.7887
2024-01-25 15:00:00,0.8196
2024-01-25 16:00:00,0.8427
2024-01-25 17:00:00,0.8672
2024-01-25 18:00:00,0.8765
2024-01-25 19:00:00,0.8836
2024-01-25 20:00:00,0.9007
2024-01-25 21:00:00,0.915
2024-01-25 22:00:00,0.9293
2024-01-25 23:00:00,0.9418
2024-01-26 00:00:00,0.9632
2024-01-26 01:00:00,0.9735
2024-01-26 02:00:00,0.983
2024-01-26 03:00:00,0.9882
2024-01-26 04:00:00,0.9786
2024-01-26 05:00:00,0.9713
2024-01-26 06:00:00,0.9433
2024-01-26 07:00:00,0.9671
2024-01-26 08:00:00,0.9629
2024-01-26 09:00:00,0.9688
2024-01-26 10:00:00,0.9767
2024-01-26 11:00:00,0.982
2024-01-26 12:00:00,0.9844
2024-01-26 13:00:00,0.9835
2024-01-26 14:00:00,0.9777
2024-01-26 15:00:00,0.9632
2024-01-26 16:00:00,0.938
2024-01-26 17:00:00,0.9058
2024-01-26 18:00:00,0.8797
2024-01-26 19:00:00,0.8625
2024-01-26 20:00:00,0.8459
2024-01-26 21:00:00,0.8256
2024-01-26 22:00:00,0.8061
2024-01-26 23:00:00,0.7952
2024-01-27 00:00:00,0.7805
2024-01-27 01:00:00,0.7595
2024-01-27 02:00:00,0.7414
2024-01-27 03:00:00,0.7356
2024-01-27 04:00:00,0.7352
2024-01-27 05:00:00,0.7625
2024-01-27 06:00:00,0.8007
2024-01-27 07:00:00,0.8229
2024-01-27 08:00:00,0.8406
2024-01-27 09:00:00,0.8386
2024-01-27 10:00:00,0.8205
2024-01-27 11:00:00,0.8048
2024-01-27 12:00:00,0.7914
2024-01-27 13:00:00,0.7703
2024-01-27 14:00:00,0.7451
2024-01-27 15:00:00,0.7192
2024-01-27 16:00:00,0.702
2024-01-27 17:00:00,0.7112
2024-01-27 18:00:00,0.7328
2024-01-27 19:00:00,0.7477
2024-01-27 20:00:00,0.772
2024-01-27 21:00:00,0.782
2024-01-27 22:00:00,0.7715
2024-01-27 23:00:00,0.7606
2024-01-28 00:00:00,0.7518
2024-01-28 01:00:00,0.7537
2024-01-28 02:00:00,0.7702
2024-01-28 03:00:00,0.7995
2024-01-28 04:00:00,0.8211
2024-01-28 05:00:00,0.8286
2024-01-28 06:00:00,0.832
2024-01-28 07:00:00,0.8336
2024-01-28 08:00:00,0.8298
2024-01-28 09:00:00,0.8195
2024-01-28 10:00:00,0.8216
2024-01-28 11:00:00,0.8373
2024-01-28 12:00:00,0.8564
2024-01-28 13:00:00,0.8712
2024-01-28 14:00:00,0.8862
2024-01-28 15:00:00,0.9048
2024-01-28 16:00:00,0.9229
2024-01-28 17:00:00,0.9291
2024-01-28 18:00:00,0.9294
2024-01-28 19:00:00,0.9256
2024-01-28 20:00:00,0.9183
2024-01-28 21:00:00,0.9078
2024-01-28 22:00:00,0.8908
2024-01-28 23:00:00,0.8655
2024-01-29 00:00:00,0.834
2024-01-29 01:00:00,0.7977
2024-01-29 02:00:00,0.7648
2024-01-29 03:00:00,0.7384
2024-01-29 04:00:00,0.7082
2024-01-29 05:00:00,0.6706
2024-01-29 06:00:00,0.6328
2024-01-29 07:00:00,0.5986
2024-01-29 08:00:00,0.5505
2024-01-29 09:00:00,0.4747
2024-01-29 10:00:00,0.4229
2024-01-29 11:00:00,0.3874
2024-01-29 12:00:00,0.3566
2024-01-29 13:00:00,0.3365
2024-01-29 14:00:00,0.3698
2024-01-29 15:00:00,0.4535
2024-01-29 16:00:00,0.5522
2024-01-29 17:00:00,0.6514
2024-01-29 18:00:00,0.7207
2024-01-29 19:00:00,0.7601
2024-01-29 20:00:00,0.7895
2024-01-29 21:00:00,0.7976
2024-01-29 22:00:00,0.7972
2024-01-29 23:00:00,0.8034
2024-01-30 00:00:00,0.8153
2024-01-30 01:00:00,0.8414
2024-01-30 02:00:00,0.8666
2024-01-30 03:00:00,0.891
2024-01-30 04:00:00,0.9097
2024-01-30 05:00:00,0.9324
2024-01-30 06:00:00,0.9444
2024-01-30 07:00:00,0.9555
2024-01-30 08:00:00,0.9685
2024-01-30 09:00:00,0.9718
2024-01-30 10:00:00,0.9604
2024-01-30 11:00:00,0.9402
2024-01-30 12:00:00,0.9284
2024-01-30 13:00:00,0.927
2024-01-30 14:00:00,0.9268
2024-01-30 15:00:00,0.924
2024-01-30 16:00:00,0.9181
2024-01-30 17:00:00,0.8999
2024-01-30 18:00:00,0.8428
2024-01-30 19:00:00,0.745
2024-01-30 20:00:00,0.6781
2024-01-30 21:00:00,0.6255
2024-01-30 22:00:00,0.5461
2024-01-30 23:00:00,0.5147
2024-01-31 00:00:00,0.5079
2024-01-31 01:00:00,0.4779
2024-01-31 02:00:00,0.4727
2024-01-31 03:00:00,0.5096
2024-01-31 04:00:00,0.5679
2024-01-31 05:00:00,0.6413
2024-01-31 06:00:00,0.7186
2024-01-31 07:00:00,0.7837
2024-01-31 08:00:00,0.8365
2024-01-31 09:00:00,0.8783
2024-01-31 10:00:00,0.911
2024-01-31 11:00:00,0.9407
2024-01-31 12:00:00,0.9591
2024-01-31 13:00:00,0.9652
2024-01-31 14:00:00,0.9668
2024-01-31 15:00:00,0.9695
2024-01-31 16:00:00,0.9731
2024-01-31 17:00:00,0.9717
2024-01-31 18:00:00,0.9697
2024-01-31 19:00:00,0.9767
2024-01-31 20:00:00,0.9855
2024-01-31 21:00:00,0.9878
2024-01-31 22:00:00,0.9821
2024-01-31 23:00:00,0.9712
2024-02-01 00:00:00,0.9595
2024-02-01 01:00:00,0.9495
2024-02-01 02:00:00,0.9321
2024-02-01 03:00:00,0.918
2024-02-01 04:00:00,0.923
2024-02-01 05:00:00,0.9248
2024-02-01 06:00:00,0.9143
2024-02-01 07:00:00,0.8994
2024-02-01 08:00:00,0.8809
2024-02-01 09:00:00,0.8558
2024-02-01 10:00:00,0.8319
2024-02-01 11:00:00,0.8237
2024-02-01 12:00:00,0.8132
2024-02-01 13:00:00,0.7778
2024-02-01 14:00:00,0.7125
2024-02-01 15:00:00,0.6351
2024-02-01 16:00:00,0.5691
2024-02-01 17:00:00,0.5812
2024-02-01 18:00:00,0.6504
2024-02-01 19:00:00,0.7118
2024-02-01 20:00:00,0.7586
2024-02-01 21:00:00,0.7993
2024-02-01 22:00:00,0.8425
2024-02-01 23:00:00,0.8791
2024-02-02 00:00:00,0.9086
2024-02-02 01:00:00,0.94
2024-02-02 02:00:00,0.9436
2024-02-02 03:00:00,0.9391
2024-02-02 04:00:00,0.9375
2024-02-02 05:00:00,0.9311
2024-02-02 06:00:00,0.9197
2024-02-02 07:00:00,0.9176
2024-02-02 08:00:00,0.9189
2024-02-02 09:00:00,0.929
2024-02-02 10:00:00,0.9403
2024-02-02 11:00:00,0.9509
2024-02-02 12:00:00,0.9518
2024-02-02 13:00:00,0.9495
2024-02-02 14:00:00,0.9497
2024-02-02 15:00:00,0.9517
2024-02-02 16:00:00,0.958
2024-02-02 17:00:00,0.9667
2024-02-02 18:00:00,0.9669
2024-02-02 19:00:00,0.9666
2024-02-02 20:00:00,0.9704
2024-02-02 21:00:00,0.9718
2024-02-02 22:00:00,0.9753
2024-02-02 23:00:00,0.9766
2024-02-03 00:00:00,0.976
2024-02-03 01:00:00,0.9727
2024-02-03 02:00:00,0.9689
2024-02-03 03:00:00,0.9701
2024-02-03 04:00:00,0.97
2024-02-03 05:00:00,0.9672
2024-02-03 06:00:00,0.9656
2024-02-03 07:00:00,0.9654
2024-02-03 08:00:00,0.9643
2024-02-03 09:00:00,0.9645
2024-02-03 10:00:00,0.9678
2024-02-03 11:00:00,0.9645
2024-02-03 12:00:00,0.9627
2024-02-03 13:00:00,0.9511
2024-02-03 14:00:00,0.9342
2024-02-03 15:00:00,0.9162
2024-02-03 16:00:00,0.8994
2024-02-03 17:00:00,0.887
2024-02-03 18:00:00,0.8944
2024-02-03 19:00:00,0.9059
2024-02-03 20:00:00,0.9199
2024-02-03 21:00:00,0.9275
2024-02-03 22:00:00,0.9302
2024-02-03 23:00:00,0.9283
2024-02-04 00:00:00,0.9258
2024-02-04 01:00:00,0.934
2024-02-04 02:00:00,0.9446
2024-02-04 03:00:00,0.9508
2024-02-04 04:00:00,0.9544
2024-02-04 05:00:00,0.9549
2024-02-04 06:00:00,0.9589
2024-02-04 07:00:00,0.9628
2024-02-04 08:00:00,0.97
2024-02-04 09:00:00,0.9718
2024-02-04 10:00:00,0.9695
2024-02-04 11:00:00,0.9749
2024-02-04 12:00:00,0.9755
2024-02-04 13:00:00,0.9745
2024-02-04 14:00:00,0.975
2024-02-04 15:00:00,0.9761
2024-02-04 16:00:00,0.976
2024-02-04 17:00:00,0.9884
2024-02-04 18:00:00,0.9904
2024-02-04 19:00:00,0.9895
2024-02-04 20:00:00,0.9856
2024-02-04 21:00:00,0.9731
2024-02-04 22:00:00,0.9733
2024-02-04 23:00:00,0.97
2024-02-05 00:00:00,0.9734
2024-02-05 01:00:00,0.9711
2024-02-05 02:00:00,0.9797
2024-02-05 03:00:00,0.974
2024-02-05 04:00:00,0.976
2024-02-05 05:00:00,0.9785
2024-02-05 06:00:00,0.98
2024-02-05 07:00:00,0.9788
2024-02-05 08:00:00,0.9783
2024-02-05 09:00:00,0.9805
2024-02-05 10:00:00,0.9825
2024-02-05 11:00:00,0.9847
2024-02-05 12:00:00,0.9872
2024-02-05 13:00:00,0.9891
2024-02-05 14:00:00,0.9897
2024-02-05 15:00:00,0.9888
2024-02-05 16:00:00,0.9885
2024-02-05 17:00:00,0.9887
2024-02-05 18:00:00,0.9883
2024-02-05 19:00:00,0.9859
2024-02-05 20:00:00,0.9845
2024-02-05 21:00:00,0.9838
2024-02-05 22:00:00,0.9854
2024-02-05 23:00:00,0.9891
2024-02-06 00:00:00,0.9892
2024-02-06 01:00:00,0.9896
2024-02-06 02:00:00,0.9882
2024-02-06 03:00:00,0.9873
2024-02-06 04:00:00,0.983
2024-02-06 05:00:00,0.9748
2024-02-06 06:00:00,0.9655
2024-02-06 07:00:00,0.9696
2024-02-06 08:00:00,0.9495
2024-02-06 09:00:00,0.9402
2024-02-06 10:00:00,0.9427
2024-02-06 11:00:00,0.9486
2024-02-06 12:00:00,0.9541
2024-02-06 13:00:00,0.9429
2024-02-06 14:00:00,0.9534
2024-02-06 15:00:00,0.9696
2024-02-06 16:00:00,0.9729
2024-02-06 17:00:00,0.9637
2024-02-06 18:00:00,0.9613
2024-02-06 19:00:00,0.9509
2024-02-06 20:00:00,0.9517
2024-02-06 21:00:00,0.9528
2024-02-06 22:00:00,0.9293
2024-02-06 23:00:00,0.8438
2024-02-07 00:00:00,0.7665
2024-02-07 01:00:00,0.7796
2024-02-07 02:00:00,0.8093
2024-02-07 03:00:00,0.797
2024-02-07 04:00:00,0.7557
2024-02-07 05:00:00,0.6986
2024-02-07 06:00:00,0.6163
2024-02-07 07:00:00,0.5305
2024-02-07 08:00:00,0.4175
2024-02-07 09:00:00,0.291
2024-02-07 10:00:00,0.1747
2024-02-07 11:00:00,0.11
2024-02-07 12:00:00,0.1087
2024-02-07 13:00:00,0.1596
2024-02-07 14:00:00,0.2315
2024-02-07 15:00:00,0.2842
2024-02-07 16:00:00,0.3253
2024-02-07 17:00:00,0.3669
2024-02-07 18:00:00,0.3997
2024-02-07 19:00:00,0.4191
2024-02-07 20:00:00,0.4201
2024-02-07 21:00:00,0.4054
2024-02-07 22:00:00,0.3749
2024-02-07 23:00:00,0.3139
2024-02-08 00:00:00,0.2372
2024-02-08 01:00:00,0.1766
2024-02-08 02:00:00,0.1458
2024-02-08 03:00:00,0.1224
2024-02-08 04:00:00,0.1151
2024-02-08 05:00:00,0.1421
2024-02-08 06:00:00,0.1903
2024-02-08 07:00:00,0.256
2024-02-08 08:00:00,0.3179
2024-02-08 09:00:00,0.378
2024-02-08 10:00:00,0.4498
2024-02-08 11:00:00,0.5317
2024-02-08 12:00:00,0.6093
2024-02-08 13:00:00,0.6919
2024-02-08 14:00:00,0.7595
2024-02-08 15:00:00,0.789
2024-02-08 16:00:00,0.7802
2024-02-08 17:00:00,0.7689
2024-02-08 18:00:00,0.8021
2024-02-08 19:00:00,0.8452
2024-02-08 20:00:00,0.8902
2024-02-08 21:00:00,0.9112
2024-02-08 22:00:00,0.9365
2024-02-08 23:00:00,0.9475
2024-02-09 00:00:00,0.9525
2024-02-09 01:00:00,0.9494
2024-02-09 02:00:00,0.9488
2024-02-09 03:00:00,0.9451
2024-02-09 04:00:00,0.9379
2024-02-09 05:00:00,0.9327
2024-02-09 06:00:00,0.9353
2024-02-09 07:00:00,0.9512
2024-02-09 08:00:00,0.9544
2024-02-09 09:00:00,0.9482
2024-02-09 10:00:00,0.9368
2024-02-09 11:00:00,0.9093
2024-02-09 12:00:00,0.8837
2024-02-09 13:00:00,0.8854
2024-02-09 14:00:00,0.9012
2024-02-09 15:00:00,0.9067
2024-02-09 16:00:00,0.9276
2024-02-09 17:00:00,0.9396
2024-02-09 18:00:00,0.9466
2024-02-09 19:00:00,0.947
2024-02-09 20:00:00,0.9392
2024-02-09 21:00:00,0.9352
2024-02-09 22:00:00,0.9222
2024-02-09 23:00:00,0.9151
2024-02-10 00:00:00,0.9006
2024-02-10 01:00:00,0.8676
2024-02-10 02:00:00,0.8505
2024-02-10 03:00:00,0.8223
2024-02-10 04:00:00,0.7877
2024-02-10 05:00:00,0.7569
2024-02-10 06:00:00,0.7229
2024-02-10 07:00:00,0.6881
2024-02-10 08:00:00,0.6525
2024-02-10 09:00:00,0.611
2024-02-10 10:00:00,0.5397
2024-02-10 11:00:00,0.4519
2024-02-10 12:00:00,0.371
2024-02-10 13:00:00,0.3239
2024-02-10 14:00:00,0.3272
2024-02-10 15:00:00,0.3784
2024-02-10 16:00:00,0.4617
2024-02-10 17:00:00,0.5587
2024-02-10 18:00:00,0.6415
2024-02-10 19:00:00,0.6854
2024-02-10 20:00:00,0.6934
2024-02-10 21:00:00,0.6814
2024-02-10 22:00:00,0.6619
2024-02-10 23:00:00,0.6463
2024-02-11 00:00:00,0.6253
2024-02-11 01:00:00,0.6032
2024-02-11 02:00:00,0.5845
2024-02-11 03:00:00,0.5901
2024-02-11 04:00:00,0.6139
2024-02-11 05:00:00,0.6339
2024-02-11 06:00:00,0.6557
2024-02-11 07:00:00,0.6684
2024-02-11 08:00:00,0.6556
2024-02-11 09:00:00,0.6258
2024-02-11 10:00:00,0.6045
2024-02-11 11:00:00,0.5996
2024-02-11 12:00:00,0.5904
2024-02-11 13:00:00,0.5802
2024-02-11 14:00:00,0.5811
2024-02-11 15:00:00,0.5781
2024-02-11 16:00:00,0.5888
2024-02-11 17:00:00,0.6022
2024-02-11 18:00:00,0.6137
2024-02-11 19:00:00,0.4445
2024-02-11 20:00:00,0.6683
2024-02-11 21:00:00,0.6962
2024-02-11 22:00:00,0.7263
2024-02-11 23:00:00,0.7381
2024-02-12 00:00:00,0.7385
2024-02-12 01:00:00,0.7181
2024-02-12 02:00:00,0.6917
2024-02-12 03:00:00,0.6635
2024-02-12 04:00:00,0.6326
2024-02-12 05:00:00,0.6036
2024-02-12 06:00:00,0.5788
2024-02-12 07:00:00,0.5477
2024-02-12 08:00:00,0.5303
2024-02-12 09:00:00,0.5456
2024-02-12 10:00:00,0.5876
2024-02-12 11:00:00,0.6347
2024-02-12 12:00:00,0.6583
2024-02-12 13:00:00,0.6567
2024-02-12 14:00:00,0.653
2024-02-12 15:00:00,0.6577
2024-02-12 16:00:00,0.6599
2024-02-12 17:00:00,0.6664
2024-02-12 18:00:00,0.6848
2024-02-12 19:00:00,0.6998
2024-02-12 20:00:00,0.7295
2024-02-12 21:00:00,0.7685
2024-02-12 22:00:00,0.8144
2024-02-12 23:00:00,0.8362
2024-02-13 00:00:00,0.8593
2024-02-13 01:00:00,0.8782
2024-02-13 02:00:00,0.8915
2024-02-13 03:00:00,0.8899
2024-02-13 04:00:00,0.883
2024-02-13 05:00:00,0.8762
2024-02-13 06:00:00,0.8584
2024-02-13 07:00:00,0.8431
2024-02-13 08:00:00,0.8334
2024-02-13 09:00:00,0.821
2024-02-13 10:00:00,0.814
2024-02-13 11:00:00,0.8125
2024-02-13 12:00:00,0.8127
2024-02-13 13:00:00,0.8083
2024-02-13 14:00:00,0.8004
2024-02-13 15:00:00,0.8063
2024-02-13 16:00:00,0.8219
2024-02-13 17:00:00,0.8432
2024-02-13 18:00:00,0.8874
2024-02-13 19:00:00,0.9071
2024-02-13 20:00:00,0.904
2024-02-13 21:00:00,0.8915
2024-02-13 22:00:00,0.8585
2024-02-13 23:00:00,0.8329
2024-02-14 00:00:00,0.7971
2024-02-14 01:00:00,0.7319
2024-02-14 02:00:00,0.6775
2024-02-14 03:00:00,0.6557
2024-02-14 04:00:00,0.651
2024-02-14 05:00:00,0.6475
2024-02-14 06:00:00,0.6425
2024-02-14 07:00:00,0.6304
2024-02-14 08:00:00,0.6363
2024-02-14 09:00:00,0.6615
2024-02-14 10:00:00,0.7005
2024-02-14 11:00:00,0.772
2024-02-14 12:00:00,0.8353
2024-02-14 13:00:00,0.8932
2024-02-14 14:00:00,0.9247
2024-02-14 15:00:00,0.9275
2024-02-14 16:00:00,0.9238
2024-02-14 17:00:00,0.9132
2024-02-14 18:00:00,0.9077
2024-02-14 19:00:00,0.9063
2024-02-14 20:00:00,0.9169
2024-02-14 21:00:00,0.9127
2024-02-14 22:00:00,0.8957
2024-02-14 23:00:00,0.8855
2024-02-15 00:00:00,0.8737
2024-02-15 01:00:00,0.8685
2024-02-15 02:00:00,0.8687
2024-02-15 03:00:00,0.8671
2024-02-15 04:00:00,0.8746
2024-02-15 05:00:00,0.8971
2024-02-15 06:00:00,0.8945
2024-02-15 07:00:00,0.8903
2024-02-15 08:00:00,0.8992
2024-02-15 09:00:00,0.9163
2024-02-15 10:00:00,0.9228
2024-02-15 11:00:00,0.9213
2024-02-15 12:00:00,0.919
2024-02-15 13:00:00,0.9171
2024-02-15 14:00:00,0.9163
2024-02-15 15:00:00,0.9233
2024-02-15 16:00:00,0.9293
2024-02-15 17:00:00,0.942
2024-02-15 18:00:00,0.9562
2024-02-15 19:00:00,0.9541
2024-02-15 20:00:00,0.9503
2024-02-15 21:00:00,0.9415
2024-02-15 22:00:00,0.935
2024-02-15 23:00:00,0.9249
2024-02-16 00:00:00,0.9048
2024-02-16 01:00:00,0.8684
2024-02-16 02:00:00,0.8414
2024-02-16 03:00:00,0.8344
2024-02-16 04:00:00,0.8296
2024-02-16 05:00:00,0.812
2024-02-16 06:00:00,0.7967
2024-02-16 07:00:00,0.7956
2024-02-16 08:00:00,0.8133
2024-02-16 09:00:00,0.832
2024-02-16 10:00:00,0.8391
2024-02-16 11:00:00,0.8325
2024-02-16 12:00:00,0.8011
2024-02-16 13:00:00,0.7561
2024-02-16 14:00:00,0.7382
2024-02-16 15:00:00,0.7344
2024-02-16 16:00:00,0.7526
2024-02-16 17:00:00,0.7644
2024-02-16 18:00:00,0.7755
2024-02-16 19:00:00,0.7736
2024-02-16 20:00:00,0.7541
2024-02-16 21:00:00,0.7231
2024-02-16 22:00:00,0.6793
2024-02-16 23:00:00,0.6287
2024-02-17 00:00:00,0.5566
2024-02-17 01:00:00,0.502
2024-02-17 02:00:00,0.4597
2024-02-17 03:00:00,0.4032
2024-02-17 04:00:00,0.3238
2024-02-17 05:00:00,0.2451
2024-02-17 06:00:00,0.1728
2024-02-17 07:00:00,0.0827
2024-02-17 08:00:00,0.0612
2024-02-17 09:00:00,0.0596
2024-02-17 10:00:00,0.1044
2024-02-17 11:00:00,0.1642
2024-02-17 12:00:00,0.2214
2024-02-17 13:00:00,0.2937
2024-02-17 14:00:00,0.3944
2024-02-17 15:00:00,0.504
2024-02-17 16:00:00,0.6283
2024-02-17 17:00:00,0.7379
2024-02-17 18:00:00,0.8206
2024-02-17 19:00:00,0.8762
2024-02-17 20:00:00,0.9131
2024-02-17 21:00:00,0.9375
2024-02-17 22:00:00,0.9537
2024-02-17 23:00:00,0.9645
2024-02-18 00:00:00,0.9728
2024-02-18 01:00:00,0.9744
2024-02-18 02:00:00,0.9802
2024-02-18 03:00:00,0.9801
2024-02-18 04:00:00,0.9722
2024-02-18 05:00:00,0.9625
2024-02-18 06:00:00,0.9463
2024-02-18 07:00:00,0.9196
2024-02-18 08:00:00,0.8916
2024-02-18 09:00:00,0.8765
2024-02-18 10:00:00,0.8464
2024-02-18 11:00:00,0.823
2024-02-18 12:00:00,0.8125
2024-02-18 13:00:00,0.7887
2024-02-18 14:00:00,0.8047
2024-02-18 15:00:00,0.846
2024-02-18 16:00:00,0.8834
2024-02-18 17:00:00,0.899
2024-02-18 18:00:00,0.9085
2024-02-18 19:00:00,0.8984
2024-02-18 20:00:00,0.8906
2024-02-18 21:00:00,0.8709
2024-02-18 22:00:00,0.8307
2024-02-18 23:00:00,0.8062
2024-02-19 00:00:00,0.7944
2024-02-19 01:00:00,0.7776
2024-02-19 02:00:00,0.7605
2024-02-19 03:00:00,0.7786
2024-02-19 04:00:00,0.7937
2024-02-19 05:00:00,0.7843
2024-02-19 06:00:00,0.767
2024-02-19 07:00:00,0.7711
2024-02-19 08:00:00,0.8097
2024-02-19 09:00:00,0.8498
2024-02-19 10:00:00,0.8506
2024-02-19 11:00:00,0.8446
2024-02-19 12:00:00,0.8711
2024-02-19 13:00:00,0.8827
2024-02-19 14:00:00,0.888
2024-02-19 15:00:00,0.9062
2024-02-19 16:00:00,0.9005
2024-02-19 17:00:00,0.8819
2024-02-19 18:00:00,0.8653
2024-02-19 19:00:00,0.8502
2024-02-19 20:00:00,0.8236
2024-02-19 21:00:00,0.7824
2024-02-19 22:00:00,0.6851
2024-02-19 23:00:00,0.6365
2024-02-20 00:00:00,0.6496
2024-02-20 01:00:00,0.6423
2024-02-20 02:00:00,0.6318
2024-02-20 03:00:00,0.6154
2024-02-20 04:00:00,0.6093
2024-02-20 05:00:00,0.6213
2024-02-20 06:00:00,0.659
2024-02-20 07:00:00,0.7194
2024-02-20 08:00:00,0.7793
2024-02-20 09:00:00,0.8309
2024-02-20 10:00:00,0.8628
2024-02-20 11:00:00,0.8832
2024-02-20 12:00:00,0.9032
2024-02-20 13:00:00,0.9126
2024-02-20 14:00:00,0.927
2024-02-20 15:00:00,0.9408
2024-02-20 16:00:00,0.9432
2024-02-20 17:00:00,0.9517
2024-02-20 18:00:00,0.9639
2024-02-20 19:00:00,0.9805
2024-02-20 20:00:00,0.9773
2024-02-20 21:00:00,0.9729
2024-02-20 22:00:00,0.9738
2024-02-20 23:00:00,0.9636
2024-02-21 00:00:00,0.9364
2024-02-21 01:00:00,0.8861
2024-02-21 02:00:00,0.8353
2024-02-21 03:00:00,0.7632
2024-02-21 04:00:00,0.6761
2024-02-21 05:00:00,0.6634
2024-02-21 06:00:00,0.7241
2024-02-21 07:00:00,0.8207
2024-02-21 08:00:00,0.8703
2024-02-21 09:00:00,0.9172
2024-02-21 10:00:00,0.9535
2024-02-21 11:00:00,0.9713
2024-02-21 12:00:00,0.982
2024-02-21 13:00:00,0.9896
2024-02-21 14:00:00,0.9884
2024-02-21 15:00:00,0.9863
2024-02-21 16:00:00,0.9876
2024-02-21 17:00:00,0.9897
2024-02-21 18:00:00,0.9889
2024-02-21 19:00:00,0.9832
2024-02-21 20:00:00,0.9762
2024-02-21 21:00:00,0.9683
2024-02-21 22:00:00,0.9538
2024-02-21 23:00:00,0.8906
2024-02-22 00:00:00,0.8197
2024-02-22 01:00:00,0.7384
2024-02-22 02:00:00,0.6722
2024-02-22 03:00:00,0.6639
2024-02-22 04:00:00,0.6912
2024-02-22 05:00:00,0.7441
2024-02-22 06:00:00,0.808
2024-02-22 07:00:00,0.8571
2024-02-22 08:00:00,0.894
2024-02-22 09:00:00,0.9145
2024-02-22 10:00:00,0.9386
2024-02-22 11:00:00,0.9655
2024-02-22 12:00:00,0.97
2024-02-22 13:00:00,0.9778
2024-02-22 14:00:00,0.9788
2024-02-22 15:00:00,0.9633
2024-02-22 16:00:00,0.918
2024-02-22 17:00:00,0.8059
2024-02-22 18:00:00,0.8103
2024-02-22 19:00:00,0.8586
2024-02-22 20:00:00,0.8259
2024-02-22 21:00:00,0.9145
2024-02-22 22:00:00,0.9298
2024-02-22 23:00:00,0.8295
2024-02-23 00:00:00,0.9247
2024-02-23 01:00:00,0.9503
2024-02-23 02:00:00,0.9709
2024-02-23 03:00:00,0.9752
2024-02-23 04:00:00,0.9794
2024-02-23 05:00:00,0.9823
2024-02-23 06:00:00,0.9823
2024-02-23 07:00:00,0.9773
2024-02-23 08:00:00,0.9698
2024-02-23 09:00:00,0.9573
2024-02-23 10:00:00,0.9421
2024-02-23 11:00:00,0.9289
2024-02-23 12:00:00,0.911
2024-02-23 13:00:00,0.8831
2024-02-23 14:00:00,0.8561
2024-02-23 15:00:00,0.8211
2024-02-23 16:00:00,0.7596
2024-02-23 17:00:00,0.6834
2024-02-23 18:00:00,0.6485
2024-02-23 19:00:00,0.6631
2024-02-23 20:00:00,0.6896
2024-02-23 21:00:00,0.7031
2024-02-23 22:00:00,0.6931
2024-02-23 23:00:00,0.6693
2024-02-24 00:00:00,0.6301
2024-02-24 01:00:00,0.5941
2024-02-24 02:00:00,0.5638
2024-02-24 03:00:00,0.5532
2024-02-24 04:00:00,0.5674
2024-02-24 05:00:00,0.6025
2024-02-24 06:00:00,0.6368
2024-02-24 07:00:00,0.6595
2024-02-24 08:00:00,0.6775
2024-02-24 09:00:00,0.675
2024-02-24 10:00:00,0.6578
2024-02-24 11:00:00,0.6399
2024-02-24 12:00:00,0.6115
2024-02-24 13:00:00,0.5648
2024-02-24 14:00:00,0.5146
2024-02-24 15:00:00,0.4726
2024-02-24 16:00:00,0.4573
2024-02-24 17:00:00,0.4728
2024-02-24 18:00:00,0.4966
2024-02-24 19:00:00,0.5011
2024-02-24 20:00:00,0.4724
2024-02-24 21:00:00,0.4263
2024-02-24 22:00:00,0.3618
2024-02-24 23:00:00,0.2745
2024-02-25 00:00:00,0.2076
2024-02-25 01:00:00,0.1636
2024-02-25 02:00:00,0.1345
2024-02-25 03:00:00,0.0965
2024-02-25 04:00:00,0.0639
2024-02-25 05:00:00,0.0482
2024-02-25 06:00:00,0.0448
2024-02-25 07:00:00,0.0481
2024-02-25 08:00:00,0.0553
2024-02-25 09:00:00,0.0657
2024-02-25 10:00:00,0.0737
2024-02-25 11:00:00,0.0734
2024-02-25 12:00:00,0.0619
2024-02-25 13:00:00,0.0473
2024-02-25 14:00:00,0.0472
2024-02-25 15:00:00,0.087
2024-02-25 16:00:00,0.1977
2024-02-25 17:00:00,0.3372
2024-02-25 18:00:00,0.4694
2024-02-25 19:00:00,0.5628
2024-02-25 20:00:00,0.6167
2024-02-25 21:00:00,0.6499
2024-02-25 22:00:00,0.6759
2024-02-25 23:00:00,0.703
2024-02-26 00:00:00,0.7327
2024-02-26 01:00:00,0.7624
2024-02-26 02:00:00,0.7995
2024-02-26 03:00:00,0.8419
2024-02-26 04:00:00,0.8727
2024-02-26 05:00:00,0.8933
2024-02-26 06:00:00,0.9104
2024-02-26 07:00:00,0.9208
2024-02-26 08:00:00,0.9235
2024-02-26 09:00:00,0.9239
2024-02-26 10:00:00,0.9235
2024-02-26 11:00:00,0.9216
2024-02-26 12:00:00,0.9193
2024-02-26 13:00:00,0.9166
2024-02-26 14:00:00,0.9134
2024-02-26 15:00:00,0.9076
2024-02-26 16:00:00,0.8966
2024-02-26 17:00:00,0.8785
2024-02-26 18:00:00,0.8489
2024-02-26 19:00:00,0.8115
2024-02-26 20:00:00,0.7723
2024-02-26 21:00:00,0.7348
2024-02-26 22:00:00,0.6928
2024-02-26 23:00:00,0.6439
2024-02-27 00:00:00,0.5839
2024-02-27 01:00:00,0.5214
2024-02-27 02:00:00,0.4553
2024-02-27 03:00:00,0.4033
2024-02-27 04:00:00,0.3588
2024-02-27 05:00:00,0.3088
2024-02-27 06:00:00,0.253
2024-02-27 07:00:00,0.1931
2024-02-27 08:00:00,0.1411
2024-02-27 09:00:00,0.1173
2024-02-27 10:00:00,0.1277
2024-02-27 11:00:00,0.16
2024-02-27 12:00:00,0.2029
2024-02-27 13:00:00,0.2471
2024-02-27 14:00:00,0.2864
2024-02-27 15:00:00,0.3276
2024-02-27 16:00:00,0.3717
2024-02-27 17:00:00,0.4198
2024-02-27 18:00:00,0.4665
2024-02-27 19:00:00,0.5096
2024-02-27 20:00:00,0.5556
2024-02-27 21:00:00,0.6049
2024-02-27 22:00:00,0.6514
2024-02-27 23:00:00,0.6704
2024-02-28 00:00:00,0.6427
2024-02-28 01:00:00,0.6145
2024-02-28 02:00:00,0.5713
2024-02-28 03:00:00,0.4724
2024-02-28 04:00:00,0.3974
2024-02-28 05:00:00,0.3524
2024-02-28 06:00:00,0.2998
2024-02-28 07:00:00,0.2611
2024-02-28 08:00:00,0.2687
2024-02-28 09:00:00,0.3318
2024-02-28 10:00:00,0.4326
2024-02-28 11:00:00,0.5427
2024-02-28 12:00:00,0.6336
2024-02-28 13:00:00,0.7007
2024-02-28 14:00:00,0.7719
2024-02-28 15:00:00,0.8428
2024-02-28 16:00:00,0.898
2024-02-28 17:00:00,0.9256
2024-02-28 18:00:00,0.9471
2024-02-28 19:00:00,0.962
2024-02-28 20:00:00,0.966
2024-02-28 21:00:00,0.9718
2024-02-28 22:00:00,0.975
2024-02-28 23:00:00,0.9729
2024-02-29 00:00:00,0.9761
2024-02-29 01:00:00,0.971
2024-02-29 02:00:00,0.9718
2024-02-29 03:00:00,0.9782
2024-02-29 04:00:00,0.98
2024-02-29 05:00:00,0.979
2024-02-29 06:00:00,0.9736
2024-02-29 07:00:00,0.9669
2024-02-29 08:00:00,0.9543
2024-02-29 09:00:00,0.9378
2024-02-29 10:00:00,0.9255
2024-02-29 11:00:00,0.9095
2024-02-29 12:00:00,0.8824
2024-02-29 13:00:00,0.856
2024-02-29 14:00:00,0.8384
2024-02-29 15:00:00,0.818
2024-02-29 16:00:00,0.7957
2024-02-29 17:00:00,0.7763
2024-02-29 18:00:00,0.7538
2024-02-29 19:00:00,0.7342
2024-02-29 20:00:00,0.7047
2024-02-29 21:00:00,0.6628
2024-02-29 22:00:00,0.606
2024-02-29 23:00:00,0.5705
2024-03-01 00:00:00,0.5736
2024-03-01 01:00:00,0.5603
2024-03-01 02:00:00,0.5247
2024-03-01 03:00:00,0.4797
2024-03-01 04:00:00,0.4585
2024-03-01 05:00:00,0.4659
2024-03-01 06:00:00,0.4626
2024-03-01 07:00:00,0.4607
2024-03-01 08:00:00,0.5245
2024-03-01 09:00:00,0.6484
2024-03-01 10:00:00,0.7805
2024-03-01 11:00:00,0.8793
2024-03-01 12:00:00,0.9423
2024-03-01 13:00:00,0.9745
2024-03-01 14:00:00,0.9814
2024-03-01 15:00:00,0.9735
2024-03-01 16:00:00,0.9536
2024-03-01 17:00:00,0.9357
2024-03-01 18:00:00,0.9188
2024-03-01 19:00:00,0.9052
2024-03-01 20:00:00,0.8929
2024-03-01 21:00:00,0.8759
2024-03-01 22:00:00,0.8895
2024-03-01 23:00:00,0.914
2024-03-02 00:00:00,0.9372
2024-03-02 01:00:00,0.9515
2024-03-02 02:00:00,0.9567
2024-03-02 03:00:00,0.9495
2024-03-02 04:00:00,0.9479
2024-03-02 05:00:00,0.9496
2024-03-02 06:00:00,0.9505
2024-03-02 07:00:00,0.9455
2024-03-02 08:00:00,0.9413
2024-03-02 09:00:00,0.9341
2024-03-02 10:00:00,0.9209
2024-03-02 11:00:00,0.8968
2024-03-02 12:00:00,0.8626
2024-03-02 13:00:00,0.8563
2024-03-02 14:00:00,0.8722
2024-03-02 15:00:00,0.8689
2024-03-02 16:00:00,0.8567
2024-03-02 17:00:00,0.8588
2024-03-02 18:00:00,0.8753
2024-03-02 19:00:00,0.8926
2024-03-02 20:00:00,0.8738
2024-03-02 21:00:00,0.8331
2024-03-02 22:00:00,0.799
2024-03-02 23:00:00,0.7379
2024-03-03 00:00:00,0.6595
2024-03-03 01:00:00,0.5934
2024-03-03 02:00:00,0.5494
2024-03-03 03:00:00,0.5434
2024-03-03 04:00:00,0.5395
2024-03-03 05:00:00,0.5235
2024-03-03 06:00:00,0.5031
2024-03-03 07:00:00,0.4722
2024-03-03 08:00:00,0.4412
2024-03-03 09:00:00,0.3919
2024-03-03 10:00:00,0.3489
2024-03-03 11:00:00,0.3058
2024-03-03 12:00:00,0.2464
2024-03-03 13:00:00,0.2099
2024-03-03 14:00:00,0.2218
2024-03-03 15:00:00,0.2841
2024-03-03 16:00:00,0.3216
2024-03-03 17:00:00,0.3296
2024-03-03 18:00:00,0.3148
2024-03-03 19:00:00,0.2815
2024-03-03 20:00:00,0.2377
2024-03-03 21:00:00,0.2009
2024-03-03 22:00:00,0.1809
2024-03-03 23:00:00,0.1601
2024-03-04 00:00:00,0.1555
2024-03-04 01:00:00,0.1784
2024-03-04 02:00:00,0.1991
2024-03-04 03:00:00,0.2021
2024-03-04 04:00:00,0.1702
2024-03-04 05:00:00,0.1162
2024-03-04 06:00:00,0.0665
2024-03-04 07:00:00,0.043
2024-03-04 08:00:00,0.05
2024-03-04 09:00:00,0.0851
2024-03-04 10:00:00,0.1291
2024-03-04 11:00:00,0.1578
2024-03-04 12:00:00,0.1461
2024-03-04 13:00:00,0.1077
2024-03-04 14:00:00,0.0766
2024-03-04 15:00:00,0.0615
2024-03-04 16:00:00,0.0659
2024-03-04 17:00:00,0.0986
2024-03-04 18:00:00,0.1505
2024-03-04 19:00:00,0.1938
2024-03-04 20:00:00,0.2208
2024-03-04 21:00:00,0.2333
2024-03-04 22:00:00,0.234
2024-03-04 23:00:00,0.2305
2024-03-05 00:00:00,0.2212
2024-03-05 01:00:00,0.2056
2024-03-05 02:00:00,0.1874
2024-03-05 03:00:00,0.1791
2024-03-05 04:00:00,0.1856
2024-03-05 05:00:00,0.2039
2024-03-05 06:00:00,0.2355
2024-03-05 07:00:00,0.2754
2024-03-05 08:00:00,0.3056
2024-03-05 09:00:00,0.3248
2024-03-05 10:00:00,0.3323
2024-03-05 11:00:00,0.3354
2024-03-05 12:00:00,0.3414
2024-03-05 13:00:00,0.35
2024-03-05 14:00:00,0.3809
2024-03-05 15:00:00,0.4197
2024-03-05 16:00:00,0.4522
2024-03-05 17:00:00,0.4857
2024-03-05 18:00:00,0.5163
2024-03-05 19:00:00,0.5409
2024-03-05 20:00:00,0.5548
2024-03-05 21:00:00,0.5601
2024-03-05 22:00:00,0.5588
2024-03-05 23:00:00,0.5508
2024-03-06 00:00:00,0.5374
2024-03-06 01:00:00,0.5228
2024-03-06 02:00:00,0.5101
2024-03-06 03:00:00,0.4965
2024-03-06 04:00:00,0.4791
2024-03-06 05:00:00,0.4632
2024-03-06 06:00:00,0.4523
2024-03-06 07:00:00,0.433
2024-03-06 08:00:00,0.4092
2024-03-06 09:00:00,0.3878
2024-03-06 10:00:00,0.3655
2024-03-06 11:00:00,0.3558
2024-03-06 12:00:00,0.3272
2024-03-06 13:00:00,0.2965
2024-03-06 14:00:00,0.2892
2024-03-06 15:00:00,0.3019
2024-03-06 16:00:00,0.3437
2024-03-06 17:00:00,0.4046
2024-03-06 18:00:00,0.4643
2024-03-06 19:00:00,0.5
2024-03-06 20:00:00,0.5101
2024-03-06 21:00:00,0.4973
2024-03-06 22:00:00,0.4727
2024-03-06 23:00:00,0.4412
2024-03-07 00:00:00,0.4094
2024-03-07 01:00:00,0.3821
2024-03-07 02:00:00,0.3695
2024-03-07 03:00:00,0.3883
2024-03-07 04:00:00,0.4353
2024-03-07 05:00:00,0.488
2024-03-07 06:00:00,0.5388
2024-03-07 07:00:00,0.5793
2024-03-07 08:00:00,0.6039
2024-03-07 09:00:00,0.6183
2024-03-07 10:00:00,0.648
2024-03-07 11:00:00,0.6728
2024-03-07 12:00:00,0.6896
2024-03-07 13:00:00,0.7174
2024-03-07 14:00:00,0.7547
2024-03-07 15:00:00,0.7806
2024-03-07 16:00:00,0.7949
2024-03-07 17:00:00,0.8237
2024-03-07 18:00:00,0.8429
2024-03-07 19:00:00,0.8471
2024-03-07 20:00:00,0.8422
2024-03-07 21:00:00,0.8313
2024-03-07 22:00:00,0.821
2024-03-07 23:00:00,0.8181
2024-03-08 00:00:00,0.8156
2024-03-08 01:00:00,0.8153
2024-03-08 02:00:00,0.8171
2024-03-08 03:00:00,0.8233
2024-03-08 04:00:00,0.842
2024-03-08 05:00:00,0.8618
2024-03-08 06:00:00,0.8798
2024-03-08 07:00:00,0.8939
2024-03-08 08:00:00,0.9022
2024-03-08 09:00:00,0.9033
2024-03-08 10:00:00,0.9077
2024-03-08 11:00:00,0.9162
2024-03-08 12:00:00,0.9237
2024-03-08 13:00:00,0.9285
2024-03-08 14:00:00,0.9287
2024-03-08 15:00:00,0.9346
2024-03-08 16:00:00,0.9406
2024-03-08 17:00:00,0.9438
2024-03-08 18:00:00,0.9444
2024-03-08 19:00:00,0.9381
2024-03-08 20:00:00,0.9296
2024-03-08 21:00:00,0.9222
2024-03-08 22:00:00,0.912
2024-03-08 23:00:00,0.895
2024-03-09 00:00:00,0.8747
2024-03-09 01:00:00,0.8653
2024-03-09 02:00:00,0.8517
2024-03-09 03:00:00,0.8396
2024-03-09 04:00:00,0.8249
2024-03-09 05:00:00,0.8163
2024-03-09 06:00:00,0.8167
2024-03-09 07:00:00,0.8125
2024-03-09 08:00:00,0.804
2024-03-09 09:00:00,0.8049
2024-03-09 10:00:00,0.8166
2024-03-09 11:00:00,0.8395
2024-03-09 12:00:00,0.8562
2024-03-09 13:00:00,0.8708
2024-03-09 14:00:00,0.8891
2024-03-09 15:00:00,0.9106
2024-03-09 16:00:00,0.9276
2024-03-09 17:00:00,0.9471
2024-03-09 18:00:00,0.9602
2024-03-09 19:00:00,0.9589
2024-03-09 20:00:00,0.9464
2024-03-09 21:00:00,0.9283
2024-03-09 22:00:00,0.9097
2024-03-09 23:00:00,0.8829
2024-03-10 00:00:00,0.8495
2024-03-10 01:00:00,0.856
2024-03-10 02:00:00,0.9008
2024-03-10 03:00:00,0.9245
2024-03-10 04:00:00,0.9236
2024-03-10 05:00:00,0.9092
2024-03-10 06:00:00,0.9041
2024-03-10 07:00:00,0.8951
2024-03-10 08:00:00,0.8808
2024-03-10 09:00:00,0.8553
2024-03-10 10:00:00,0.8306
2024-03-10 11:00:00,0.8066
2024-03-10 12:00:00,0.7788
2024-03-10 13:00:00,0.7776
2024-03-10 14:00:00,0.7809
2024-03-10 15:00:00,0.7949
2024-03-10 16:00:00,0.8012
2024-03-10 17:00:00,0.8087
2024-03-10 18:00:00,0.7985
2024-03-10 19:00:00,0.7598
2024-03-10 20:00:00,0.7087
2024-03-10 21:00:00,0.6763
2024-03-10 22:00:00,0.6686
2024-03-10 23:00:00,0.6667
2024-03-11 00:00:00,0.6664
2024-03-11 01:00:00,0.6643
2024-03-11 02:00:00,0.6589
2024-03-11 03:00:00,0.6543
2024-03-11 04:00:00,0.6532
2024-03-11 05:00:00,0.659
2024-03-11 06:00:00,0.6644
2024-03-11 07:00:00,0.6614
2024-03-11 08:00:00,0.6521
2024-03-11 09:00:00,0.6386
2024-03-11 10:00:00,0.6271
2024-03-11 11:00:00,0.6084
2024-03-11 12:00:00,0.5925
2024-03-11 13:00:00,0.591
2024-03-11 14:00:00,0.5986
2024-03-11 15:00:00,0.6003
2024-03-11 16:00:00,0.5937
2024-03-11 17:00:00,0.5908
2024-03-11 18:00:00,0.5752
2024-03-11 19:00:00,0.5389
2024-03-11 20:00:00,0.4925
2024-03-11 21:00:00,0.446
2024-03-11 22:00:00,0.39
2024-03-11 23:00:00,0.3445
2024-03-12 00:00:00,0.3129
2024-03-12 01:00:00,0.2939
2024-03-12 02:00:00,0.2775
2024-03-12 03:00:00,0.2381
2024-03-12 04:00:00,0.1941
2024-03-12 05:00:00,0.1664
2024-03-12 06:00:00,0.1424
2024-03-12 07:00:00,0.1194
2024-03-12 08:00:00,0.126
2024-03-12 09:00:00,0.1703
2024-03-12 10:00:00,0.2546
2024-03-12 11:00:00,0.3472
2024-03-12 12:00:00,0.3911
2024-03-12 13:00:00,0.4161
2024-03-12 14:00:00,0.4525
2024-03-12 15:00:00,0.5399
2024-03-12 16:00:00,0.6717
2024-03-12 17:00:00,0.7615
2024-03-12 18:00:00,0.8128
2024-03-12 19:00:00,0.8614
2024-03-12 20:00:00,0.8791
2024-03-12 21:00:00,0.8518
2024-03-12 22:00:00,0.7948
2024-03-12 23:00:00,0.7435
2024-03-13 00:00:00,0.7025
2024-03-13 01:00:00,0.6981
2024-03-13 02:00:00,0.7183
2024-03-13 03:00:00,0.7525
2024-03-13 04:00:00,0.7908
2024-03-13 05:00:00,0.8303
2024-03-13 06:00:00,0.8455
2024-03-13 07:00:00,0.8566
2024-03-13 08:00:00,0.8765
2024-03-13 09:00:00,0.8994
2024-03-13 10:00:00,0.9119
2024-03-13 11:00:00,0.9259
2024-03-13 12:00:00,0.9341
2024-03-13 13:00:00,0.9471
2024-03-13 14:00:00,0.9555
2024-03-13 15:00:00,0.9612
2024-03-13 16:00:00,0.9637
2024-03-13 17:00:00,0.965
2024-03-13 18:00:00,0.9628
2024-03-13 19:00:00,0.9602
2024-03-13 20:00:00,0.9589
2024-03-13 21:00:00,0.9556
2024-03-13 22:00:00,0.9504
2024-03-13 23:00:00,0.9412
2024-03-14 00:00:00,0.9328
2024-03-14 01:00:00,0.9264
2024-03-14 02:00:00,0.9215
2024-03-14 03:00:00,0.9133
2024-03-14 04:00:00,0.9017
2024-03-14 05:00:00,0.898
2024-03-14 06:00:00,0.8914
2024-03-14 07:00:00,0.8853
2024-03-14 08:00:00,0.8815
2024-03-14 09:00:00,0.8864
2024-03-14 10:00:00,0.89
2024-03-14 11:00:00,0.8916
2024-03-14 12:00:00,0.8926
2024-03-14 13:00:00,0.8929
2024-03-14 14:00:00,0.8936
2024-03-14 15:00:00,0.8989
2024-03-14 16:00:00,0.9109
2024-03-14 17:00:00,0.929
2024-03-14 18:00:00,0.9481
2024-03-14 19:00:00,0.9525
2024-03-14 20:00:00,0.9535
2024-03-14 21:00:00,0.9577
2024-03-14 22:00:00,0.9644
2024-03-14 23:00:00,0.9582
2024-03-15 00:00:00,0.96
2024-03-15 01:00:00,0.9646
2024-03-15 02:00:00,0.9684
2024-03-15 03:00:00,0.9654
2024-03-15 04:00:00,0.9597
2024-03-15 05:00:00,0.9559
2024-03-15 06:00:00,0.9583
2024-03-15 07:00:00,0.9648
2024-03-15 08:00:00,0.9672
2024-03-15 09:00:00,0.9731
2024-03-15 10:00:00,0.9802
2024-03-15 11:00:00,0.9809
2024-03-15 12:00:00,0.978
2024-03-15 13:00:00,0.9739
2024-03-15 14:00:00,0.9753
2024-03-15 15:00:00,0.9741
2024-03-15 16:00:00,0.9733
2024-03-15 17:00:00,0.971
2024-03-15 18:00:00,0.969
2024-03-15 19:00:00,0.9605
2024-03-15 20:00:00,0.9376
2024-03-15 21:00:00,0.9027
2024-03-15 22:00:00,0.8719
2024-03-15 23:00:00,0.8521
2024-03-16 00:00:00,0.8444
2024-03-16 01:00:00,0.8594
2024-03-16 02:00:00,0.88
2024-03-16 03:00:00,0.8819
2024-03-16 04:00:00,0.8681
2024-03-16 05:00:00,0.8405
2024-03-16 06:00:00,0.7844
2024-03-16 07:00:00,0.6969
2024-03-16 08:00:00,0.6016
2024-03-16 09:00:00,0.5232
2024-03-16 10:00:00,0.4757
2024-03-16 11:00:00,0.4513
2024-03-16 12:00:00,0.4405
2024-03-16 13:00:00,0.4123
2024-03-16 14:00:00,0.3412
2024-03-16 15:00:00,0.2567
2024-03-16 16:00:00,0.1964
2024-03-16 17:00:00,0.167
2024-03-16 18:00:00,0.1479
2024-03-16 19:00:00,0.1338
2024-03-16 20:00:00,0.1309
2024-03-16 21:00:00,0.1616
2024-03-16 22:00:00,0.228
2024-03-16 23:00:00,0.3244
2024-03-17 00:00:00,0.4347
2024-03-17 01:00:00,0.5379
2024-03-17 02:00:00,0.6223
2024-03-17 03:00:00,0.6913
2024-03-17 04:00:00,0.7386
2024-03-17 05:00:00,0.7747
2024-03-17 06:00:00,0.8009
2024-03-17 07:00:00,0.8212
2024-03-17 08:00:00,0.8362
2024-03-17 09:00:00,0.8581
2024-03-17 10:00:00,0.882
2024-03-17 11:00:00,0.8965
2024-03-17 12:00:00,0.9017
2024-03-17 13:00:00,0.9156
2024-03-17 14:00:00,0.9194
2024-03-17 15:00:00,0.9172
2024-03-17 16:00:00,0.9163
2024-03-17 17:00:00,0.9167
2024-03-17 18:00:00,0.9197
2024-03-17 19:00:00,0.9085
2024-03-17 20:00:00,0.8993
2024-03-17 21:00:00,0.8748
2024-03-17 22:00:00,0.835
2024-03-17 23:00:00,0.7731
2024-03-18 00:00:00,0.6988
2024-03-18 01:00:00,0.6264
2024-03-18 02:00:00,0.5577
2024-03-18 03:00:00,0.511
2024-03-18 04:00:00,0.4702
2024-03-18 05:00:00,0.4427
2024-03-18 06:00:00,0.4333
2024-03-18 07:00:00,0.4223
2024-03-18 08:00:00,0.4189
2024-03-18 09:00:00,0.4206
2024-03-18 10:00:00,0.4261
2024-03-18 11:00:00,0.427
2024-03-18 12:00:00,0.4052
2024-03-18 13:00:00,0.3756
2024-03-18 14:00:00,0.36
2024-03-18 15:00:00,0.3561
2024-03-18 16:00:00,0.349
2024-03-18 17:00:00,0.3743
2024-03-18 18:00:00,0.442
2024-03-18 19:00:00,0.5275
2024-03-18 20:00:00,0.6197
2024-03-18 21:00:00,0.7006
2024-03-18 22:00:00,0.7484
2024-03-18 23:00:00,0.7702
2024-03-19 00:00:00,0.7873
2024-03-19 01:00:00,0.799
2024-03-19 02:00:00,0.8039
2024-03-19 03:00:00,0.8075
2024-03-19 04:00:00,0.8048
2024-03-19 05:00:00,0.8057
2024-03-19 06:00:00,0.8188
2024-03-19 07:00:00,0.8315
2024-03-19 08:00:00,0.8452
2024-03-19 09:00:00,0.8619
2024-03-19 10:00:00,0.874
2024-03-19 11:00:00,0.8848
2024-03-19 12:00:00,0.8853
2024-03-19 13:00:00,0.8781
2024-03-19 14:00:00,0.8592
2024-03-19 15:00:00,0.832
2024-03-19 16:00:00,0.8026
2024-03-19 17:00:00,0.7505
2024-03-19 18:00:00,0.682
2024-03-19 19:00:00,0.5782
2024-03-19 20:00:00,0.4784
2024-03-19 21:00:00,0.4188
2024-03-19 22:00:00,0.3858
2024-03-19 23:00:00,0.3665
2024-03-20 00:00:00,0.3339
2024-03-20 01:00:00,0.2923
2024-03-20 02:00:00,0.2543
2024-03-20 03:00:00,0.2322
2024-03-20 04:00:00,0.2294
2024-03-20 05:00:00,0.2498
2024-03-20 06:00:00,0.277
2024-03-20 07:00:00,0.2894
2024-03-20 08:00:00,0.2837
2024-03-20 09:00:00,0.2609
2024-03-20 10:00:00,0.2427
2024-03-20 11:00:00,0.2417
2024-03-20 12:00:00,0.2461
2024-03-20 13:00:00,0.252
2024-03-20 14:00:00,0.2625
2024-03-20 15:00:00,0.291
2024-03-20 16:00:00,0.3476
2024-03-20 17:00:00,0.422
2024-03-20 18:00:00,0.5048
2024-03-20 19:00:00,0.5707
2024-03-20 20:00:00,0.6207
2024-03-20 21:00:00,0.6507
2024-03-20 22:00:00,0.6645
2024-03-20 23:00:00,0.6722
2024-03-21 00:00:00,0.6853
2024-03-21 01:00:00,0.6741
2024-03-21 02:00:00,0.6738
2024-03-21 03:00:00,0.6888
2024-03-21 04:00:00,0.614
2024-03-21 05:00:00,0.4529
2024-03-21 06:00:00,0.2563
2024-03-21 07:00:00,0.1001
2024-03-21 08:00:00,0.0481
2024-03-21 09:00:00,0.11
2024-03-21 10:00:00,0.2212
2024-03-21 11:00:00,0.3327
2024-03-21 12:00:00,0.4623
2024-03-21 13:00:00,0.5965
2024-03-21 14:00:00,0.7006
2024-03-21 15:00:00,0.775
2024-03-21 16:00:00,0.82
2024-03-21 17:00:00,0.8429
2024-03-21 18:00:00,0.8664
2024-03-21 19:00:00,0.8949
2024-03-21 20:00:00,0.9112
2024-03-21 21:00:00,0.9035
2024-03-21 22:00:00,0.8953
2024-03-21 23:00:00,0.8932
2024-03-22 00:00:00,0.9
2024-03-22 01:00:00,0.8938
2024-03-22 02:00:00,0.8909
2024-03-22 03:00:00,0.8955
2024-03-22 04:00:00,0.8993
2024-03-22 05:00:00,0.8997
2024-03-22 06:00:00,0.8846
2024-03-22 07:00:00,0.87
2024-03-22 08:00:00,0.8333
2024-03-22 09:00:00,0.7922
2024-03-22 10:00:00,0.7556
2024-03-22 11:00:00,0.7311
2024-03-22 12:00:00,0.7082
2024-03-22 13:00:00,0.6765
2024-03-22 14:00:00,0.6226
2024-03-22 15:00:00,0.5623
2024-03-22 16:00:00,0.4951
2024-03-22 17:00:00,0.459
2024-03-22 18:00:00,0.4701
2024-03-22 19:00:00,0.507
2024-03-22 20:00:00,0.5494
2024-03-22 21:00:00,0.6284
2024-03-22 22:00:00,0.7296
2024-03-22 23:00:00,0.7936
2024-03-23 00:00:00,0.8133
2024-03-23 01:00:00,0.8496
2024-03-23 02:00:00,0.8783
2024-03-23 03:00:00,0.8976
2024-03-23 04:00:00,0.9153
2024-03-23 05:00:00,0.9296
2024-03-23 06:00:00,0.9385
2024-03-23 07:00:00,0.9452
2024-03-23 08:00:00,0.9516
2024-03-23 09:00:00,0.9601
2024-03-23 10:00:00,0.9674
2024-03-23 11:00:00,0.9684
2024-03-23 12:00:00,0.9642
2024-03-23 13:00:00,0.9594
2024-03-23 14:00:00,0.9562
2024-03-23 15:00:00,0.9493
2024-03-23 16:00:00,0.9427
2024-03-23 17:00:00,0.9422
2024-03-23 18:00:00,0.9473
2024-03-23 19:00:00,0.9599
2024-03-23 20:00:00,0.9667
2024-03-23 21:00:00,0.9676
2024-03-23 22:00:00,0.9643
2024-03-23 23:00:00,0.9591
2024-03-24 00:00:00,0.9539
2024-03-24 01:00:00,0.9511
2024-03-24 02:00:00,0.9592
2024-03-24 03:00:00,0.9734
2024-03-24 04:00:00,0.9833
2024-03-24 05:00:00,0.9872
2024-03-24 06:00:00,0.9879
2024-03-24 07:00:00,0.9882
2024-03-24 08:00:00,0.9876
2024-03-24 09:00:00,0.9863
2024-03-24 10:00:00,0.985
2024-03-24 11:00:00,0.984
2024-03-24 12:00:00,0.9825
2024-03-24 13:00:00,0.9838
2024-03-24 14:00:00,0.9841
2024-03-24 15:00:00,0.9816
2024-03-24 16:00:00,0.9737
2024-03-24 17:00:00,0.9592
2024-03-24 18:00:00,0.933
2024-03-24 19:00:00,0.8917
2024-03-24 20:00:00,0.8322
2024-03-24 21:00:00,0.7632
2024-03-24 22:00:00,0.6828
2024-03-24 23:00:00,0.5949
2024-03-25 00:00:00,0.51
2024-03-25 01:00:00,0.4396
2024-03-25 02:00:00,0.388
2024-03-25 03:00:00,0.3409
2024-03-25 04:00:00,0.3037
2024-03-25 05:00:00,0.2687
2024-03-25 06:00:00,0.2293
2024-03-25 07:00:00,0.1898
2024-03-25 08:00:00,0.1673
2024-03-25 09:00:00,0.1618
2024-03-25 10:00:00,0.1676
2024-03-25 11:00:00,0.1716
2024-03-25 12:00:00,0.1703
2024-03-25 13:00:00,0.17
2024-03-25 14:00:00,0.1734
2024-03-25 15:00:00,0.213
2024-03-25 16:00:00,0.317
2024-03-25 17:00:00,0.4741
2024-03-25 18:00:00,0.5979
2024-03-25 19:00:00,0.6781
2024-03-25 20:00:00,0.7281
2024-03-25 21:00:00,0.7563
2024-03-25 22:00:00,0.7604
2024-03-25 23:00:00,0.7575
2024-03-26 00:00:00,0.7554
2024-03-26 01:00:00,0.757
2024-03-26 02:00:00,0.7625
2024-03-26 03:00:00,0.767
2024-03-26 04:00:00,0.7614
2024-03-26 05:00:00,0.74
2024-03-26 06:00:00,0.6975
2024-03-26 07:00:00,0.6515
2024-03-26 08:00:00,0.6299
2024-03-26 09:00:00,0.5968
2024-03-26 10:00:00,0.5516
2024-03-26 11:00:00,0.503
2024-03-26 12:00:00,0.4405
2024-03-26 13:00:00,0.3734
2024-03-26 14:00:00,0.2941
2024-03-26 15:00:00,0.2464
2024-03-26 16:00:00,0.272
2024-03-26 17:00:00,0.3613
2024-03-26 18:00:00,0.4612
2024-03-26 19:00:00,0.5279
2024-03-26 20:00:00,0.5588
2024-03-26 21:00:00,0.5989
2024-03-26 22:00:00,0.6526
2024-03-26 23:00:00,0.7175
2024-03-27 00:00:00,0.768
2024-03-27 01:00:00,0.7968
2024-03-27 02:00:00,0.8075
2024-03-27 03:00:00,0.8128
2024-03-27 04:00:00,0.8543
2024-03-27 05:00:00,0.8907
2024-03-27 06:00:00,0.8897
2024-03-27 07:00:00,0.8754
2024-03-27 08:00:00,0.8743
2024-03-27 09:00:00,0.8715
2024-03-27 10:00:00,0.8505
2024-03-27 11:00:00,0.8065
2024-03-27 12:00:00,0.7765
2024-03-27 13:00:00,0.7678
2024-03-27 14:00:00,0.7708
2024-03-27 15:00:00,0.7918
2024-03-27 16:00:00,0.8034
2024-03-27 17:00:00,0.8228
2024-03-27 18:00:00,0.8332
2024-03-27 19:00:00,0.8218
2024-03-27 20:00:00,0.7953
2024-03-27 21:00:00,0.752
2024-03-27 22:00:00,0.721
2024-03-27 23:00:00,0.6883
2024-03-28 00:00:00,0.639
2024-03-28 01:00:00,0.6407
2024-03-28 02:00:00,0.7146
2024-03-28 03:00:00,0.8019
2024-03-28 04:00:00,0.8521
2024-03-28 05:00:00,0.8955
2024-03-28 06:00:00,0.9124
2024-03-28 07:00:00,0.9061
2024-03-28 08:00:00,0.8957
2024-03-28 09:00:00,0.8791
2024-03-28 10:00:00,0.8639
2024-03-28 11:00:00,0.8788
2024-03-28 12:00:00,0.8857
2024-03-28 13:00:00,0.8824
2024-03-28 14:00:00,0.8864
2024-03-28 15:00:00,0.8981
2024-03-28 16:00:00,0.8962
2024-03-28 17:00:00,0.8949
2024-03-28 18:00:00,0.9502
2024-03-28 19:00:00,0.976
2024-03-28 20:00:00,0.9831
2024-03-28 21:00:00,0.9809
2024-03-28 22:00:00,0.9785
2024-03-28 23:00:00,0.9785
2024-03-29 00:00:00,0.9737
2024-03-29 01:00:00,0.9697
2024-03-29 02:00:00,0.9748
2024-03-29 03:00:00,0.9784
2024-03-29 04:00:00,0.9817
2024-03-29 05:00:00,0.9814
2024-03-29 06:00:00,0.971
2024-03-29 07:00:00,0.9577
2024-03-29 08:00:00,0.9416
2024-03-29 09:00:00,0.9209
2024-03-29 10:00:00,0.9095
2024-03-29 11:00:00,0.9071
2024-03-29 12:00:00,0.9097
2024-03-29 13:00:00,0.9033
2024-03-29 14:00:00,0.9028
2024-03-29 15:00:00,0.9075
2024-03-29 16:00:00,0.8832
2024-03-29 17:00:00,0.8787
2024-03-29 18:00:00,0.8889
2024-03-29 19:00:00,0.8964
2024-03-29 20:00:00,0.8944
2024-03-29 21:00:00,0.9038
2024-03-29 22:00:00,0.8998
2024-03-29 23:00:00,0.8827
2024-03-30 00:00:00,0.8331
2024-03-30 01:00:00,0.7574
2024-03-30 02:00:00,0.7318
2024-03-30 03:00:00,0.6969
2024-03-30 04:00:00,0.585
2024-03-30 05:00:00,0.4251
2024-03-30 06:00:00,0.3148
2024-03-30 07:00:00,0.2411
2024-03-30 08:00:00,0.2001
2024-03-30 09:00:00,0.1556
2024-03-30 10:00:00,0.0888
2024-03-30 11:00:00,0.0388
2024-03-30 12:00:00,0.0244
2024-03-30 13:00:00,0.0432
2024-03-30 14:00:00,0.1313
2024-03-30 15:00:00,0.2536
2024-03-30 16:00:00,0.3107
2024-03-30 17:00:00,0.2844
2024-03-30 18:00:00,0.2309
2024-03-30 19:00:00,0.2085
2024-03-30 20:00:00,0.1972
2024-03-30 21:00:00,0.186
2024-03-30 22:00:00,0.1712
2024-03-30 23:00:00,0.1442
2024-03-31 00:00:00,0.1337
2024-03-31 01:00:00,0.1765
2024-03-31 02:00:00,0.2451
2024-03-31 03:00:00,0.2903
2024-03-31 04:00:00,0.3502
2024-03-31 05:00:00,0.4263
2024-03-31 06:00:00,0.4994
2024-03-31 07:00:00,0.5579
2024-03-31 08:00:00,0.6126
2024-03-31 09:00:00,0.6574
2024-03-31 10:00:00,0.6851
2024-03-31 11:00:00,0.6982
2024-03-31 12:00:00,0.715
2024-03-31 13:00:00,0.7207
2024-03-31 14:00:00,0.7298
2024-03-31 15:00:00,0.7448
2024-03-31 16:00:00,0.7261
2024-03-31 17:00:00,0.7243
2024-03-31 18:00:00,0.7957
2024-03-31 19:00:00,0.8402
2024-03-31 20:00:00,0.8356
2024-03-31 21:00:00,0.8594
2024-03-31 22:00:00,0.8814
2024-03-31 23:00:00,0.8722
2024-04-01 00:00:00,0.8315
2024-04-01 01:00:00,0.7616
2024-04-01 02:00:00,0.6803
2024-04-01 03:00:00,0.6323
2024-04-01 04:00:00,0.6316
2024-04-01 05:00:00,0.5955
2024-04-01 06:00:00,0.5554
2024-04-01 07:00:00,0.5389
2024-04-01 08:00:00,0.5371
2024-04-01 09:00:00,0.537
2024-04-01 10:00:00,0.549
2024-04-01 11:00:00,0.5709
2024-04-01 12:00:00,0.5938
2024-04-01 13:00:00,0.6197
2024-04-01 14:00:00,0.6548
2024-04-01 15:00:00,0.6899
2024-04-01 16:00:00,0.706
2024-04-01 17:00:00,0.6777
2024-04-01 18:00:00,0.6173
2024-04-01 19:00:00,0.5666
2024-04-01 20:00:00,0.5447
2024-04-01 21:00:00,0.5455
2024-04-01 22:00:00,0.5462
2024-04-01 23:00:00,0.5638
2024-04-02 00:00:00,0.5948
2024-04-02 01:00:00,0.6058
2024-04-02 02:00:00,0.6147
2024-04-02 03:00:00,0.6284
2024-04-02 04:00:00,0.6423
2024-04-02 05:00:00,0.6446
2024-04-02 06:00:00,0.621
2024-04-02 07:00:00,0.6
2024-04-02 08:00:00,0.615
2024-04-02 09:00:00,0.6251
2024-04-02 10:00:00,0.6178
2024-04-02 11:00:00,0.5892
2024-04-02 12:00:00,0.5409
2024-04-02 13:00:00,0.4934
2024-04-02 14:00:00,0.4646
2024-04-02 15:00:00,0.4408
2024-04-02 16:00:00,0.4298
2024-04-02 17:00:00,0.4347
2024-04-02 18:00:00,0.4297
2024-04-02 19:00:00,0.4002
2024-04-02 20:00:00,0.3688
2024-04-02 21:00:00,0.3827
2024-04-02 22:00:00,0.4295
2024-04-02 23:00:00,0.4829
2024-04-03 00:00:00,0.5397
2024-04-03 01:00:00,0.605
2024-04-03 02:00:00,0.6663
2024-04-03 03:00:00,0.7156
2024-04-03 04:00:00,0.7524
2024-04-03 05:00:00,0.794
2024-04-03 06:00:00,0.8181
2024-04-03 07:00:00,0.8396
2024-04-03 08:00:00,0.8527
2024-04-03 09:00:00,0.8615
2024-04-03 10:00:00,0.8688
2024-04-03 11:00:00,0.8712
2024-04-03 12:00:00,0.8825
2024-04-03 13:00:00,0.8931
2024-04-03 14:00:00,0.8982
2024-04-03 15:00:00,0.9155
2024-04-03 16:00:00,0.9319
2024-04-03 17:00:00,0.9441
2024-04-03 18:00:00,0.9435
2024-04-03 19:00:00,0.9421
2024-04-03 20:00:00,0.9446
2024-04-03 21:00:00,0.9546
2024-04-03 22:00:00,0.9596
2024-04-03 23:00:00,0.945
2024-04-04 00:00:00,0.9142
2024-04-04 01:00:00,0.8927
2024-04-04 02:00:00,0.8968
2024-04-04 03:00:00,0.8923
2024-04-04 04:00:00,0.8583
2024-04-04 05:00:00,0.8061
2024-04-04 06:00:00,0.8023
2024-04-04 07:00:00,0.7919
2024-04-04 08:00:00,0.7994
2024-04-04 09:00:00,0.7953
2024-04-04 10:00:00,0.8181
2024-04-04 11:00:00,0.8416
2024-04-04 12:00:00,0.8904
2024-04-04 13:00:00,0.9128
2024-04-04 14:00:00,0.9075
2024-04-04 15:00:00,0.8839
2024-04-04 16:00:00,0.8651
2024-04-04 17:00:00,0.8359
2024-04-04 18:00:00,0.7916
2024-04-04 19:00:00,0.7537
2024-04-04 20:00:00,0.6658
2024-04-04 21:00:00,0.5705
2024-04-04 22:00:00,0.516
2024-04-04 23:00:00,0.4698
2024-04-05 00:00:00,0.4814
2024-04-05 01:00:00,0.572
2024-04-05 02:00:00,0.6764
2024-04-05 03:00:00,0.7552
2024-04-05 04:00:00,0.8774
2024-04-05 05:00:00,0.9337
2024-04-05 06:00:00,0.9527
2024-04-05 07:00:00,0.9666
2024-04-05 08:00:00,0.9755
2024-04-05 09:00:00,0.9851
2024-04-05 10:00:00,0.9887
2024-04-05 11:00:00,0.9876
2024-04-05 12:00:00,0.9851
2024-04-05 13:00:00,0.9817
2024-04-05 14:00:00,0.9783
2024-04-05 15:00:00,0.9707
2024-04-05 16:00:00,0.9642
2024-04-05 17:00:00,0.9595
2024-04-05 18:00:00,0.9519
2024-04-05 19:00:00,0.9439
2024-04-05 20:00:00,0.9342
2024-04-05 21:00:00,0.9355
2024-04-05 22:00:00,0.9289
2024-04-05 23:00:00,0.906
2024-04-06 00:00:00,0.8912
2024-04-06 01:00:00,0.8799
2024-04-06 02:00:00,0.8586
2024-04-06 03:00:00,0.8158
2024-04-06 04:00:00,0.8295
2024-04-06 05:00:00,0.8921
2024-04-06 06:00:00,0.9346
2024-04-06 07:00:00,0.9698
2024-04-06 08:00:00,0.9819
2024-04-06 09:00:00,0.9866
2024-04-06 10:00:00,0.9892
2024-04-06 11:00:00,0.9902
2024-04-06 12:00:00,0.9904
2024-04-06 13:00:00,0.9896
2024-04-06 14:00:00,0.9876
2024-04-06 15:00:00,0.9817
2024-04-06 16:00:00,0.9852
2024-04-06 17:00:00,0.9874
2024-04-06 18:00:00,0.9855
2024-04-06 19:00:00,0.9804
2024-04-06 20:00:00,0.9803
2024-04-06 21:00:00,0.9817
2024-04-06 22:00:00,0.9811
2024-04-06 23:00:00,0.9814
2024-04-07 00:00:00,0.9863
2024-04-07 01:00:00,0.9881
2024-04-07 02:00:00,0.9822
2024-04-07 03:00:00,0.9816
2024-04-07 04:00:00,0.9778
2024-04-07 05:00:00,0.9696
2024-04-07 06:00:00,0.9638
2024-04-07 07:00:00,0.9638
2024-04-07 08:00:00,0.9673
2024-04-07 09:00:00,0.9711
2024-04-07 10:00:00,0.9716
2024-04-07 11:00:00,0.9688
2024-04-07 12:00:00,0.9604
2024-04-07 13:00:00,0.9547
2024-04-07 14:00:00,0.9567
2024-04-07 15:00:00,0.9341
2024-04-07 16:00:00,0.9099
2024-04-07 17:00:00,0.9076
2024-04-07 18:00:00,0.905
2024-04-07 19:00:00,0.8893
2024-04-07 20:00:00,0.8666
2024-04-07 21:00:00,0.8522
2024-04-07 22:00:00,0.8471
2024-04-07 23:00:00,0.836
2024-04-08 00:00:00,0.8199
2024-04-08 01:00:00,0.7986
2024-04-08 02:00:00,0.7738
2024-04-08 03:00:00,0.7421
2024-04-08 04:00:00,0.7025
2024-04-08 05:00:00,0.6843
2024-04-08 06:00:00,0.6632
2024-04-08 07:00:00,0.6105
2024-04-08 08:00:00,0.5468
2024-04-08 09:00:00,0.4765
2024-04-08 10:00:00,0.4865
2024-04-08 11:00:00,0.4971
2024-04-08 12:00:00,0.5024
2024-04-08 13:00:00,0.4579
2024-04-08 14:00:00,0.443
2024-04-08 15:00:00,0.468
2024-04-08 16:00:00,0.562
2024-04-08 17:00:00,0.6751
2024-04-08 18:00:00,0.7729
2024-04-08 19:00:00,0.841
2024-04-08 20:00:00,0.8696
2024-04-08 21:00:00,0.8674
2024-04-08 22:00:00,0.8721
2024-04-08 23:00:00,0.9036
2024-04-09 00:00:00,0.8942
2024-04-09 01:00:00,0.8765
2024-04-09 02:00:00,0.8483
2024-04-09 03:00:00,0.8232
2024-04-09 04:00:00,0.8638
2024-04-09 05:00:00,0.8926
2024-04-09 06:00:00,0.9259
2024-04-09 07:00:00,0.9677
2024-04-09 08:00:00,0.9696
2024-04-09 09:00:00,0.9719
2024-04-09 10:00:00,0.9757
2024-04-09 11:00:00,0.9703
2024-04-09 12:00:00,0.969
2024-04-09 13:00:00,0.9761
2024-04-09 14:00:00,0.9815
2024-04-09 15:00:00,0.9858
2024-04-09 16:00:00,0.9851
2024-04-09 17:00:00,0.9828
2024-04-09 18:00:00,0.9833
2024-04-09 19:00:00,0.9875
2024-04-09 20:00:00,0.9889
2024-04-09 21:00:00,0.9879
2024-04-09 22:00:00,0.9795
2024-04-09 23:00:00,0.9732
2024-04-10 00:00:00,0.9666
2024-04-10 01:00:00,0.9515
2024-04-10 02:00:00,0.9349
2024-04-10 03:00:00,0.9102
2024-04-10 04:00:00,0.8294
2024-04-10 05:00:00,0.6819
2024-04-10 06:00:00,0.5782
2024-04-10 07:00:00,0.5619
2024-04-10 08:00:00,0.535
2024-04-10 09:00:00,0.5569
2024-04-10 10:00:00,0.6357
2024-04-10 11:00:00,0.72
2024-04-10 12:00:00,0.779
2024-04-10 13:00:00,0.8144
2024-04-10 14:00:00,0.8505
2024-04-10 15:00:00,0.887
2024-04-10 16:00:00,0.9156
2024-04-10 17:00:00,0.9392
2024-04-10 18:00:00,0.9499
2024-04-10 19:00:00,0.9632
2024-04-10 20:00:00,0.969
2024-04-10 21:00:00,0.9753
2024-04-10 22:00:00,0.9775
2024-04-10 23:00:00,0.986
2024-04-11 00:00:00,0.9862
2024-04-11 01:00:00,0.9853
2024-04-11 02:00:00,0.983
2024-04-11 03:00:00,0.9755
2024-04-11 04:00:00,0.9628
2024-04-11 05:00:00,0.9521
2024-04-11 06:00:00,0.9372
2024-04-11 07:00:00,0.9161
2024-04-11 08:00:00,0.8969
2024-04-11 09:00:00,0.8676
2024-04-11 10:00:00,0.8239
2024-04-11 11:00:00,0.7919
2024-04-11 12:00:00,0.7618
2024-04-11 13:00:00,0.7427
2024-04-11 14:00:00,0.7153
2024-04-11 15:00:00,0.6914
2024-04-11 16:00:00,0.6818
2024-04-11 17:00:00,0.7017
2024-04-11 18:00:00,0.7481
2024-04-11 19:00:00,0.7988
2024-04-11 20:00:00,0.8331
2024-04-11 21:00:00,0.8608
2024-04-11 22:00:00,0.8827
2024-04-11 23:00:00,0.8958
2024-04-12 00:00:00,0.9103
2024-04-12 01:00:00,0.9144
2024-04-12 02:00:00,0.9192
2024-04-12 03:00:00,0.9275
2024-04-12 04:00:00,0.9299
2024-04-12 05:00:00,0.9307
2024-04-12 06:00:00,0.9275
2024-04-12 07:00:00,0.9222
2024-04-12 08:00:00,0.9186
2024-04-12 09:00:00,0.9119
2024-04-12 10:00:00,0.8979
2024-04-12 11:00:00,0.8795
2024-04-12 12:00:00,0.8543
2024-04-12 13:00:00,0.829
2024-04-12 14:00:00,0.804
2024-04-12 15:00:00,0.7885
2024-04-12 16:00:00,0.784
2024-04-12 17:00:00,0.7768
2024-04-12 18:00:00,0.8086
2024-04-12 19:00:00,0.8394
2024-04-12 20:00:00,0.8836
2024-04-12 21:00:00,0.9154
2024-04-12 22:00:00,0.9291
2024-04-12 23:00:00,0.9325
2024-04-13 00:00:00,0.9238
2024-04-13 01:00:00,0.909
2024-04-13 02:00:00,0.8857
2024-04-13 03:00:00,0.8543
2024-04-13 04:00:00,0.8121
2024-04-13 05:00:00,0.7685
2024-04-13 06:00:00,0.7252
2024-04-13 07:00:00,0.6875
2024-04-13 08:00:00,0.6784
2024-04-13 09:00:00,0.7062
2024-04-13 10:00:00,0.7455
2024-04-13 11:00:00,0.8072
2024-04-13 12:00:00,0.8683
2024-04-13 13:00:00,0.9043
2024-04-13 14:00:00,0.9217
2024-04-13 15:00:00,0.9349
2024-04-13 16:00:00,0.9454
2024-04-13 17:00:00,0.9488
2024-04-13 18:00:00,0.9417
2024-04-13 19:00:00,0.6129
2024-04-13 20:00:00,0.931
2024-04-13 21:00:00,0.9252
2024-04-13 22:00:00,0.9164
2024-04-13 23:00:00,0.8932
2024-04-14 00:00:00,0.8456
2024-04-14 01:00:00,0.7921
2024-04-14 02:00:00,0.7713
2024-04-14 03:00:00,0.7229
2024-04-14 04:00:00,0.6887
2024-04-14 05:00:00,0.69
2024-04-14 06:00:00,0.7096
2024-04-14 07:00:00,0.7269
2024-04-14 08:00:00,0.7373
2024-04-14 09:00:00,0.7255
2024-04-14 10:00:00,0.6946
2024-04-14 11:00:00,0.655
2024-04-14 12:00:00,0.6282
2024-04-14 13:00:00,0.5793
2024-04-14 14:00:00,0.4936
2024-04-14 15:00:00,0.4092
2024-04-14 16:00:00,0.3163
2024-04-14 17:00:00,0.2526
2024-04-14 18:00:00,0.2444
2024-04-14 19:00:00,0.2787
2024-04-14 20:00:00,0.3643
2024-04-14 21:00:00,0.489
2024-04-14 22:00:00,0.6377
2024-04-14 23:00:00,0.7539
2024-04-15 00:00:00,0.8119
2024-04-15 01:00:00,0.8296
2024-04-15 02:00:00,0.8257
2024-04-15 03:00:00,0.8442
2024-04-15 04:00:00,0.8687
2024-04-15 05:00:00,0.9108
2024-04-15 06:00:00,0.9632
2024-04-15 07:00:00,0.9883
2024-04-15 08:00:00,0.9878
2024-04-15 09:00:00,0.9787
2024-04-15 10:00:00,0.9716
2024-04-15 11:00:00,0.9704
2024-04-15 12:00:00,0.9628
2024-04-15 13:00:00,0.962
2024-04-15 14:00:00,0.9675
2024-04-15 15:00:00,0.9708
2024-04-15 16:00:00,0.9724
2024-04-15 17:00:00,0.9753
2024-04-15 18:00:00,0.978
2024-04-15 19:00:00,0.975
2024-04-15 20:00:00,0.9696
2024-04-15 21:00:00,0.9641
2024-04-15 22:00:00,0.9615
2024-04-15 23:00:00,0.9662
2024-04-16 00:00:00,0.9738
2024-04-16 01:00:00,0.9776
2024-04-16 02:00:00,0.9796
2024-04-16 03:00:00,0.979
2024-04-16 04:00:00,0.9777
2024-04-16 05:00:00,0.978
2024-04-16 06:00:00,0.9789
2024-04-16 07:00:00,0.9755
2024-04-16 08:00:00,0.9766
2024-04-16 09:00:00,0.9735
2024-04-16 10:00:00,0.961
2024-04-16 11:00:00,0.9446
2024-04-16 12:00:00,0.9225
2024-04-16 13:00:00,0.9029
2024-04-16 14:00:00,0.8989
2024-04-16 15:00:00,0.9088
2024-04-16 16:00:00,0.9107
2024-04-16 17:00:00,0.9004
2024-04-16 18:00:00,0.8822
2024-04-16 19:00:00,0.8551
2024-04-16 20:00:00,0.8112
2024-04-16 21:00:00,0.7607
2024-04-16 22:00:00,0.7135
2024-04-16 23:00:00,0.6591
2024-04-17 00:00:00,0.607
2024-04-17 01:00:00,0.574
2024-04-17 02:00:00,0.553
2024-04-17 03:00:00,0.5325
2024-04-17 04:00:00,0.5051
2024-04-17 05:00:00,0.4637
2024-04-17 06:00:00,0.4052
2024-04-17 07:00:00,0.3603
2024-04-17 08:00:00,0.3456
2024-04-17 09:00:00,0.3457
2024-04-17 10:00:00,0.3516
2024-04-17 11:00:00,0.3457
2024-04-17 12:00:00,0.3292
2024-04-17 13:00:00,0.3021
2024-04-17 14:00:00,0.2777
2024-04-17 15:00:00,0.2628
2024-04-17 16:00:00,0.2586
2024-04-17 17:00:00,0.2756
2024-04-17 18:00:00,0.3117
2024-04-17 19:00:00,0.3499
2024-04-17 20:00:00,0.3814
2024-04-17 21:00:00,0.4217
2024-04-17 22:00:00,0.4667
2024-04-17 23:00:00,0.5048
2024-04-18 00:00:00,0.5191
2024-04-18 01:00:00,0.5154
2024-04-18 02:00:00,0.5056
2024-04-18 03:00:00,0.4966
2024-04-18 04:00:00,0.4771
2024-04-18 05:00:00,0.4577
2024-04-18 06:00:00,0.4283
2024-04-18 07:00:00,0.3946
2024-04-18 08:00:00,0.3793
2024-04-18 09:00:00,0.3776
2024-04-18 10:00:00,0.3733
2024-04-18 11:00:00,0.3858
2024-04-18 12:00:00,0.434
2024-04-18 13:00:00,0.5026
2024-04-18 14:00:00,0.5755
2024-04-18 15:00:00,0.646
2024-04-18 16:00:00,0.706
2024-04-18 17:00:00,0.7646
2024-04-18 18:00:00,0.8305
2024-04-18 19:00:00,0.8875
2024-04-18 20:00:00,0.9376
2024-04-18 21:00:00,0.9689
2024-04-18 22:00:00,0.9802
2024-04-18 23:00:00,0.9803
2024-04-19 00:00:00,0.973
2024-04-19 01:00:00,0.9632
2024-04-19 02:00:00,0.9634
2024-04-19 03:00:00,0.9611
2024-04-19 04:00:00,0.9564
2024-04-19 05:00:00,0.9523
2024-04-19 06:00:00,0.9534
2024-04-19 07:00:00,0.9595
2024-04-19 08:00:00,0.9681
2024-04-19 09:00:00,0.9783
2024-04-19 10:00:00,0.9846
2024-04-19 11:00:00,0.9871
2024-04-19 12:00:00,0.9861
2024-04-19 13:00:00,0.9833
2024-04-19 14:00:00,0.9804
2024-04-19 15:00:00,0.9815
2024-04-19 16:00:00,0.9859
2024-04-19 17:00:00,0.9891
2024-04-19 18:00:00,0.99
2024-04-19 19:00:00,0.9897
2024-04-19 20:00:00,0.9883
2024-04-19 21:00:00,0.9859
2024-04-19 22:00:00,0.9826
2024-04-19 23:00:00,0.979
2024-04-20 00:00:00,0.9764
2024-04-20 01:00:00,0.9746
2024-04-20 02:00:00,0.9734
2024-04-20 03:00:00,0.9707
2024-04-20 04:00:00,0.9648
2024-04-20 05:00:00,0.9577
2024-04-20 06:00:00,0.9493
2024-04-20 07:00:00,0.94
2024-04-20 08:00:00,0.93
2024-04-20 09:00:00,0.9276
2024-04-20 10:00:00,0.9345
2024-04-20 11:00:00,0.9453
2024-04-20 12:00:00,0.9559
2024-04-20 13:00:00,0.9628
2024-04-20 14:00:00,0.9654
2024-04-20 15:00:00,0.965
2024-04-20 16:00:00,0.9628
2024-04-20 17:00:00,0.9595
2024-04-20 18:00:00,0.9572
2024-04-20 19:00:00,0.9557
2024-04-20 20:00:00,0.9559
2024-04-20 21:00:00,0.9577
2024-04-20 22:00:00,0.9599
2024-04-20 23:00:00,0.9637
2024-04-21 00:00:00,0.9682
2024-04-21 01:00:00,0.9695
2024-04-21 02:00:00,0.9666
2024-04-21 03:00:00,0.9632
2024-04-21 04:00:00,0.9569
2024-04-21 05:00:00,0.9425
2024-04-21 06:00:00,0.9217
2024-04-21 07:00:00,0.8925
2024-04-21 08:00:00,0.851
2024-04-21 09:00:00,0.7872
2024-04-21 10:00:00,0.7079
2024-04-21 11:00:00,0.6518
2024-04-21 12:00:00,0.6376
2024-04-21 13:00:00,0.6552
2024-04-21 14:00:00,0.6809
2024-04-21 15:00:00,0.7035
2024-04-21 16:00:00,0.708
2024-04-21 17:00:00,0.703
2024-04-21 18:00:00,0.7049
2024-04-21 19:00:00,0.7075
2024-04-21 20:00:00,0.6976
2024-04-21 21:00:00,0.6673
2024-04-21 22:00:00,0.6127
2024-04-21 23:00:00,0.5589
2024-04-22 00:00:00,0.5242
2024-04-22 01:00:00,0.5155
2024-04-22 02:00:00,0.5182
2024-04-22 03:00:00,0.5101
2024-04-22 04:00:00,0.4975
2024-04-22 05:00:00,0.4765
2024-04-22 06:00:00,0.448
2024-04-22 07:00:00,0.418
2024-04-22 08:00:00,0.3859
2024-04-22 09:00:00,0.3535
2024-04-22 10:00:00,0.3278
2024-04-22 11:00:00,0.3104
2024-04-22 12:00:00,0.2939
2024-04-22 13:00:00,0.2795
2024-04-22 14:00:00,0.2736
2024-04-22 15:00:00,0.2813
2024-04-22 16:00:00,0.2891
2024-04-22 17:00:00,0.2837
2024-04-22 18:00:00,0.2739
2024-04-22 19:00:00,0.2543
2024-04-22 20:00:00,0.2274
2024-04-22 21:00:00,0.1957
2024-04-22 22:00:00,0.1658
2024-04-22 23:00:00,0.1423
2024-04-23 00:00:00,0.1388
2024-04-23 01:00:00,0.1448
2024-04-23 02:00:00,0.1508
2024-04-23 03:00:00,0.1582
2024-04-23 04:00:00,0.1704
2024-04-23 05:00:00,0.1917
2024-04-23 06:00:00,0.2247
2024-04-23 07:00:00,0.2542
2024-04-23 08:00:00,0.2845
2024-04-23 09:00:00,0.3357
2024-04-23 10:00:00,0.4493
2024-04-23 11:00:00,0.6064
2024-04-23 12:00:00,0.7203
2024-04-23 13:00:00,0.7719
2024-04-23 14:00:00,0.8004
2024-04-23 15:00:00,0.8504
2024-04-23 16:00:00,0.9043
2024-04-23 17:00:00,0.9352
2024-04-23 18:00:00,0.9406
2024-04-23 19:00:00,0.9359
2024-04-23 20:00:00,0.9272
2024-04-23 21:00:00,0.9229
2024-04-23 22:00:00,0.9287
2024-04-23 23:00:00,0.9399
2024-04-24 00:00:00,0.9497
2024-04-24 01:00:00,0.9567
2024-04-24 02:00:00,0.9603
2024-04-24 03:00:00,0.962
2024-04-24 04:00:00,0.9611
2024-04-24 05:00:00,0.9575
2024-04-24 06:00:00,0.9543
2024-04-24 07:00:00,0.951
2024-04-24 08:00:00,0.9455
2024-04-24 09:00:00,0.9388
2024-04-24 10:00:00,0.9331
2024-04-24 11:00:00,0.9259
2024-04-24 12:00:00,0.9188
2024-04-24 13:00:00,0.9111
2024-04-24 14:00:00,0.8994
2024-04-24 15:00:00,0.8818
2024-04-24 16:00:00,0.8646
2024-04-24 17:00:00,0.8484
2024-04-24 18:00:00,0.8329
2024-04-24 19:00:00,0.8105
2024-04-24 20:00:00,0.7743
2024-04-24 21:00:00,0.7196
2024-04-24 22:00:00,0.6382
2024-04-24 23:00:00,0.5396
2024-04-25 00:00:00,0.4506
2024-04-25 01:00:00,0.395
2024-04-25 02:00:00,0.3835
2024-04-25 03:00:00,0.3959
2024-04-25 04:00:00,0.398
2024-04-25 05:00:00,0.3744
2024-04-25 06:00:00,0.3508
2024-04-25 07:00:00,0.3798
2024-04-25 08:00:00,0.4736
2024-04-25 09:00:00,0.585
2024-04-25 10:00:00,0.6795
2024-04-25 11:00:00,0.7349
2024-04-25 12:00:00,0.7446
2024-04-25 13:00:00,0.7092
2024-04-25 14:00:00,0.63
2024-04-25 15:00:00,0.5319
2024-04-25 16:00:00,0.4293
2024-04-25 17:00:00,0.3248
2024-04-25 18:00:00,0.2519
2024-04-25 19:00:00,0.2129
2024-04-25 20:00:00,0.208
2024-04-25 21:00:00,0.2155
2024-04-25 22:00:00,0.2205
2024-04-25 23:00:00,0.2257
2024-04-26 00:00:00,0.2354
2024-04-26 01:00:00,0.2516
2024-04-26 02:00:00,0.274
2024-04-26 03:00:00,0.3098
2024-04-26 04:00:00,0.3513
2024-04-26 05:00:00,0.3833
2024-04-26 06:00:00,0.3914
2024-04-26 07:00:00,0.3816
2024-04-26 08:00:00,0.3635
2024-04-26 09:00:00,0.3304
2024-04-26 10:00:00,0.2832
2024-04-26 11:00:00,0.245
2024-04-26 12:00:00,0.2186
2024-04-26 13:00:00,0.1992
2024-04-26 14:00:00,0.181
2024-04-26 15:00:00,0.1602
2024-04-26 16:00:00,0.1369
2024-04-26 17:00:00,0.1163
2024-04-26 18:00:00,0.1015
2024-04-26 19:00:00,0.0887
2024-04-26 20:00:00,0.0865
2024-04-26 21:00:00,0.0932
2024-04-26 22:00:00,0.0994
2024-04-26 23:00:00,0.1134
2024-04-27 00:00:00,0.1401
2024-04-27 01:00:00,0.1732
2024-04-27 02:00:00,0.2174
2024-04-27 03:00:00,0.2739
2024-04-27 04:00:00,0.3336
2024-04-27 05:00:00,0.3748
2024-04-27 06:00:00,0.3982
2024-04-27 07:00:00,0.4137
2024-04-27 08:00:00,0.4267
2024-04-27 09:00:00,0.4533
2024-04-27 10:00:00,0.4817
2024-04-27 11:00:00,0.474
2024-04-27 12:00:00,0.4393
2024-04-27 13:00:00,0.3774
2024-04-27 14:00:00,0.3271
2024-04-27 15:00:00,0.3061
2024-04-27 16:00:00,0.3046
2024-04-27 17:00:00,0.3462
2024-04-27 18:00:00,0.4227
2024-04-27 19:00:00,0.5198
2024-04-27 20:00:00,0.6057
2024-04-27 21:00:00,0.6674
2024-04-27 22:00:00,0.7307
2024-04-27 23:00:00,0.7739
2024-04-28 00:00:00,0.8149
2024-04-28 01:00:00,0.8665
2024-04-28 02:00:00,0.8957
2024-04-28 03:00:00,0.92
2024-04-28 04:00:00,0.9409
2024-04-28 05:00:00,0.9586
2024-04-28 06:00:00,0.9656
2024-04-28 07:00:00,0.9618
2024-04-28 08:00:00,0.9627
2024-04-28 09:00:00,0.9656
2024-04-28 10:00:00,0.9753
2024-04-28 11:00:00,0.9824
2024-04-28 12:00:00,0.9863
2024-04-28 13:00:00,0.9874
2024-04-28 14:00:00,0.9893
2024-04-28 15:00:00,0.9887
2024-04-28 16:00:00,0.9795
2024-04-28 17:00:00,0.963
2024-04-28 18:00:00,0.9322
2024-04-28 19:00:00,0.9056
2024-04-28 20:00:00,0.8989
2024-04-28 21:00:00,0.8881
2024-04-28 22:00:00,0.8769
2024-04-28 23:00:00,0.8665
2024-04-29 00:00:00,0.8371
2024-04-29 01:00:00,0.7912
2024-04-29 02:00:00,0.7492
2024-04-29 03:00:00,0.7093
2024-04-29 04:00:00,0.6962
2024-04-29 05:00:00,0.7071
2024-04-29 06:00:00,0.7083
2024-04-29 07:00:00,0.7013
2024-04-29 08:00:00,0.7057
2024-04-29 09:00:00,0.7149
2024-04-29 10:00:00,0.7191
2024-04-29 11:00:00,0.7207
2024-04-29 12:00:00,0.7202
2024-04-29 13:00:00,0.7133
2024-04-29 14:00:00,0.702
2024-04-29 15:00:00,0.676
2024-04-29 16:00:00,0.6311
2024-04-29 17:00:00,0.6167
2024-04-29 18:00:00,0.6252
2024-04-29 19:00:00,0.6481
2024-04-29 20:00:00,0.6628
2024-04-29 21:00:00,0.6679
2024-04-29 22:00:00,0.6448
2024-04-29 23:00:00,0.5949
2024-04-30 00:00:00,0.5265
2024-04-30 01:00:00,0.45
2024-04-30 02:00:00,0.389
2024-04-30 03:00:00,0.3854
2024-04-30 04:00:00,0.4383
2024-04-30 05:00:00,0.4958
2024-04-30 06:00:00,0.5281
2024-04-30 07:00:00,0.5575
2024-04-30 08:00:00,0.6077
2024-04-30 09:00:00,0.64
2024-04-30 10:00:00,0.6517
2024-04-30 11:00:00,0.6609
2024-04-30 12:00:00,0.6641
2024-04-30 13:00:00,0.6322
2024-04-30 14:00:00,0.5626
2024-04-30 15:00:00,0.4884
2024-04-30 16:00:00,0.4262
2024-04-30 17:00:00,0.4033
2024-04-30 18:00:00,0.4246
2024-04-30 19:00:00,0.4946
2024-04-30 20:00:00,0.5903
2024-04-30 21:00:00,0.6508
2024-04-30 22:00:00,0.6491
2024-04-30 23:00:00,0.5854
2024-05-01 00:00:00,0.5115
2024-05-01 01:00:00,0.4821
2024-05-01 02:00:00,0.492
2024-05-01 03:00:00,0.4724
2024-05-01 04:00:00,0.4131
2024-05-01 05:00:00,0.4023
2024-05-01 06:00:00,0.4235
2024-05-01 07:00:00,0.4538
2024-05-01 08:00:00,0.4934
2024-05-01 09:00:00,0.5353
2024-05-01 10:00:00,0.577
2024-05-01 11:00:00,0.616
2024-05-01 12:00:00,0.6476
2024-05-01 13:00:00,0.6871
2024-05-01 14:00:00,0.7358
2024-05-01 15:00:00,0.7853
2024-05-01 16:00:00,0.8306
2024-05-01 17:00:00,0.8666
2024-05-01 18:00:00,0.8924
2024-05-01 19:00:00,0.9078
2024-05-01 20:00:00,0.9148
2024-05-01 21:00:00,0.9207
2024-05-01 22:00:00,0.9202
2024-05-01 23:00:00,0.9184
2024-05-02 00:00:00,0.9163
2024-05-02 01:00:00,0.9171
2024-05-02 02:00:00,0.9135
2024-05-02 03:00:00,0.9038
2024-05-02 04:00:00,0.8854
2024-05-02 05:00:00,0.8622
2024-05-02 06:00:00,0.8347
2024-05-02 07:00:00,0.7971
2024-05-02 08:00:00,0.7426
2024-05-02 09:00:00,0.6882
2024-05-02 10:00:00,0.6423
2024-05-02 11:00:00,0.6279
2024-05-02 12:00:00,0.6449
2024-05-02 13:00:00,0.6662
2024-05-02 14:00:00,0.6831
2024-05-02 15:00:00,0.6888
2024-05-02 16:00:00,0.6821
2024-05-02 17:00:00,0.6785
2024-05-02 18:00:00,0.6732
2024-05-02 19:00:00,0.6685
2024-05-02 20:00:00,0.6512
2024-05-02 21:00:00,0.6194
2024-05-02 22:00:00,0.5866
2024-05-02 23:00:00,0.5763
2024-05-03 00:00:00,0.5887
2024-05-03 01:00:00,0.6123
2024-05-03 02:00:00,0.6538
2024-05-03 03:00:00,0.683
2024-05-03 04:00:00,0.6812
2024-05-03 05:00:00,0.6605
2024-05-03 06:00:00,0.6364
2024-05-03 07:00:00,0.626
2024-05-03 08:00:00,0.6385
2024-05-03 09:00:00,0.6593
2024-05-03 10:00:00,0.6978
2024-05-03 11:00:00,0.747
2024-05-03 12:00:00,0.7838
2024-05-03 13:00:00,0.8039
2024-05-03 14:00:00,0.8187
2024-05-03 15:00:00,0.8376
2024-05-03 16:00:00,0.8516
2024-05-03 17:00:00,0.8433
2024-05-03 18:00:00,0.8363
2024-05-03 19:00:00,0.8441
2024-05-03 20:00:00,0.8574
2024-05-03 21:00:00,0.8661
2024-05-03 22:00:00,0.8586
2024-05-03 23:00:00,0.8332
2024-05-04 00:00:00,0.802
2024-05-04 01:00:00,0.7789
2024-05-04 02:00:00,0.758
2024-05-04 03:00:00,0.7313
2024-05-04 04:00:00,0.6983
2024-05-04 05:00:00,0.6611
2024-05-04 06:00:00,0.6168
2024-05-04 07:00:00,0.5855
2024-05-04 08:00:00,0.5823
2024-05-04 09:00:00,0.5738
2024-05-04 10:00:00,0.5453
2024-05-04 11:00:00,0.4996
2024-05-04 12:00:00,0.4388
2024-05-04 13:00:00,0.3768
2024-05-04 14:00:00,0.3196
2024-05-04 15:00:00,0.2741
2024-05-04 16:00:00,0.2483
2024-05-04 17:00:00,0.252
2024-05-04 18:00:00,0.2893
2024-05-04 19:00:00,0.3311
2024-05-04 20:00:00,0.3362
2024-05-04 21:00:00,0.2947
2024-05-04 22:00:00,0.2341
2024-05-04 23:00:00,0.1906
2024-05-05 00:00:00,0.1715
2024-05-05 01:00:00,0.166
2024-05-05 02:00:00,0.1695
2024-05-05 03:00:00,0.1683
2024-05-05 04:00:00,0.1751
2024-05-05 05:00:00,0.1993
2024-05-05 06:00:00,0.2282
2024-05-05 07:00:00,0.2554
2024-05-05 08:00:00,0.2615
2024-05-05 09:00:00,0.2391
2024-05-05 10:00:00,0.195
2024-05-05 11:00:00,0.1378
2024-05-05 12:00:00,0.0876
2024-05-05 13:00:00,0.0549
2024-05-05 14:00:00,0.0341
2024-05-05 15:00:00,0.0266
2024-05-05 16:00:00,0.0297
2024-05-05 17:00:00,0.0436
2024-05-05 18:00:00,0.0688
2024-05-05 19:00:00,0.1063
2024-05-05 20:00:00,0.1516
2024-05-05 21:00:00,0.1969
2024-05-05 22:00:00,0.2234
2024-05-05 23:00:00,0.2262
2024-05-06 00:00:00,0.2082
2024-05-06 01:00:00,0.1836
2024-05-06 02:00:00,0.1744
2024-05-06 03:00:00,0.1745
2024-05-06 04:00:00,0.1763
2024-05-06 05:00:00,0.1807
2024-05-06 06:00:00,0.1784
2024-05-06 07:00:00,0.1899
2024-05-06 08:00:00,0.2187
2024-05-06 09:00:00,0.2344
2024-05-06 10:00:00,0.2229
2024-05-06 11:00:00,0.1923
2024-05-06 12:00:00,0.1698
2024-05-06 13:00:00,0.1781
2024-05-06 14:00:00,0.2257
2024-05-06 15:00:00,0.2957
2024-05-06 16:00:00,0.3597
2024-05-06 17:00:00,0.4018
2024-05-06 18:00:00,0.4241
2024-05-06 19:00:00,0.437
2024-05-06 20:00:00,0.4308
2024-05-06 21:00:00,0.4105
2024-05-06 22:00:00,0.3786
2024-05-06 23:00:00,0.3471
2024-05-07 00:00:00,0.3174
2024-05-07 01:00:00,0.2951
2024-05-07 02:00:00,0.2854
2024-05-07 03:00:00,0.2925
2024-05-07 04:00:00,0.3184
2024-05-07 05:00:00,0.3495
2024-05-07 06:00:00,0.3696
2024-05-07 07:00:00,0.3815
2024-05-07 08:00:00,0.3852
2024-05-07 09:00:00,0.3993
2024-05-07 10:00:00,0.421
2024-05-07 11:00:00,0.4328
2024-05-07 12:00:00,0.4462
2024-05-07 13:00:00,0.4685
2024-05-07 14:00:00,0.4981
2024-05-07 15:00:00,0.5121
2024-05-07 16:00:00,0.5218
2024-05-07 17:00:00,0.5295
2024-05-07 18:00:00,0.5221
2024-05-07 19:00:00,0.5061
2024-05-07 20:00:00,0.4844
2024-05-07 21:00:00,0.4584
2024-05-07 22:00:00,0.4439
2024-05-07 23:00:00,0.4309
2024-05-08 00:00:00,0.422
2024-05-08 01:00:00,0.4302
2024-05-08 02:00:00,0.4511
2024-05-08 03:00:00,0.4522
2024-05-08 04:00:00,0.4348
2024-05-08 05:00:00,0.4054
2024-05-08 06:00:00,0.3856
2024-05-08 07:00:00,0.3805
2024-05-08 08:00:00,0.3789
2024-05-08 09:00:00,0.3543
2024-05-08 10:00:00,0.3183
2024-05-08 11:00:00,0.2862
2024-05-08 12:00:00,0.2535
2024-05-08 13:00:00,0.2227
2024-05-08 14:00:00,0.1957
2024-05-08 15:00:00,0.1696
2024-05-08 16:00:00,0.1457
2024-05-08 17:00:00,0.122
2024-05-08 18:00:00,0.0995
2024-05-08 19:00:00,0.0781
2024-05-08 20:00:00,0.0578
2024-05-08 21:00:00,0.0514
2024-05-08 22:00:00,0.0601
2024-05-08 23:00:00,0.0837
2024-05-09 00:00:00,0.1168
2024-05-09 01:00:00,0.1511
2024-05-09 02:00:00,0.1835
2024-05-09 03:00:00,0.2129
2024-05-09 04:00:00,0.2311
2024-05-09 05:00:00,0.244
2024-05-09 06:00:00,0.2551
2024-05-09 07:00:00,0.2629
2024-05-09 08:00:00,0.2664
2024-05-09 09:00:00,0.268
2024-05-09 10:00:00,0.2796
2024-05-09 11:00:00,0.2981
2024-05-09 12:00:00,0.2951
2024-05-09 13:00:00,0.2679
2024-05-09 14:00:00,0.2276
2024-05-09 15:00:00,0.1782
2024-05-09 16:00:00,0.1366
2024-05-09 17:00:00,0.1108
2024-05-09 18:00:00,0.0967
2024-05-09 19:00:00,0.088
2024-05-09 20:00:00,0.0835
2024-05-09 21:00:00,0.0821
2024-05-09 22:00:00,0.0826
2024-05-09 23:00:00,0.0798
2024-05-10 00:00:00,0.0761
2024-05-10 01:00:00,0.0748
2024-05-10 02:00:00,0.0766
2024-05-10 03:00:00,0.0688
2024-05-10 04:00:00,0.0566
2024-05-10 05:00:00,0.0489
2024-05-10 06:00:00,0.0445
2024-05-10 07:00:00,0.044
2024-05-10 08:00:00,0.0481
2024-05-10 09:00:00,0.0559
2024-05-10 10:00:00,0.0703
2024-05-10 11:00:00,0.0944
2024-05-10 12:00:00,0.124
2024-05-10 13:00:00,0.1542
2024-05-10 14:00:00,0.1833
2024-05-10 15:00:00,0.2165
2024-05-10 16:00:00,0.255
2024-05-10 17:00:00,0.2959
2024-05-10 18:00:00,0.336
2024-05-10 19:00:00,0.3723
2024-05-10 20:00:00,0.3943
2024-05-10 21:00:00,0.4028
2024-05-10 22:00:00,0.399
2024-05-10 23:00:00,0.3913
2024-05-11 00:00:00,0.3833
2024-05-11 01:00:00,0.3739
2024-05-11 02:00:00,0.3672
2024-05-11 03:00:00,0.3594
2024-05-11 04:00:00,0.3472
2024-05-11 05:00:00,0.3307
2024-05-11 06:00:00,0.3129
2024-05-11 07:00:00,0.2973
2024-05-11 08:00:00,0.284
2024-05-11 09:00:00,0.2918
2024-05-11 10:00:00,0.3248
2024-05-11 11:00:00,0.3703
2024-05-11 12:00:00,0.4265
2024-05-11 13:00:00,0.4847
2024-05-11 14:00:00,0.5401
2024-05-11 15:00:00,0.5955
2024-05-11 16:00:00,0.6538
2024-05-11 17:00:00,0.7112
2024-05-11 18:00:00,0.7596
2024-05-11 19:00:00,0.7911
2024-05-11 20:00:00,0.8065
2024-05-11 21:00:00,0.818
2024-05-11 22:00:00,0.8308
2024-05-11 23:00:00,0.8382
2024-05-12 00:00:00,0.8421
2024-05-12 01:00:00,0.8475
2024-05-12 02:00:00,0.8484
2024-05-12 03:00:00,0.8381
2024-05-12 04:00:00,0.826
2024-05-12 05:00:00,0.8002
2024-05-12 06:00:00,0.7843
2024-05-12 07:00:00,0.7811
2024-05-12 08:00:00,0.8023
2024-05-12 09:00:00,0.8314
2024-05-12 10:00:00,0.8551
2024-05-12 11:00:00,0.8715
2024-05-12 12:00:00,0.8752
2024-05-12 13:00:00,0.8626
2024-05-12 14:00:00,0.8355
2024-05-12 15:00:00,0.8022
2024-05-12 16:00:00,0.7803
2024-05-12 17:00:00,0.7808
2024-05-12 18:00:00,0.7832
2024-05-12 19:00:00,0.7763
2024-05-12 20:00:00,0.7686
2024-05-12 21:00:00,0.7746
2024-05-12 22:00:00,0.7804
2024-05-12 23:00:00,0.7733
2024-05-13 00:00:00,0.7619
2024-05-13 01:00:00,0.7513
2024-05-13 02:00:00,0.749
2024-05-13 03:00:00,0.7269
2024-05-13 04:00:00,0.7131
2024-05-13 05:00:00,0.7142
2024-05-13 06:00:00,0.7161
2024-05-13 07:00:00,0.722
2024-05-13 08:00:00,0.7329
2024-05-13 09:00:00,0.7008
2024-05-13 10:00:00,0.6324
2024-05-13 11:00:00,0.5571
2024-05-13 12:00:00,0.4719
2024-05-13 13:00:00,0.3937
2024-05-13 14:00:00,0.3386
2024-05-13 15:00:00,0.3009
2024-05-13 16:00:00,0.2762
2024-05-13 17:00:00,0.276
2024-05-13 18:00:00,0.3185
2024-05-13 19:00:00,0.409
2024-05-13 20:00:00,0.5217
2024-05-13 21:00:00,0.6395
2024-05-13 22:00:00,0.7353
2024-05-13 23:00:00,0.7926
2024-05-14 00:00:00,0.823
2024-05-14 01:00:00,0.8469
2024-05-14 02:00:00,0.8676
2024-05-14 03:00:00,0.8778
2024-05-14 04:00:00,0.8855
2024-05-14 05:00:00,0.8953
2024-05-14 06:00:00,0.9061
2024-05-14 07:00:00,0.922
2024-05-14 08:00:00,0.9362
2024-05-14 09:00:00,0.941
2024-05-14 10:00:00,0.9325
2024-05-14 11:00:00,0.9085
2024-05-14 12:00:00,0.8754
2024-05-14 13:00:00,0.8528
2024-05-14 14:00:00,0.8275
2024-05-14 15:00:00,0.7948
2024-05-14 16:00:00,0.7607
2024-05-14 17:00:00,0.7225
2024-05-14 18:00:00,0.6808
2024-05-14 19:00:00,0.6289
2024-05-14 20:00:00,0.5615
2024-05-14 21:00:00,0.4832
2024-05-14 22:00:00,0.3931
2024-05-14 23:00:00,0.3029
2024-05-15 00:00:00,0.2536
2024-05-15 01:00:00,0.2506
2024-05-15 02:00:00,0.2824
2024-05-15 03:00:00,0.3141
2024-05-15 04:00:00,0.3538
2024-05-15 05:00:00,0.4074
2024-05-15 06:00:00,0.468
2024-05-15 07:00:00,0.5266
2024-05-15 08:00:00,0.5685
2024-05-15 09:00:00,0.579
2024-05-15 10:00:00,0.5672
2024-05-15 11:00:00,0.5442
2024-05-15 12:00:00,0.516
2024-05-15 13:00:00,0.4836
2024-05-15 14:00:00,0.4472
2024-05-15 15:00:00,0.4266
2024-05-15 16:00:00,0.3994
2024-05-15 17:00:00,0.3732
2024-05-15 18:00:00,0.3548
2024-05-15 19:00:00,0.3449
2024-05-15 20:00:00,0.3529
2024-05-15 21:00:00,0.3701
2024-05-15 22:00:00,0.3886
2024-05-15 23:00:00,0.4045
2024-05-16 00:00:00,0.4165
2024-05-16 01:00:00,0.4057
2024-05-16 02:00:00,0.376
2024-05-16 03:00:00,0.3774
2024-05-16 04:00:00,0.4407
2024-05-16 05:00:00,0.525
2024-05-16 06:00:00,0.5947
2024-05-16 07:00:00,0.644
2024-05-16 08:00:00,0.6648
2024-05-16 09:00:00,0.6599
2024-05-16 10:00:00,0.6418
2024-05-16 11:00:00,0.6294
2024-05-16 12:00:00,0.6153
2024-05-16 13:00:00,0.5953
2024-05-16 14:00:00,0.5693
2024-05-16 15:00:00,0.5306
2024-05-16 16:00:00,0.4791
2024-05-16 17:00:00,0.4331
2024-05-16 18:00:00,0.3889
2024-05-16 19:00:00,0.3431
2024-05-16 20:00:00,0.2947
2024-05-16 21:00:00,0.2672
2024-05-16 22:00:00,0.2444
2024-05-16 23:00:00,0.2112
2024-05-17 00:00:00,0.1755
2024-05-17 01:00:00,0.1658
2024-05-17 02:00:00,0.2113
2024-05-17 03:00:00,0.2988
2024-05-17 04:00:00,0.3761
2024-05-17 05:00:00,0.4023
2024-05-17 06:00:00,0.3909
2024-05-17 07:00:00,0.3799
2024-05-17 08:00:00,0.3795
2024-05-17 09:00:00,0.3881
2024-05-17 10:00:00,0.4043
2024-05-17 11:00:00,0.4343
2024-05-17 12:00:00,0.4805
2024-05-17 13:00:00,0.5135
2024-05-17 14:00:00,0.5133
2024-05-17 15:00:00,0.5044
2024-05-17 16:00:00,0.5041
2024-05-17 17:00:00,0.5115
2024-05-17 18:00:00,0.5188
2024-05-17 19:00:00,0.5268
2024-05-17 20:00:00,0.5385
2024-05-17 21:00:00,0.5459
2024-05-17 22:00:00,0.5221
2024-05-17 23:00:00,0.4978
2024-05-18 00:00:00,0.4786
2024-05-18 01:00:00,0.4688
2024-05-18 02:00:00,0.4656
2024-05-18 03:00:00,0.4673
2024-05-18 04:00:00,0.4672
2024-05-18 05:00:00,0.456
2024-05-18 06:00:00,0.4381
2024-05-18 07:00:00,0.4175
2024-05-18 08:00:00,0.385
2024-05-18 09:00:00,0.35
2024-05-18 10:00:00,0.3249
2024-05-18 11:00:00,0.3117
2024-05-18 12:00:00,0.3253
2024-05-18 13:00:00,0.3674
2024-05-18 14:00:00,0.4146
2024-05-18 15:00:00,0.4595
2024-05-18 16:00:00,0.4904
2024-05-18 17:00:00,0.5018
2024-05-18 18:00:00,0.5044
2024-05-18 19:00:00,0.508
2024-05-18 20:00:00,0.5098
2024-05-18 21:00:00,0.5063
2024-05-18 22:00:00,0.5058
2024-05-18 23:00:00,0.5164
2024-05-19 00:00:00,0.5391
2024-05-19 01:00:00,0.571
2024-05-19 02:00:00,0.6037
2024-05-19 03:00:00,0.6211
2024-05-19 04:00:00,0.6275
2024-05-19 05:00:00,0.6272
2024-05-19 06:00:00,0.6249
2024-05-19 07:00:00,0.6327
2024-05-19 08:00:00,0.6462
2024-05-19 09:00:00,0.6578
2024-05-19 10:00:00,0.6584
2024-05-19 11:00:00,0.6666
2024-05-19 12:00:00,0.6804
2024-05-19 13:00:00,0.6971
2024-05-19 14:00:00,0.7159
2024-05-19 15:00:00,0.7418
2024-05-19 16:00:00,0.7602
2024-05-19 17:00:00,0.7643
2024-05-19 18:00:00,0.7684
2024-05-19 19:00:00,0.7712
2024-05-19 20:00:00,0.7814
2024-05-19 21:00:00,0.7715
2024-05-19 22:00:00,0.7655
2024-05-19 23:00:00,0.7581
2024-05-20 00:00:00,0.7537
2024-05-20 01:00:00,0.7521
2024-05-20 02:00:00,0.7503
2024-05-20 03:00:00,0.7427
2024-05-20 04:00:00,0.732
2024-05-20 05:00:00,0.7219
2024-05-20 06:00:00,0.7087
2024-05-20 07:00:00,0.6883
2024-05-20 08:00:00,0.6637
2024-05-20 09:00:00,0.6415
2024-05-20 10:00:00,0.6225
2024-05-20 11:00:00,0.608
2024-05-20 12:00:00,0.6004
2024-05-20 13:00:00,0.6031
2024-05-20 14:00:00,0.609
2024-05-20 15:00:00,0.6227
2024-05-20 16:00:00,0.6354
2024-05-20 17:00:00,0.6291
2024-05-20 18:00:00,0.6162
2024-05-20 19:00:00,0.6136
2024-05-20 20:00:00,0.6123
2024-05-20 21:00:00,0.6008
2024-05-20 22:00:00,0.5834
2024-05-20 23:00:00,0.5648
2024-05-21 00:00:00,0.5557
2024-05-21 01:00:00,0.5522
2024-05-21 02:00:00,0.5472
2024-05-21 03:00:00,0.5335
2024-05-21 04:00:00,0.5138
2024-05-21 05:00:00,0.4947
2024-05-21 06:00:00,0.4884
2024-05-21 07:00:00,0.5044
2024-05-21 08:00:00,0.5378
2024-05-21 09:00:00,0.5755
2024-05-21 10:00:00,0.6024
2024-05-21 11:00:00,0.6003
2024-05-21 12:00:00,0.5689
2024-05-21 13:00:00,0.5433
2024-05-21 14:00:00,0.5452
2024-05-21 15:00:00,0.5728
2024-05-21 16:00:00,0.5992
2024-05-21 17:00:00,0.6111
2024-05-21 18:00:00,0.6191
2024-05-21 19:00:00,0.6273
2024-05-21 20:00:00,0.6248
2024-05-21 21:00:00,0.6293
2024-05-21 22:00:00,0.6613
2024-05-21 23:00:00,0.6993
2024-05-22 00:00:00,0.715
2024-05-22 01:00:00,0.7107
2024-05-22 02:00:00,0.7185
2024-05-22 03:00:00,0.7329
2024-05-22 04:00:00,0.757
2024-05-22 05:00:00,0.7893
2024-05-22 06:00:00,0.8086
2024-05-22 07:00:00,0.8608
2024-05-22 08:00:00,0.8875
2024-05-22 09:00:00,0.8743
2024-05-22 10:00:00,0.858
2024-05-22 11:00:00,0.8742
2024-05-22 12:00:00,0.8991
2024-05-22 13:00:00,0.8948
2024-05-22 14:00:00,0.8898
2024-05-22 15:00:00,0.875
2024-05-22 16:00:00,0.8531
2024-05-22 17:00:00,0.8227
2024-05-22 18:00:00,0.8129
2024-05-22 19:00:00,0.805
2024-05-22 20:00:00,0.7907
2024-05-22 21:00:00,0.7894
2024-05-22 22:00:00,0.7983
2024-05-22 23:00:00,0.7787
2024-05-23 00:00:00,0.7517
2024-05-23 01:00:00,0.7303
2024-05-23 02:00:00,0.7176
2024-05-23 03:00:00,0.7049
2024-05-23 04:00:00,0.6836
2024-05-23 05:00:00,0.6581
2024-05-23 06:00:00,0.6482
2024-05-23 07:00:00,0.6443
2024-05-23 08:00:00,0.6464
2024-05-23 09:00:00,0.6586
2024-05-23 10:00:00,0.6675
2024-05-23 11:00:00,0.6739
2024-05-23 12:00:00,0.6652
2024-05-23 13:00:00,0.639
2024-05-23 14:00:00,0.6046
2024-05-23 15:00:00,0.5705
2024-05-23 16:00:00,0.5399
2024-05-23 17:00:00,0.5142
2024-05-23 18:00:00,0.4987
2024-05-23 19:00:00,0.5009
2024-05-23 20:00:00,0.5037
2024-05-23 21:00:00,0.5072
2024-05-23 22:00:00,0.4916
2024-05-23 23:00:00,0.4447
2024-05-24 00:00:00,0.3858
2024-05-24 01:00:00,0.3336
2024-05-24 02:00:00,0.2913
2024-05-24 03:00:00,0.252
2024-05-24 04:00:00,0.2267
2024-05-24 05:00:00,0.2107
2024-05-24 06:00:00,0.1988
2024-05-24 07:00:00,0.1823
2024-05-24 08:00:00,0.1567
2024-05-24 09:00:00,0.1117
2024-05-24 10:00:00,0.061
2024-05-24 11:00:00,0.0344
2024-05-24 12:00:00,0.0317
2024-05-24 13:00:00,0.05
2024-05-24 14:00:00,0.1023
2024-05-24 15:00:00,0.193
2024-05-24 16:00:00,0.293
2024-05-24 17:00:00,0.3747
2024-05-24 18:00:00,0.4378
2024-05-24 19:00:00,0.4956
2024-05-24 20:00:00,0.5467
2024-05-24 21:00:00,0.5865
2024-05-24 22:00:00,0.6044
2024-05-24 23:00:00,0.6322
2024-05-25 00:00:00,0.6348
2024-05-25 01:00:00,0.6359
2024-05-25 02:00:00,0.6515
2024-05-25 03:00:00,0.6624
2024-05-25 04:00:00,0.6753
2024-05-25 05:00:00,0.6714
2024-05-25 06:00:00,0.6535
2024-05-25 07:00:00,0.6292
2024-05-25 08:00:00,0.5886
2024-05-25 09:00:00,0.5448
2024-05-25 10:00:00,0.5177
2024-05-25 11:00:00,0.5104
2024-05-25 12:00:00,0.5318
2024-05-25 13:00:00,0.5575
2024-05-25 14:00:00,0.572
2024-05-25 15:00:00,0.5706
2024-05-25 16:00:00,0.5383
2024-05-25 17:00:00,0.4986
2024-05-25 18:00:00,0.4706
2024-05-25 19:00:00,0.4556
2024-05-25 20:00:00,0.4676
2024-05-25 21:00:00,0.5124
2024-05-25 22:00:00,0.5533
2024-05-25 23:00:00,0.5597
2024-05-26 00:00:00,0.5402
2024-05-26 01:00:00,0.5244
2024-05-26 02:00:00,0.5389
2024-05-26 03:00:00,0.5508
2024-05-26 04:00:00,0.5807
2024-05-26 05:00:00,0.6207
2024-05-26 06:00:00,0.6614
2024-05-26 07:00:00,0.7158
2024-05-26 08:00:00,0.7515
2024-05-26 09:00:00,0.7934
2024-05-26 10:00:00,0.8145
2024-05-26 11:00:00,0.8092
2024-05-26 12:00:00,0.7866
2024-05-26 13:00:00,0.7405
2024-05-26 14:00:00,0.7013
2024-05-26 15:00:00,0.681
2024-05-26 16:00:00,0.6639
2024-05-26 17:00:00,0.6498
2024-05-26 18:00:00,0.6442
2024-05-26 19:00:00,0.6565
2024-05-26 20:00:00,0.6661
2024-05-26 21:00:00,0.6679
2024-05-26 22:00:00,0.6665
2024-05-26 23:00:00,0.675
2024-05-27 00:00:00,0.6861
2024-05-27 01:00:00,0.6927
2024-05-27 02:00:00,0.6923
2024-05-27 03:00:00,0.6812
2024-05-27 04:00:00,0.6638
2024-05-27 05:00:00,0.6484
2024-05-27 06:00:00,0.6466
2024-05-27 07:00:00,0.6514
2024-05-27 08:00:00,0.6522
2024-05-27 09:00:00,0.6361
2024-05-27 10:00:00,0.6153
2024-05-27 11:00:00,0.6084
2024-05-27 12:00:00,0.6139
2024-05-27 13:00:00,0.6193
2024-05-27 14:00:00,0.6076
2024-05-27 15:00:00,0.5628
2024-05-27 16:00:00,0.4963
2024-05-27 17:00:00,0.453
2024-05-27 18:00:00,0.434
2024-05-27 19:00:00,0.4177
2024-05-27 20:00:00,0.4016
2024-05-27 21:00:00,0.4186
2024-05-27 22:00:00,0.4428
2024-05-27 23:00:00,0.4577
2024-05-28 00:00:00,0.4598
2024-05-28 01:00:00,0.4632
2024-05-28 02:00:00,0.4458
2024-05-28 03:00:00,0.3961
2024-05-28 04:00:00,0.3391
2024-05-28 05:00:00,0.3141
2024-05-28 06:00:00,0.3254
2024-05-28 07:00:00,0.3559
2024-05-28 08:00:00,0.3982
2024-05-28 09:00:00,0.4281
2024-05-28 10:00:00,0.453
2024-05-28 11:00:00,0.4886
2024-05-28 12:00:00,0.5203
2024-05-28 13:00:00,0.5496
2024-05-28 14:00:00,0.5863
2024-05-28 15:00:00,0.6298
2024-05-28 16:00:00,0.6946
2024-05-28 17:00:00,0.7599
2024-05-28 18:00:00,0.8119
2024-05-28 19:00:00,0.8674
2024-05-28 20:00:00,0.9042
2024-05-28 21:00:00,0.9217
2024-05-28 22:00:00,0.9226
2024-05-28 23:00:00,0.92
2024-05-29 00:00:00,0.9005
2024-05-29 01:00:00,0.86
2024-05-29 02:00:00,0.8047
2024-05-29 03:00:00,0.7685
2024-05-29 04:00:00,0.7707
2024-05-29 05:00:00,0.767
2024-05-29 06:00:00,0.7633
2024-05-29 07:00:00,0.7567
2024-05-29 08:00:00,0.7668
2024-05-29 09:00:00,0.7729
2024-05-29 10:00:00,0.7608
2024-05-29 11:00:00,0.7397
2024-05-29 12:00:00,0.7189
2024-05-29 13:00:00,0.6955
2024-05-29 14:00:00,0.6701
2024-05-29 15:00:00,0.641
2024-05-29 16:00:00,0.6059
2024-05-29 17:00:00,0.564
2024-05-29 18:00:00,0.54
2024-05-29 19:00:00,0.5375
2024-05-29 20:00:00,0.5406
2024-05-29 21:00:00,0.5481
2024-05-29 22:00:00,0.5509
2024-05-29 23:00:00,0.5462
2024-05-30 00:00:00,0.538
2024-05-30 01:00:00,0.5167
2024-05-30 02:00:00,0.4832
2024-05-30 03:00:00,0.4668
2024-05-30 04:00:00,0.4712
2024-05-30 05:00:00,0.4764
2024-05-30 06:00:00,0.4781
2024-05-30 07:00:00,0.4835
2024-05-30 08:00:00,0.5033
2024-05-30 09:00:00,0.5203
2024-05-30 10:00:00,0.5199
2024-05-30 11:00:00,0.5034
2024-05-30 12:00:00,0.4676
2024-05-30 13:00:00,0.4148
2024-05-30 14:00:00,0.3614
2024-05-30 15:00:00,0.3305
2024-05-30 16:00:00,0.329
2024-05-30 17:00:00,0.3456
2024-05-30 18:00:00,0.362
2024-05-30 19:00:00,0.3737
2024-05-30 20:00:00,0.3748
2024-05-30 21:00:00,0.3818
2024-05-30 22:00:00,0.3901
2024-05-30 23:00:00,0.3939
2024-05-31 00:00:00,0.4085
2024-05-31 01:00:00,0.4529
2024-05-31 02:00:00,0.509
2024-05-31 03:00:00,0.5584
2024-05-31 04:00:00,0.5814
2024-05-31 05:00:00,0.558
2024-05-31 06:00:00,0.527
2024-05-31 07:00:00,0.5322
2024-05-31 08:00:00,0.594
2024-05-31 09:00:00,0.7073
2024-05-31 10:00:00,0.8119
2024-05-31 11:00:00,0.8658
2024-05-31 12:00:00,0.8752
2024-05-31 13:00:00,0.9037
2024-05-31 14:00:00,0.9282
2024-05-31 15:00:00,0.9418
2024-05-31 16:00:00,0.9477
2024-05-31 17:00:00,0.9544
2024-05-31 18:00:00,0.9594
2024-05-31 19:00:00,0.9633
2024-05-31 20:00:00,0.9675
2024-05-31 21:00:00,0.9704
2024-05-31 22:00:00,0.9725
2024-05-31 23:00:00,0.9731
2024-06-01 00:00:00,0.9731
2024-06-01 01:00:00,0.9702
2024-06-01 02:00:00,0.9632
2024-06-01 03:00:00,0.9563
2024-06-01 04:00:00,0.9521
2024-06-01 05:00:00,0.9505
2024-06-01 06:00:00,0.9525
2024-06-01 07:00:00,0.9559
2024-06-01 08:00:00,0.9604
2024-06-01 09:00:00,0.9598
2024-06-01 10:00:00,0.9568
2024-06-01 11:00:00,0.9543
2024-06-01 12:00:00,0.9521
2024-06-01 13:00:00,0.9504
2024-06-01 14:00:00,0.9501
2024-06-01 15:00:00,0.9524
2024-06-01 16:00:00,0.9558
2024-06-01 17:00:00,0.9561
2024-06-01 18:00:00,0.952
2024-06-01 19:00:00,0.9442
2024-06-01 20:00:00,0.9341
2024-06-01 21:00:00,0.927
2024-06-01 22:00:00,0.9196
2024-06-01 23:00:00,0.9122
2024-06-02 00:00:00,0.9057
2024-06-02 01:00:00,0.8998
2024-06-02 02:00:00,0.8956
2024-06-02 03:00:00,0.892
2024-06-02 04:00:00,0.8843
2024-06-02 05:00:00,0.8695
2024-06-02 06:00:00,0.8496
2024-06-02 07:00:00,0.8345
2024-06-02 08:00:00,0.8265
2024-06-02 09:00:00,0.818
2024-06-02 10:00:00,0.8017
2024-06-02 11:00:00,0.7721
2024-06-02 12:00:00,0.7394
2024-06-02 13:00:00,0.7156
2024-06-02 14:00:00,0.6958
2024-06-02 15:00:00,0.6768
2024-06-02 16:00:00,0.6673
2024-06-02 17:00:00,0.6519
2024-06-02 18:00:00,0.6133
2024-06-02 19:00:00,0.5472
2024-06-02 20:00:00,0.4541
2024-06-02 21:00:00,0.3603
2024-06-02 22:00:00,0.3026
2024-06-02 23:00:00,0.2887
2024-06-03 00:00:00,0.3078
2024-06-03 01:00:00,0.3367
2024-06-03 02:00:00,0.359
2024-06-03 03:00:00,0.354
2024-06-03 04:00:00,0.3239
2024-06-03 05:00:00,0.2832
2024-06-03 06:00:00,0.2457
2024-06-03 07:00:00,0.2397
2024-06-03 08:00:00,0.2648
2024-06-03 09:00:00,0.3091
2024-06-03 10:00:00,0.3542
2024-06-03 11:00:00,0.3883
2024-06-03 12:00:00,0.3933
2024-06-03 13:00:00,0.3539
2024-06-03 14:00:00,0.2906
2024-06-03 15:00:00,0.2269
2024-06-03 16:00:00,0.1798
2024-06-03 17:00:00,0.157
2024-06-03 18:00:00,0.1429
2024-06-03 19:00:00,0.1276
2024-06-03 20:00:00,0.1174
2024-06-03 21:00:00,0.1399
2024-06-03 22:00:00,0.1926
2024-06-03 23:00:00,0.2654
2024-06-04 00:00:00,0.3377
2024-06-04 01:00:00,0.3971
2024-06-04 02:00:00,0.4301
2024-06-04 03:00:00,0.4259
2024-06-04 04:00:00,0.4235
2024-06-04 05:00:00,0.4558
2024-06-04 06:00:00,0.5315
2024-06-04 07:00:00,0.6268
2024-06-04 08:00:00,0.7073
2024-06-04 09:00:00,0.7621
2024-06-04 10:00:00,0.7953
2024-06-04 11:00:00,0.8197
2024-06-04 12:00:00,0.8527
2024-06-04 13:00:00,0.8738
2024-06-04 14:00:00,0.8967
2024-06-04 15:00:00,0.918
2024-06-04 16:00:00,0.9351
2024-06-04 17:00:00,0.9423
2024-06-04 18:00:00,0.9398
2024-06-04 19:00:00,0.9329
2024-06-04 20:00:00,0.9324
2024-06-04 21:00:00,0.9289
2024-06-04 22:00:00,0.9078
2024-06-04 23:00:00,0.9052
2024-06-05 00:00:00,0.885
2024-06-05 01:00:00,0.837
2024-06-05 02:00:00,0.7994
2024-06-05 03:00:00,0.7625
2024-06-05 04:00:00,0.7096
2024-06-05 05:00:00,0.6454
2024-06-05 06:00:00,0.5991
2024-06-05 07:00:00,0.587
2024-06-05 08:00:00,0.5961
2024-06-05 09:00:00,0.6053
2024-06-05 10:00:00,0.6156
2024-06-05 11:00:00,0.6404
2024-06-05 12:00:00,0.6638
2024-06-05 13:00:00,0.6709
2024-06-05 14:00:00,0.6667
2024-06-05 15:00:00,0.6555
2024-06-05 16:00:00,0.6502
2024-06-05 17:00:00,0.6452
2024-06-05 18:00:00,0.6407
2024-06-05 19:00:00,0.6524
2024-06-05 20:00:00,0.6669
2024-06-05 21:00:00,0.6703
2024-06-05 22:00:00,0.6771
2024-06-05 23:00:00,0.6867
2024-06-06 00:00:00,0.6841
2024-06-06 01:00:00,0.6713
2024-06-06 02:00:00,0.6496
2024-06-06 03:00:00,0.6269
2024-06-06 04:00:00,0.6048
2024-06-06 05:00:00,0.5844
2024-06-06 06:00:00,0.5617
2024-06-06 07:00:00,0.5238
2024-06-06 08:00:00,0.4816
2024-06-06 09:00:00,0.4306
2024-06-06 10:00:00,0.3949
2024-06-06 11:00:00,0.3758
2024-06-06 12:00:00,0.3573
2024-06-06 13:00:00,0.3299
2024-06-06 14:00:00,0.2811
2024-06-06 15:00:00,0.2178
2024-06-06 16:00:00,0.1663
2024-06-06 17:00:00,0.1418
2024-06-06 18:00:00,0.135
2024-06-06 19:00:00,0.1325
2024-06-06 20:00:00,0.1523
2024-06-06 21:00:00,0.2197
2024-06-06 22:00:00,0.3272
2024-06-06 23:00:00,0.4355
2024-06-07 00:00:00,0.5122
2024-06-07 01:00:00,0.5717
2024-06-07 02:00:00,0.6121
2024-06-07 03:00:00,0.6037
2024-06-07 04:00:00,0.5718
2024-06-07 05:00:00,0.5205
2024-06-07 06:00:00,0.4893
2024-06-07 07:00:00,0.4619
2024-06-07 08:00:00,0.4357
2024-06-07 09:00:00,0.416
2024-06-07 10:00:00,0.4439
2024-06-07 11:00:00,0.5054
2024-06-07 12:00:00,0.5588
2024-06-07 13:00:00,0.5677
2024-06-07 14:00:00,0.533
2024-06-07 15:00:00,0.4914
2024-06-07 16:00:00,0.4942
2024-06-07 17:00:00,0.5546
2024-06-07 18:00:00,0.6522
2024-06-07 19:00:00,0.7442
2024-06-07 20:00:00,0.8053
2024-06-07 21:00:00,0.8363
2024-06-07 22:00:00,0.8409
2024-06-07 23:00:00,0.8143
2024-06-08 00:00:00,0.8061
2024-06-08 01:00:00,0.7818
2024-06-08 02:00:00,0.7528
2024-06-08 03:00:00,0.6989
2024-06-08 04:00:00,0.6285
2024-06-08 05:00:00,0.5804
2024-06-08 06:00:00,0.5821
2024-06-08 07:00:00,0.6469
2024-06-08 08:00:00,0.714
2024-06-08 09:00:00,0.7623
2024-06-08 10:00:00,0.7894
2024-06-08 11:00:00,0.799
2024-06-08 12:00:00,0.7887
2024-06-08 13:00:00,0.7541
2024-06-08 14:00:00,0.7154
2024-06-08 15:00:00,0.6963
2024-06-08 16:00:00,0.6675
2024-06-08 17:00:00,0.6033
2024-06-08 18:00:00,0.5327
2024-06-08 19:00:00,0.4965
2024-06-08 20:00:00,0.493
2024-06-08 21:00:00,0.5088
2024-06-08 22:00:00,0.5475
2024-06-08 23:00:00,0.6208
2024-06-09 00:00:00,0.6945
2024-06-09 01:00:00,0.7471
2024-06-09 02:00:00,0.7832
2024-06-09 03:00:00,0.7943
2024-06-09 04:00:00,0.7894
2024-06-09 05:00:00,0.7816
2024-06-09 06:00:00,0.7876
2024-06-09 07:00:00,0.8117
2024-06-09 08:00:00,0.8431
2024-06-09 09:00:00,0.8669
2024-06-09 10:00:00,0.8743
2024-06-09 11:00:00,0.8603
2024-06-09 12:00:00,0.8266
2024-06-09 13:00:00,0.782
2024-06-09 14:00:00,0.7302
2024-06-09 15:00:00,0.671
2024-06-09 16:00:00,0.6118
2024-06-09 17:00:00,0.5658
2024-06-09 18:00:00,0.5398
2024-06-09 19:00:00,0.5146
2024-06-09 20:00:00,0.4902
2024-06-09 21:00:00,0.4814
2024-06-09 22:00:00,0.4522
2024-06-09 23:00:00,0.3767
2024-06-10 00:00:00,0.2843
2024-06-10 01:00:00,0.2161
2024-06-10 02:00:00,0.1763
2024-06-10 03:00:00,0.1777
2024-06-10 04:00:00,0.2087
2024-06-10 05:00:00,0.2487
2024-06-10 06:00:00,0.2961
2024-06-10 07:00:00,0.3494
2024-06-10 08:00:00,0.4354
2024-06-10 09:00:00,0.5606
2024-06-10 10:00:00,0.6934
2024-06-10 11:00:00,0.8339
2024-06-10 12:00:00,0.9119
2024-06-10 13:00:00,0.9432
2024-06-10 14:00:00,0.956
2024-06-10 15:00:00,0.965
2024-06-10 16:00:00,0.9683
2024-06-10 17:00:00,0.9665
2024-06-10 18:00:00,0.9606
2024-06-10 19:00:00,0.9509
2024-06-10 20:00:00,0.935
2024-06-10 21:00:00,0.9168
2024-06-10 22:00:00,0.8974
2024-06-10 23:00:00,0.8773
2024-06-11 00:00:00,0.8633
2024-06-11 01:00:00,0.8544
2024-06-11 02:00:00,0.8464
2024-06-11 03:00:00,0.8308
2024-06-11 04:00:00,0.8073
2024-06-11 05:00:00,0.7857
2024-06-11 06:00:00,0.7674
2024-06-11 07:00:00,0.7505
2024-06-11 08:00:00,0.7436
2024-06-11 09:00:00,0.7391
2024-06-11 10:00:00,0.7318
2024-06-11 11:00:00,0.7328
2024-06-11 12:00:00,0.7394
2024-06-11 13:00:00,0.7376
2024-06-11 14:00:00,0.7199
2024-06-11 15:00:00,0.6992
2024-06-11 16:00:00,0.6919
2024-06-11 17:00:00,0.6962
2024-06-11 18:00:00,0.7055
2024-06-11 19:00:00,0.7152
2024-06-11 20:00:00,0.7196
2024-06-11 21:00:00,0.7175
2024-06-11 22:00:00,0.7115
2024-06-11 23:00:00,0.7052
2024-06-12 00:00:00,0.7044
2024-06-12 01:00:00,0.7081
2024-06-12 02:00:00,0.713
2024-06-12 03:00:00,0.7185
2024-06-12 04:00:00,0.7251
2024-06-12 05:00:00,0.726
2024-06-12 06:00:00,0.7195
2024-06-12 07:00:00,0.7111
2024-06-12 08:00:00,0.7059
2024-06-12 09:00:00,0.7024
2024-06-12 10:00:00,0.69
2024-06-12 11:00:00,0.6642
2024-06-12 12:00:00,0.6323
2024-06-12 13:00:00,0.6019
2024-06-12 14:00:00,0.5716
2024-06-12 15:00:00,0.5344
2024-06-12 16:00:00,0.4871
2024-06-12 17:00:00,0.4373
2024-06-12 18:00:00,0.3766
2024-06-12 19:00:00,0.3171
2024-06-12 20:00:00,0.2726
2024-06-12 21:00:00,0.2545
2024-06-12 22:00:00,0.2593
2024-06-12 23:00:00,0.2852
2024-06-13 00:00:00,0.3174
2024-06-13 01:00:00,0.3292
2024-06-13 02:00:00,0.316
2024-06-13 03:00:00,0.3077
2024-06-13 04:00:00,0.3193
2024-06-13 05:00:00,0.3353
2024-06-13 06:00:00,0.3429
2024-06-13 07:00:00,0.3665
2024-06-13 08:00:00,0.3899
2024-06-13 09:00:00,0.4163
2024-06-13 10:00:00,0.4681
2024-06-13 11:00:00,0.54
2024-06-13 12:00:00,0.6064
2024-06-13 13:00:00,0.6536
2024-06-13 14:00:00,0.6674
2024-06-13 15:00:00,0.6235
2024-06-13 16:00:00,0.5334
2024-06-13 17:00:00,0.4681
2024-06-13 18:00:00,0.4519
2024-06-13 19:00:00,0.4868
2024-06-13 20:00:00,0.5501
2024-06-13 21:00:00,0.6081
2024-06-13 22:00:00,0.6522
2024-06-13 23:00:00,0.7097
2024-06-14 00:00:00,0.7722
2024-06-14 01:00:00,0.819
2024-06-14 02:00:00,0.8674
2024-06-14 03:00:00,0.8816
2024-06-14 04:00:00,0.8881
2024-06-14 05:00:00,0.9079
2024-06-14 06:00:00,0.908
2024-06-14 07:00:00,0.9168
2024-06-14 08:00:00,0.9177
2024-06-14 09:00:00,0.9146
2024-06-14 10:00:00,0.9006
2024-06-14 11:00:00,0.8839
2024-06-14 12:00:00,0.873
2024-06-14 13:00:00,0.8723
2024-06-14 14:00:00,0.8509
2024-06-14 15:00:00,0.8184
2024-06-14 16:00:00,0.7892
2024-06-14 17:00:00,0.7429
2024-06-14 18:00:00,0.6806
2024-06-14 19:00:00,0.6555
2024-06-14 20:00:00,0.6451
2024-06-14 21:00:00,0.6217
2024-06-14 22:00:00,0.6193
2024-06-14 23:00:00,0.5558
2024-06-15 00:00:00,0.4866
2024-06-15 01:00:00,0.444
2024-06-15 02:00:00,0.4263
2024-06-15 03:00:00,0.5105
2024-06-15 04:00:00,0.6271
2024-06-15 05:00:00,0.7167
2024-06-15 06:00:00,0.7585
2024-06-15 07:00:00,0.7665
2024-06-15 08:00:00,0.8066
2024-06-15 09:00:00,0.8427
2024-06-15 10:00:00,0.8912
2024-06-15 11:00:00,0.9314
2024-06-15 12:00:00,0.9533
2024-06-15 13:00:00,0.9578
2024-06-15 14:00:00,0.9467
2024-06-15 15:00:00,0.9278
2024-06-15 16:00:00,0.9193
2024-06-15 17:00:00,0.9252
2024-06-15 18:00:00,0.9323
2024-06-15 19:00:00,0.9428
2024-06-15 20:00:00,0.9538
2024-06-15 21:00:00,0.9495
2024-06-15 22:00:00,0.9454
2024-06-15 23:00:00,0.9326
2024-06-16 00:00:00,0.9062
2024-06-16 01:00:00,0.8829
2024-06-16 02:00:00,0.8721
2024-06-16 03:00:00,0.8564
2024-06-16 04:00:00,0.8538
2024-06-16 05:00:00,0.8645
2024-06-16 06:00:00,0.8818
2024-06-16 07:00:00,0.8946
2024-06-16 08:00:00,0.9045
2024-06-16 09:00:00,0.8946
2024-06-16 10:00:00,0.8844
2024-06-16 11:00:00,0.8724
2024-06-16 12:00:00,0.8531
2024-06-16 13:00:00,0.8219
2024-06-16 14:00:00,0.7989
2024-06-16 15:00:00,0.7884
2024-06-16 16:00:00,0.7633
2024-06-16 17:00:00,0.7304
2024-06-16 18:00:00,0.6906
2024-06-16 19:00:00,0.666
2024-06-16 20:00:00,0.6651
2024-06-16 21:00:00,0.6909
2024-06-16 22:00:00,0.7304
2024-06-16 23:00:00,0.7605
2024-06-17 00:00:00,0.7717
2024-06-17 01:00:00,0.7707
2024-06-17 02:00:00,0.7648
2024-06-17 03:00:00,0.742
2024-06-17 04:00:00,0.7068
2024-06-17 05:00:00,0.6803
2024-06-17 06:00:00,0.6707
2024-06-17 07:00:00,0.6652
2024-06-17 08:00:00,0.667
2024-06-17 09:00:00,0.6664
2024-06-17 10:00:00,0.6622
2024-06-17 11:00:00,0.648
2024-06-17 12:00:00,0.6056
2024-06-17 13:00:00,0.5488
2024-06-17 14:00:00,0.4934
2024-06-17 15:00:00,0.4588
2024-06-17 16:00:00,0.437
2024-06-17 17:00:00,0.4132
2024-06-17 18:00:00,0.3848
2024-06-17 19:00:00,0.3479
2024-06-17 20:00:00,0.3286
2024-06-17 21:00:00,0.3105
2024-06-17 22:00:00,0.2837
2024-06-17 23:00:00,0.2509
2024-06-18 00:00:00,0.2032
2024-06-18 01:00:00,0.1418
2024-06-18 02:00:00,0.0838
2024-06-18 03:00:00,0.0381
2024-06-18 04:00:00,0.0146
2024-06-18 05:00:00,0.0049
2024-06-18 06:00:00,0.0059
2024-06-18 07:00:00,0.0137
2024-06-18 08:00:00,0.0268
2024-06-18 09:00:00,0.0375
2024-06-18 10:00:00,0.039
2024-06-18 11:00:00,0.0502
2024-06-18 12:00:00,0.0669
2024-06-18 13:00:00,0.1178
2024-06-18 14:00:00,0.1907
2024-06-18 15:00:00,0.2544
2024-06-18 16:00:00,0.2991
2024-06-18 17:00:00,0.3444
2024-06-18 18:00:00,0.394
2024-06-18 19:00:00,0.4412
2024-06-18 20:00:00,0.4812
2024-06-18 21:00:00,0.5165
2024-06-18 22:00:00,0.5462
2024-06-18 23:00:00,0.552
2024-06-19 00:00:00,0.5503
2024-06-19 01:00:00,0.5384
2024-06-19 02:00:00,0.5295
2024-06-19 03:00:00,0.5425
2024-06-19 04:00:00,0.5738
2024-06-19 05:00:00,0.5965
2024-06-19 06:00:00,0.6072
2024-06-19 07:00:00,0.5776
2024-06-19 08:00:00,0.5075
2024-06-19 09:00:00,0.4366
2024-06-19 10:00:00,0.3983
2024-06-19 11:00:00,0.3978
2024-06-19 12:00:00,0.4136
2024-06-19 13:00:00,0.4356
2024-06-19 14:00:00,0.4398
2024-06-19 15:00:00,0.4204
2024-06-19 16:00:00,0.3906
2024-06-19 17:00:00,0.3513
2024-06-19 18:00:00,0.3055
2024-06-19 19:00:00,0.2567
2024-06-19 20:00:00,0.2064
2024-06-19 21:00:00,0.1666
2024-06-19 22:00:00,0.1426
2024-06-19 23:00:00,0.1368
2024-06-20 00:00:00,0.1357
2024-06-20 01:00:00,0.1401
2024-06-20 02:00:00,0.1488
2024-06-20 03:00:00,0.1794
2024-06-20 04:00:00,0.2102
2024-06-20 05:00:00,0.1875
2024-06-20 06:00:00,0.1441
2024-06-20 07:00:00,0.1166
2024-06-20 08:00:00,0.147
2024-06-20 09:00:00,0.1939
2024-06-20 10:00:00,0.1997
2024-06-20 11:00:00,0.169
2024-06-20 12:00:00,0.1659
2024-06-20 13:00:00,0.199
2024-06-20 14:00:00,0.1977
2024-06-20 15:00:00,0.2048
2024-06-20 16:00:00,0.2096
2024-06-20 17:00:00,0.2268
2024-06-20 18:00:00,0.2454
2024-06-20 19:00:00,0.2738
2024-06-20 20:00:00,0.2972
2024-06-20 21:00:00,0.2881
2024-06-20 22:00:00,0.2611
2024-06-20 23:00:00,0.2388
2024-06-21 00:00:00,0.2305
2024-06-21 01:00:00,0.2322
2024-06-21 02:00:00,0.2335
2024-06-21 03:00:00,0.2274
2024-06-21 04:00:00,0.201
2024-06-21 05:00:00,0.174
2024-06-21 06:00:00,0.1639
2024-06-21 07:00:00,0.1711
2024-06-21 08:00:00,0.1838
2024-06-21 09:00:00,0.1913
2024-06-21 10:00:00,0.2155
2024-06-21 11:00:00,0.2556
2024-06-21 12:00:00,0.2881
2024-06-21 13:00:00,0.2798
2024-06-21 14:00:00,0.2514
2024-06-21 15:00:00,0.2003
2024-06-21 16:00:00,0.1652
2024-06-21 17:00:00,0.1692
2024-06-21 18:00:00,0.1947
2024-06-21 19:00:00,0.2337
2024-06-21 20:00:00,0.2947
2024-06-21 21:00:00,0.3247
2024-06-21 22:00:00,0.3471
2024-06-21 23:00:00,0.359
2024-06-22 00:00:00,0.3528
2024-06-22 01:00:00,0.3415
2024-06-22 02:00:00,0.3354
2024-06-22 03:00:00,0.3306
2024-06-22 04:00:00,0.3256
2024-06-22 05:00:00,0.3371
2024-06-22 06:00:00,0.3701
2024-06-22 07:00:00,0.4085
2024-06-22 08:00:00,0.4371
2024-06-22 09:00:00,0.4529
2024-06-22 10:00:00,0.479
2024-06-22 11:00:00,0.5067
2024-06-22 12:00:00,0.5082
2024-06-22 13:00:00,0.4829
2024-06-22 14:00:00,0.4393
2024-06-22 15:00:00,0.3983
2024-06-22 16:00:00,0.3739
2024-06-22 17:00:00,0.3596
2024-06-22 18:00:00,0.3279
2024-06-22 19:00:00,0.3217
2024-06-22 20:00:00,0.3577
2024-06-22 21:00:00,0.4019
2024-06-22 22:00:00,0.4115
2024-06-22 23:00:00,0.3928
2024-06-23 00:00:00,0.3621
2024-06-23 01:00:00,0.3244
2024-06-23 02:00:00,0.2911
2024-06-23 03:00:00,0.252
2024-06-23 04:00:00,0.2017
2024-06-23 05:00:00,0.1483
2024-06-23 06:00:00,0.1242
2024-06-23 07:00:00,0.1299
2024-06-23 08:00:00,0.1492
2024-06-23 09:00:00,0.1661
2024-06-23 10:00:00,0.1803
2024-06-23 11:00:00,0.1857
2024-06-23 12:00:00,0.1818
2024-06-23 13:00:00,0.1756
2024-06-23 14:00:00,0.1685
2024-06-23 15:00:00,0.1532
2024-06-23 16:00:00,0.1284
2024-06-23 17:00:00,0.0943
2024-06-23 18:00:00,0.0622
2024-06-23 19:00:00,0.043
2024-06-23 20:00:00,0.0327
2024-06-23 21:00:00,0.0268
2024-06-23 22:00:00,0.0214
2024-06-23 23:00:00,0.0189
2024-06-24 00:00:00,0.0185
2024-06-24 01:00:00,0.0193
2024-06-24 02:00:00,0.0213
2024-06-24 03:00:00,0.0243
2024-06-24 04:00:00,0.0287
2024-06-24 05:00:00,0.0352
2024-06-24 06:00:00,0.0484
2024-06-24 07:00:00,0.0683
2024-06-24 08:00:00,0.0896
2024-06-24 09:00:00,0.1083
2024-06-24 10:00:00,0.1169
2024-06-24 11:00:00,0.1171
2024-06-24 12:00:00,0.1121
2024-06-24 13:00:00,0.1079
2024-06-24 14:00:00,0.1072
2024-06-24 15:00:00,0.1158
2024-06-24 16:00:00,0.144
2024-06-24 17:00:00,0.1975
2024-06-24 18:00:00,0.2705
2024-06-24 19:00:00,0.3556
2024-06-24 20:00:00,0.4344
2024-06-24 21:00:00,0.4698
2024-06-24 22:00:00,0.4694
2024-06-24 23:00:00,0.4448
2024-06-25 00:00:00,0.4027
2024-06-25 01:00:00,0.357
2024-06-25 02:00:00,0.3151
2024-06-25 03:00:00,0.2772
2024-06-25 04:00:00,0.2452
2024-06-25 05:00:00,0.2105
2024-06-25 06:00:00,0.1843
2024-06-25 07:00:00,0.1734
2024-06-25 08:00:00,0.1781
2024-06-25 09:00:00,0.2162
2024-06-25 10:00:00,0.2935
2024-06-25 11:00:00,0.3784
2024-06-25 12:00:00,0.4564
2024-06-25 13:00:00,0.5189
2024-06-25 14:00:00,0.5681
2024-06-25 15:00:00,0.6035
2024-06-25 16:00:00,0.6303
2024-06-25 17:00:00,0.6514
2024-06-25 18:00:00,0.6677
2024-06-25 19:00:00,0.6829
2024-06-25 20:00:00,0.6906
2024-06-25 21:00:00,0.6872
2024-06-25 22:00:00,0.6753
2024-06-25 23:00:00,0.6647
2024-06-26 00:00:00,0.6591
2024-06-26 01:00:00,0.652
2024-06-26 02:00:00,0.6434
2024-06-26 03:00:00,0.6246
2024-06-26 04:00:00,0.5971
2024-06-26 05:00:00,0.5586
2024-06-26 06:00:00,0.5312
2024-06-26 07:00:00,0.529
2024-06-26 08:00:00,0.5486
2024-06-26 09:00:00,0.5602
2024-06-26 10:00:00,0.5575
2024-06-26 11:00:00,0.5266
2024-06-26 12:00:00,0.4783
2024-06-26 13:00:00,0.4351
2024-06-26 14:00:00,0.3947
2024-06-26 15:00:00,0.3812
2024-06-26 16:00:00,0.3949
2024-06-26 17:00:00,0.4227
2024-06-26 18:00:00,0.4457
2024-06-26 19:00:00,0.4607
2024-06-26 20:00:00,0.4647
2024-06-26 21:00:00,0.4459
2024-06-26 22:00:00,0.4109
2024-06-26 23:00:00,0.371
2024-06-27 00:00:00,0.3301
2024-06-27 01:00:00,0.3016
2024-06-27 02:00:00,0.2973
2024-06-27 03:00:00,0.3162
2024-06-27 04:00:00,0.3466
2024-06-27 05:00:00,0.3753
2024-06-27 06:00:00,0.4177
2024-06-27 07:00:00,0.4752
2024-06-27 08:00:00,0.5348
2024-06-27 09:00:00,0.5924
2024-06-27 10:00:00,0.6495
2024-06-27 11:00:00,0.6904
2024-06-27 12:00:00,0.7086
2024-06-27 13:00:00,0.6996
2024-06-27 14:00:00,0.6741
2024-06-27 15:00:00,0.6209
2024-06-27 16:00:00,0.6039
2024-06-27 17:00:00,0.6268
2024-06-27 18:00:00,0.6567
2024-06-27 19:00:00,0.67
2024-06-27 20:00:00,0.6788
2024-06-27 21:00:00,0.6949
2024-06-27 22:00:00,0.707
2024-06-27 23:00:00,0.7338
2024-06-28 00:00:00,0.7679
2024-06-28 01:00:00,0.7883
2024-06-28 02:00:00,0.8047
2024-06-28 03:00:00,0.8202
2024-06-28 04:00:00,0.8294
2024-06-28 05:00:00,0.8259
2024-06-28 06:00:00,0.826
2024-06-28 07:00:00,0.8376
2024-06-28 08:00:00,0.8538
2024-06-28 09:00:00,0.8652
2024-06-28 10:00:00,0.8696
2024-06-28 11:00:00,0.869
2024-06-28 12:00:00,0.8524
2024-06-28 13:00:00,0.8236
2024-06-28 14:00:00,0.7984
2024-06-28 15:00:00,0.7787
2024-06-28 16:00:00,0.7607
2024-06-28 17:00:00,0.731
2024-06-28 18:00:00,0.6766
2024-06-28 19:00:00,0.6087
2024-06-28 20:00:00,0.5359
2024-06-28 21:00:00,0.4845
2024-06-28 22:00:00,0.4315
2024-06-28 23:00:00,0.3776
2024-06-29 00:00:00,0.3238
2024-06-29 01:00:00,0.2782
2024-06-29 02:00:00,0.2385
2024-06-29 03:00:00,0.2046
2024-06-29 04:00:00,0.1879
2024-06-29 05:00:00,0.1865
2024-06-29 06:00:00,0.1847
2024-06-29 07:00:00,0.1852
2024-06-29 08:00:00,0.1911
2024-06-29 09:00:00,0.187
2024-06-29 10:00:00,0.1452
2024-06-29 11:00:00,0.0868
2024-06-29 12:00:00,0.0428
2024-06-29 13:00:00,0.0266
2024-06-29 14:00:00,0.0456
2024-06-29 15:00:00,0.0417
2024-06-29 16:00:00,0.0415
2024-06-29 17:00:00,0.0858
2024-06-29 18:00:00,0.1957
2024-06-29 19:00:00,0.3394
2024-06-29 20:00:00,0.3902
2024-06-29 21:00:00,0.3724
2024-06-29 22:00:00,0.3247
2024-06-29 23:00:00,0.3034
2024-06-30 00:00:00,0.331
2024-06-30 01:00:00,0.3658
2024-06-30 02:00:00,0.3823
2024-06-30 03:00:00,0.3976
2024-06-30 04:00:00,0.4337
2024-06-30 05:00:00,0.4666
2024-06-30 06:00:00,0.4602
2024-06-30 07:00:00,0.4054
2024-06-30 08:00:00,0.3367
2024-06-30 09:00:00,0.2953
2024-06-30 10:00:00,0.2863
2024-06-30 11:00:00,0.2919
2024-06-30 12:00:00,0.3053
2024-06-30 13:00:00,0.335
2024-06-30 14:00:00,0.3568
2024-06-30 15:00:00,0.3528
2024-06-30 16:00:00,0.3304
2024-06-30 17:00:00,0.3116
2024-06-30 18:00:00,0.3143
2024-06-30 19:00:00,0.3434
2024-06-30 20:00:00,0.3861
2024-06-30 21:00:00,0.4498
2024-06-30 22:00:00,0.5089
2024-06-30 23:00:00,0.5585
2024-07-01 00:00:00,0.5976
2024-07-01 01:00:00,0.6161
2024-07-01 02:00:00,0.612
2024-07-01 03:00:00,0.5944
2024-07-01 04:00:00,0.5687
2024-07-01 05:00:00,0.5497
2024-07-01 06:00:00,0.5071
2024-07-01 07:00:00,0.4733
2024-07-01 08:00:00,0.4283
2024-07-01 09:00:00,0.39
2024-07-01 10:00:00,0.3877
2024-07-01 11:00:00,0.4205
2024-07-01 12:00:00,0.4843
2024-07-01 13:00:00,0.551
2024-07-01 14:00:00,0.5879
2024-07-01 15:00:00,0.603
2024-07-01 16:00:00,0.6101
2024-07-01 17:00:00,0.6194
2024-07-01 18:00:00,0.6356
2024-07-01 19:00:00,0.6567
2024-07-01 20:00:00,0.6639
2024-07-01 21:00:00,0.6437
2024-07-01 22:00:00,0.6227
2024-07-01 23:00:00,0.6072
2024-07-02 00:00:00,0.6016
2024-07-02 01:00:00,0.6057
2024-07-02 02:00:00,0.6316
2024-07-02 03:00:00,0.665
2024-07-02 04:00:00,0.6938
2024-07-02 05:00:00,0.7095
2024-07-02 06:00:00,0.7245
2024-07-02 07:00:00,0.7464
2024-07-02 08:00:00,0.7742
2024-07-02 09:00:00,0.7985
2024-07-02 10:00:00,0.8008
2024-07-02 11:00:00,0.7744
2024-07-02 12:00:00,0.747
2024-07-02 13:00:00,0.729
2024-07-02 14:00:00,0.6997
2024-07-02 15:00:00,0.6827
2024-07-02 16:00:00,0.6682
2024-07-02 17:00:00,0.6188
2024-07-02 18:00:00,0.5406
2024-07-02 19:00:00,0.4768
2024-07-02 20:00:00,0.4274
2024-07-02 21:00:00,0.3743
2024-07-02 22:00:00,0.3702
2024-07-02 23:00:00,0.4226
2024-07-03 00:00:00,0.4788
2024-07-03 01:00:00,0.5016
2024-07-03 02:00:00,0.5216
2024-07-03 03:00:00,0.5223
2024-07-03 04:00:00,0.5203
2024-07-03 05:00:00,0.564
2024-07-03 06:00:00,0.6284
2024-07-03 07:00:00,0.6748
2024-07-03 08:00:00,0.6672
2024-07-03 09:00:00,0.5898
2024-07-03 10:00:00,0.5051
2024-07-03 11:00:00,0.4936
2024-07-03 12:00:00,0.5385
2024-07-03 13:00:00,0.5762
2024-07-03 14:00:00,0.5791
2024-07-03 15:00:00,0.6053
2024-07-03 16:00:00,0.6689
2024-07-03 17:00:00,0.7362
2024-07-03 18:00:00,0.7966
2024-07-03 19:00:00,0.8459
2024-07-03 20:00:00,0.8778
2024-07-03 21:00:00,0.8908
2024-07-03 22:00:00,0.8981
2024-07-03 23:00:00,0.9014
2024-07-04 00:00:00,0.9172
2024-07-04 01:00:00,0.9362
2024-07-04 02:00:00,0.957
2024-07-04 03:00:00,0.9721
2024-07-04 04:00:00,0.9666
2024-07-04 05:00:00,0.9555
2024-07-04 06:00:00,0.944
2024-07-04 07:00:00,0.9276
2024-07-04 08:00:00,0.905
2024-07-04 09:00:00,0.8788
2024-07-04 10:00:00,0.8565
2024-07-04 11:00:00,0.8572
2024-07-04 12:00:00,0.8743
2024-07-04 13:00:00,0.8863
2024-07-04 14:00:00,0.8931
2024-07-04 15:00:00,0.8947
2024-07-04 16:00:00,0.8946
2024-07-04 17:00:00,0.8946
2024-07-04 18:00:00,0.8939
2024-07-04 19:00:00,0.8898
2024-07-04 20:00:00,0.8829
2024-07-04 21:00:00,0.8789
2024-07-04 22:00:00,0.8689
2024-07-04 23:00:00,0.876
2024-07-05 00:00:00,0.8883
2024-07-05 01:00:00,0.9038
2024-07-05 02:00:00,0.9155
2024-07-05 03:00:00,0.9144
2024-07-05 04:00:00,0.9035
2024-07-05 05:00:00,0.8945
2024-07-05 06:00:00,0.8916
2024-07-05 07:00:00,0.8929
2024-07-05 08:00:00,0.8911
2024-07-05 09:00:00,0.8872
2024-07-05 10:00:00,0.8841
2024-07-05 11:00:00,0.877
2024-07-05 12:00:00,0.8555
2024-07-05 13:00:00,0.8221
2024-07-05 14:00:00,0.7702
2024-07-05 15:00:00,0.6845
2024-07-05 16:00:00,0.5748
2024-07-05 17:00:00,0.473
2024-07-05 18:00:00,0.3967
2024-07-05 19:00:00,0.3537
2024-07-05 20:00:00,0.3608
2024-07-05 21:00:00,0.4009
2024-07-05 22:00:00,0.4305
2024-07-05 23:00:00,0.512
2024-07-06 00:00:00,0.6159
2024-07-06 01:00:00,0.7019
2024-07-06 02:00:00,0.7505
2024-07-06 03:00:00,0.7973
2024-07-06 04:00:00,0.8017
2024-07-06 05:00:00,0.8158
2024-07-06 06:00:00,0.828
2024-07-06 07:00:00,0.8469
2024-07-06 08:00:00,0.8628
2024-07-06 09:00:00,0.8287
2024-07-06 10:00:00,0.7806
2024-07-06 11:00:00,0.7912
2024-07-06 12:00:00,0.9048
2024-07-06 13:00:00,0.9725
2024-07-06 14:00:00,0.982
2024-07-06 15:00:00,0.9803
2024-07-06 16:00:00,0.9705
2024-07-06 17:00:00,0.9536
2024-07-06 18:00:00,0.9349
2024-07-06 19:00:00,0.9174
2024-07-06 20:00:00,0.9113
2024-07-06 21:00:00,0.9138
2024-07-06 22:00:00,0.9125
2024-07-06 23:00:00,0.9005
2024-07-07 00:00:00,0.8825
2024-07-07 01:00:00,0.8577
2024-07-07 02:00:00,0.8291
2024-07-07 03:00:00,0.7926
2024-07-07 04:00:00,0.7526
2024-07-07 05:00:00,0.7344
2024-07-07 06:00:00,0.7528
2024-07-07 07:00:00,0.7864
2024-07-07 08:00:00,0.8142
2024-07-07 09:00:00,0.8256
2024-07-07 10:00:00,0.8242
2024-07-07 11:00:00,0.8165
2024-07-07 12:00:00,0.8048
2024-07-07 13:00:00,0.7854
2024-07-07 14:00:00,0.7611
2024-07-07 15:00:00,0.734
2024-07-07 16:00:00,0.7091
2024-07-07 17:00:00,0.6881
2024-07-07 18:00:00,0.6692
2024-07-07 19:00:00,0.6446
2024-07-07 20:00:00,0.624
2024-07-07 21:00:00,0.6055
2024-07-07 22:00:00,0.5857
2024-07-07 23:00:00,0.5627
2024-07-08 00:00:00,0.5381
2024-07-08 01:00:00,0.4926
2024-07-08 02:00:00,0.4266
2024-07-08 03:00:00,0.3472
2024-07-08 04:00:00,0.2812
2024-07-08 05:00:00,0.2353
2024-07-08 06:00:00,0.2167
2024-07-08 07:00:00,0.2174
2024-07-08 08:00:00,0.2373
2024-07-08 09:00:00,0.2539
2024-07-08 10:00:00,0.2455
2024-07-08 11:00:00,0.2141
2024-07-08 12:00:00,0.1698
2024-07-08 13:00:00,0.1196
2024-07-08 14:00:00,0.0738
2024-07-08 15:00:00,0.0415
2024-07-08 16:00:00,0.0254
2024-07-08 17:00:00,0.0362
2024-07-08 18:00:00,0.0765
2024-07-08 19:00:00,0.1479
2024-07-08 20:00:00,0.2396
2024-07-08 21:00:00,0.337
2024-07-08 22:00:00,0.4377
2024-07-08 23:00:00,0.5152
2024-07-09 00:00:00,0.5609
2024-07-09 01:00:00,0.583
2024-07-09 02:00:00,0.6043
2024-07-09 03:00:00,0.6337
2024-07-09 04:00:00,0.6724
2024-07-09 05:00:00,0.7168
2024-07-09 06:00:00,0.7338
2024-07-09 07:00:00,0.744
2024-07-09 08:00:00,0.7308
2024-07-09 09:00:00,0.6928
2024-07-09 10:00:00,0.6316
2024-07-09 11:00:00,0.5881
2024-07-09 12:00:00,0.5818
2024-07-09 13:00:00,0.6019
2024-07-09 14:00:00,0.5853
2024-07-09 15:00:00,0.5637
2024-07-09 16:00:00,0.5633
2024-07-09 17:00:00,0.5817
2024-07-09 18:00:00,0.6387
2024-07-09 19:00:00,0.7277
2024-07-09 20:00:00,0.7456
2024-07-09 21:00:00,0.67
2024-07-09 22:00:00,0.5815
2024-07-09 23:00:00,0.5052
2024-07-10 00:00:00,0.5518
2024-07-10 01:00:00,0.6354
2024-07-10 02:00:00,0.642
2024-07-10 03:00:00,0.6599
2024-07-10 04:00:00,0.7135
2024-07-10 05:00:00,0.759
2024-07-10 06:00:00,0.7957
2024-07-10 07:00:00,0.8313
2024-07-10 08:00:00,0.8483
2024-07-10 09:00:00,0.845
2024-07-10 10:00:00,0.8257
2024-07-10 11:00:00,0.8081
2024-07-10 12:00:00,0.7971
2024-07-10 13:00:00,0.5505
2024-07-10 14:00:00,0.7885
2024-07-10 15:00:00,0.806
2024-07-10 16:00:00,0.8232
2024-07-10 17:00:00,0.8236
2024-07-10 18:00:00,0.8179
2024-07-10 19:00:00,0.7914
2024-07-10 20:00:00,0.7543
2024-07-10 21:00:00,0.7274
2024-07-10 22:00:00,0.6962
2024-07-10 23:00:00,0.6654
2024-07-11 00:00:00,0.6403
2024-07-11 01:00:00,0.6135
2024-07-11 02:00:00,0.5783
2024-07-11 03:00:00,0.5242
2024-07-11 04:00:00,0.4602
2024-07-11 05:00:00,0.3979
2024-07-11 06:00:00,0.3641
2024-07-11 07:00:00,0.3554
2024-07-11 08:00:00,0.3586
2024-07-11 09:00:00,0.3702
2024-07-11 10:00:00,0.3923
2024-07-11 11:00:00,0.4048
2024-07-11 12:00:00,0.3967
2024-07-11 13:00:00,0.3622
2024-07-11 14:00:00,0.3197
2024-07-11 15:00:00,0.2945
2024-07-11 16:00:00,0.2914
2024-07-11 17:00:00,0.2985
2024-07-11 18:00:00,0.3196
2024-07-11 19:00:00,0.3479
2024-07-11 20:00:00,0.3656
2024-07-11 21:00:00,0.3815
2024-07-11 22:00:00,0.3883
2024-07-11 23:00:00,0.3817
2024-07-12 00:00:00,0.3806
2024-07-12 01:00:00,0.3987
2024-07-12 02:00:00,0.4243
2024-07-12 03:00:00,0.4467
2024-07-12 04:00:00,0.447
2024-07-12 05:00:00,0.4477
2024-07-12 06:00:00,0.4525
2024-07-12 07:00:00,0.4492
2024-07-12 08:00:00,0.4436
2024-07-12 09:00:00,0.4341
2024-07-12 10:00:00,0.4231
2024-07-12 11:00:00,0.4192
2024-07-12 12:00:00,0.4474
2024-07-12 13:00:00,0.4806
2024-07-12 14:00:00,0.5011
2024-07-12 15:00:00,0.5021
2024-07-12 16:00:00,0.4937
2024-07-12 17:00:00,0.4771
2024-07-12 18:00:00,0.441
2024-07-12 19:00:00,0.404
2024-07-12 20:00:00,0.3942
2024-07-12 21:00:00,0.4199
2024-07-12 22:00:00,0.4407
2024-07-12 23:00:00,0.4287
2024-07-13 00:00:00,0.4224
2024-07-13 01:00:00,0.4497
2024-07-13 02:00:00,0.4934
2024-07-13 03:00:00,0.526
2024-07-13 04:00:00,0.5534
2024-07-13 05:00:00,0.575
2024-07-13 06:00:00,0.6018
2024-07-13 07:00:00,0.6511
2024-07-13 08:00:00,0.704
2024-07-13 09:00:00,0.7392
2024-07-13 10:00:00,0.762
2024-07-13 11:00:00,0.7847
2024-07-13 12:00:00,0.8142
2024-07-13 13:00:00,0.8341
2024-07-13 14:00:00,0.8406
2024-07-13 15:00:00,0.8375
2024-07-13 16:00:00,0.8259
2024-07-13 17:00:00,0.8112
2024-07-13 18:00:00,0.8004
2024-07-13 19:00:00,0.8013
2024-07-13 20:00:00,0.8122
2024-07-13 21:00:00,0.8239
2024-07-13 22:00:00,0.8385
2024-07-13 23:00:00,0.8525
2024-07-14 00:00:00,0.8613
2024-07-14 01:00:00,0.8663
2024-07-14 02:00:00,0.8649
2024-07-14 03:00:00,0.8657
2024-07-14 04:00:00,0.8607
2024-07-14 05:00:00,0.8515
2024-07-14 06:00:00,0.8463
2024-07-14 07:00:00,0.8438
2024-07-14 08:00:00,0.8335
2024-07-14 09:00:00,0.8315
2024-07-14 10:00:00,0.8367
2024-07-14 11:00:00,0.8433
2024-07-14 12:00:00,0.8469
2024-07-14 13:00:00,0.8373
2024-07-14 14:00:00,0.8233
2024-07-14 15:00:00,0.8047
2024-07-14 16:00:00,0.7821
2024-07-14 17:00:00,0.7631
2024-07-14 18:00:00,0.7516
2024-07-14 19:00:00,0.7476
2024-07-14 20:00:00,0.7199
2024-07-14 21:00:00,0.6878
2024-07-14 22:00:00,0.661
2024-07-14 23:00:00,0.634
2024-07-15 00:00:00,0.6067
2024-07-15 01:00:00,0.5819
2024-07-15 02:00:00,0.5442
2024-07-15 03:00:00,0.4845
2024-07-15 04:00:00,0.4188
2024-07-15 05:00:00,0.3583
2024-07-15 06:00:00,0.3001
2024-07-15 07:00:00,0.2787
2024-07-15 08:00:00,0.2748
2024-07-15 09:00:00,0.2473
2024-07-15 10:00:00,0.2004
2024-07-15 11:00:00,0.1483
2024-07-15 12:00:00,0.1054
2024-07-15 13:00:00,0.1063
2024-07-15 14:00:00,0.1852
2024-07-15 15:00:00,0.2549
2024-07-15 16:00:00,0.3255
2024-07-15 17:00:00,0.4073
2024-07-15 18:00:00,0.4443
2024-07-15 19:00:00,0.4987
2024-07-15 20:00:00,0.5232
2024-07-15 21:00:00,0.5474
2024-07-15 22:00:00,0.6046
2024-07-15 23:00:00,0.6591
2024-07-16 00:00:00,0.7027
2024-07-16 01:00:00,0.7339
2024-07-16 02:00:00,0.763
2024-07-16 03:00:00,0.7693
2024-07-16 04:00:00,0.7871
2024-07-16 05:00:00,0.8076
2024-07-16 06:00:00,0.8218
2024-07-16 07:00:00,0.7819
2024-07-16 08:00:00,0.7398
2024-07-16 09:00:00,0.8167
2024-07-16 10:00:00,0.8736
2024-07-16 11:00:00,0.8827
2024-07-16 12:00:00,0.8763
2024-07-16 13:00:00,0.8648
2024-07-16 14:00:00,0.8517
2024-07-16 15:00:00,0.8278
2024-07-16 16:00:00,0.7903
2024-07-16 17:00:00,0.7385
2024-07-16 18:00:00,0.7057
2024-07-16 19:00:00,0.705
2024-07-16 20:00:00,0.7171
2024-07-16 21:00:00,0.7262
2024-07-16 22:00:00,0.7231
2024-07-16 23:00:00,0.7321
2024-07-17 00:00:00,0.7537
2024-07-17 01:00:00,0.7748
2024-07-17 02:00:00,0.7781
2024-07-17 03:00:00,0.7513
2024-07-17 04:00:00,0.6977
2024-07-17 05:00:00,0.6227
2024-07-17 06:00:00,0.5347
2024-07-17 07:00:00,0.4283
2024-07-17 08:00:00,0.3328
2024-07-17 09:00:00,0.2796
2024-07-17 10:00:00,0.2695
2024-07-17 11:00:00,0.2764
2024-07-17 12:00:00,0.2772
2024-07-17 13:00:00,0.2715
2024-07-17 14:00:00,0.2502
2024-07-17 15:00:00,0.2115
2024-07-17 16:00:00,0.1658
2024-07-17 17:00:00,0.114
2024-07-17 18:00:00,0.0646
2024-07-17 19:00:00,0.0323
2024-07-17 20:00:00,0.0258
2024-07-17 21:00:00,0.0366
2024-07-17 22:00:00,0.0486
2024-07-17 23:00:00,0.053
2024-07-18 00:00:00,0.0572
2024-07-18 01:00:00,0.0625
2024-07-18 02:00:00,0.0657
2024-07-18 03:00:00,0.0643
2024-07-18 04:00:00,0.0623
2024-07-18 05:00:00,0.0618
2024-07-18 06:00:00,0.0611
2024-07-18 07:00:00,0.0717
2024-07-18 08:00:00,0.093
2024-07-18 09:00:00,0.1106
2024-07-18 10:00:00,0.1165
2024-07-18 11:00:00,0.1144
2024-07-18 12:00:00,0.1069
2024-07-18 13:00:00,0.1092
2024-07-18 14:00:00,0.1265
2024-07-18 15:00:00,0.1587
2024-07-18 16:00:00,0.2122
2024-07-18 17:00:00,0.2829
2024-07-18 18:00:00,0.3657
2024-07-18 19:00:00,0.4649
2024-07-18 20:00:00,0.5564
2024-07-18 21:00:00,0.6093
2024-07-18 22:00:00,0.6338
2024-07-18 23:00:00,0.6395
2024-07-19 00:00:00,0.6334
2024-07-19 01:00:00,0.6247
2024-07-19 02:00:00,0.6127
2024-07-19 03:00:00,0.5905
2024-07-19 04:00:00,0.5448
2024-07-19 05:00:00,0.4883
2024-07-19 06:00:00,0.4473
2024-07-19 07:00:00,0.4118
2024-07-19 08:00:00,0.3904
2024-07-19 09:00:00,0.401
2024-07-19 10:00:00,0.4386
2024-07-19 11:00:00,0.4885
2024-07-19 12:00:00,0.5271
2024-07-19 13:00:00,0.547
2024-07-19 14:00:00,0.5536
2024-07-19 15:00:00,0.563
2024-07-19 16:00:00,0.5731
2024-07-19 17:00:00,0.5816
2024-07-19 18:00:00,0.6012
2024-07-19 19:00:00,0.6442
2024-07-19 20:00:00,0.6968
2024-07-19 21:00:00,0.7419
2024-07-19 22:00:00,0.7769
2024-07-19 23:00:00,0.7985
2024-07-20 00:00:00,0.7991
2024-07-20 01:00:00,0.7802
2024-07-20 02:00:00,0.7431
2024-07-20 03:00:00,0.693
2024-07-20 04:00:00,0.6438
2024-07-20 05:00:00,0.5928
2024-07-20 06:00:00,0.5475
2024-07-20 07:00:00,0.5246
2024-07-20 08:00:00,0.5213
2024-07-20 09:00:00,0.5252
2024-07-20 10:00:00,0.5226
2024-07-20 11:00:00,0.5158
2024-07-20 12:00:00,0.5054
2024-07-20 13:00:00,0.5038
2024-07-20 14:00:00,0.505
2024-07-20 15:00:00,0.4878
2024-07-20 16:00:00,0.4474
2024-07-20 17:00:00,0.3946
2024-07-20 18:00:00,0.3297
2024-07-20 19:00:00,0.264
2024-07-20 20:00:00,0.2105
2024-07-20 21:00:00,0.1955
2024-07-20 22:00:00,0.1926
2024-07-20 23:00:00,0.1572
2024-07-21 00:00:00,0.1362
2024-07-21 01:00:00,0.1042
2024-07-21 02:00:00,0.1264
2024-07-21 03:00:00,0.2101
2024-07-21 04:00:00,0.2956
2024-07-21 05:00:00,0.3608
2024-07-21 06:00:00,0.3902
2024-07-21 07:00:00,0.3656
2024-07-21 08:00:00,0.3388
2024-07-21 09:00:00,0.3162
2024-07-21 10:00:00,0.3323
2024-07-21 11:00:00,0.3609
2024-07-21 12:00:00,0.3683
2024-07-21 13:00:00,0.3721
2024-07-21 14:00:00,0.4048
2024-07-21 15:00:00,0.4612
2024-07-21 16:00:00,0.4992
2024-07-21 17:00:00,0.4818
2024-07-21 18:00:00,0.4314
2024-07-21 19:00:00,0.3759
2024-07-21 20:00:00,0.3596
2024-07-21 21:00:00,0.3616
2024-07-21 22:00:00,0.3438
2024-07-21 23:00:00,0.3107
2024-07-22 00:00:00,0.2759
2024-07-22 01:00:00,0.2712
2024-07-22 02:00:00,0.2926
2024-07-22 03:00:00,0.2751
2024-07-22 04:00:00,0.215
2024-07-22 05:00:00,0.1702
2024-07-22 06:00:00,0.1635
2024-07-22 07:00:00,0.1866
2024-07-22 08:00:00,0.2359
2024-07-22 09:00:00,0.3134
2024-07-22 10:00:00,0.4041
2024-07-22 11:00:00,0.4969
2024-07-22 12:00:00,0.5915
2024-07-22 13:00:00,0.6765
2024-07-22 14:00:00,0.7448
2024-07-22 15:00:00,0.7662
2024-07-22 16:00:00,0.7624
2024-07-22 17:00:00,0.7569
2024-07-22 18:00:00,0.7612
2024-07-22 19:00:00,0.7793
2024-07-22 20:00:00,0.7901
2024-07-22 21:00:00,0.7766
2024-07-22 22:00:00,0.7607
2024-07-22 23:00:00,0.7312
2024-07-23 00:00:00,0.6906
2024-07-23 01:00:00,0.6427
2024-07-23 02:00:00,0.5905
2024-07-23 03:00:00,0.5318
2024-07-23 04:00:00,0.4522
2024-07-23 05:00:00,0.3629
2024-07-23 06:00:00,0.2922
2024-07-23 07:00:00,0.2567
2024-07-23 08:00:00,0.2501
2024-07-23 09:00:00,0.277
2024-07-23 10:00:00,0.3399
2024-07-23 11:00:00,0.4216
2024-07-23 12:00:00,0.4979
2024-07-23 13:00:00,0.5602
2024-07-23 14:00:00,0.6072
2024-07-23 15:00:00,0.6445
2024-07-23 16:00:00,0.686
2024-07-23 17:00:00,0.7144
2024-07-23 18:00:00,0.7332
2024-07-23 19:00:00,0.7382
2024-07-23 20:00:00,0.7247
2024-07-23 21:00:00,0.6932
2024-07-23 22:00:00,0.6341
2024-07-23 23:00:00,0.5722
2024-07-24 00:00:00,0.5271
2024-07-24 01:00:00,0.4996
2024-07-24 02:00:00,0.4771
2024-07-24 03:00:00,0.4538
2024-07-24 04:00:00,0.4176
2024-07-24 05:00:00,0.3643
2024-07-24 06:00:00,0.3012
2024-07-24 07:00:00,0.2314
2024-07-24 08:00:00,0.1699
2024-07-24 09:00:00,0.1238
2024-07-24 10:00:00,0.0927
2024-07-24 11:00:00,0.0753
2024-07-24 12:00:00,0.0699
2024-07-24 13:00:00,0.0671
2024-07-24 14:00:00,0.0532
2024-07-24 15:00:00,0.033
2024-07-24 16:00:00,0.0207
2024-07-24 17:00:00,0.0249
2024-07-24 18:00:00,0.0599
2024-07-24 19:00:00,0.1291
2024-07-24 20:00:00,0.2277
2024-07-24 21:00:00,0.3528
2024-07-24 22:00:00,0.4952
2024-07-24 23:00:00,0.6053
2024-07-25 00:00:00,0.6873
2024-07-25 01:00:00,0.7366
2024-07-25 02:00:00,0.762
2024-07-25 03:00:00,0.7627
2024-07-25 04:00:00,0.7577
2024-07-25 05:00:00,0.742
2024-07-25 06:00:00,0.7435
2024-07-25 07:00:00,0.7552
2024-07-25 08:00:00,0.7647
2024-07-25 09:00:00,0.776
2024-07-25 10:00:00,0.7903
2024-07-25 11:00:00,0.7784
2024-07-25 12:00:00,0.7615
2024-07-25 13:00:00,0.7775
2024-07-25 14:00:00,0.7991
2024-07-25 15:00:00,0.8015
2024-07-25 16:00:00,0.7929
2024-07-25 17:00:00,0.7723
2024-07-25 18:00:00,0.7396
2024-07-25 19:00:00,0.7149
2024-07-25 20:00:00,0.729
2024-07-25 21:00:00,0.7492
2024-07-25 22:00:00,0.7525
2024-07-25 23:00:00,0.736
2024-07-26 00:00:00,0.6866
2024-07-26 01:00:00,0.6436
2024-07-26 02:00:00,0.5934
2024-07-26 03:00:00,0.5584
2024-07-26 04:00:00,0.5041
2024-07-26 05:00:00,0.4526
2024-07-26 06:00:00,0.4407
2024-07-26 07:00:00,0.4251
2024-07-26 08:00:00,0.423
2024-07-26 09:00:00,0.4367
2024-07-26 10:00:00,0.4383
2024-07-26 11:00:00,0.4317
2024-07-26 12:00:00,0.412
2024-07-26 13:00:00,0.3782
2024-07-26 14:00:00,0.3229
2024-07-26 15:00:00,0.2623
2024-07-26 16:00:00,0.2053
2024-07-26 17:00:00,0.1584
2024-07-26 18:00:00,0.1344
2024-07-26 19:00:00,0.1195
2024-07-26 20:00:00,0.1169
2024-07-26 21:00:00,0.1322
2024-07-26 22:00:00,0.149
2024-07-26 23:00:00,0.1551
2024-07-27 00:00:00,0.1597
2024-07-27 01:00:00,0.1582
2024-07-27 02:00:00,0.1629
2024-07-27 03:00:00,0.1845
2024-07-27 04:00:00,0.2118
2024-07-27 05:00:00,0.2317
2024-07-27 06:00:00,0.2418
2024-07-27 07:00:00,0.2479
2024-07-27 08:00:00,0.2523
2024-07-27 09:00:00,0.2565
2024-07-27 10:00:00,0.2536
2024-07-27 11:00:00,0.2392
2024-07-27 12:00:00,0.2185
2024-07-27 13:00:00,0.1964
2024-07-27 14:00:00,0.1736
2024-07-27 15:00:00,0.1551
2024-07-27 16:00:00,0.1539
2024-07-27 17:00:00,0.1786
2024-07-27 18:00:00,0.2132
2024-07-27 19:00:00,0.2478
2024-07-27 20:00:00,0.2824
2024-07-27 21:00:00,0.3263
2024-07-27 22:00:00,0.3572
2024-07-27 23:00:00,0.3621
2024-07-28 00:00:00,0.34
2024-07-28 01:00:00,0.3179
2024-07-28 02:00:00,0.2911
2024-07-28 03:00:00,0.2582
2024-07-28 04:00:00,0.2127
2024-07-28 05:00:00,0.1651
2024-07-28 06:00:00,0.1292
2024-07-28 07:00:00,0.1094
2024-07-28 08:00:00,0.103
2024-07-28 09:00:00,0.1014
2024-07-28 10:00:00,0.1008
2024-07-28 11:00:00,0.1032
2024-07-28 12:00:00,0.1025
2024-07-28 13:00:00,0.1012
2024-07-28 14:00:00,0.1006
2024-07-28 15:00:00,0.0909
2024-07-28 16:00:00,0.0731
2024-07-28 17:00:00,0.0626
2024-07-28 18:00:00,0.0632
2024-07-28 19:00:00,0.0729
2024-07-28 20:00:00,0.0832
2024-07-28 21:00:00,0.0936
2024-07-28 22:00:00,0.1146
2024-07-28 23:00:00,0.1313
2024-07-29 00:00:00,0.1462
2024-07-29 01:00:00,0.1707
2024-07-29 02:00:00,0.1996
2024-07-29 03:00:00,0.2194
2024-07-29 04:00:00,0.2373
2024-07-29 05:00:00,0.2525
2024-07-29 06:00:00,0.2458
2024-07-29 07:00:00,0.2251
2024-07-29 08:00:00,0.202
2024-07-29 09:00:00,0.1795
2024-07-29 10:00:00,0.1612
2024-07-29 11:00:00,0.1499
2024-07-29 12:00:00,0.1513
2024-07-29 13:00:00,0.1641
2024-07-29 14:00:00,0.1804
2024-07-29 15:00:00,0.2107
2024-07-29 16:00:00,0.2545
2024-07-29 17:00:00,0.308
2024-07-29 18:00:00,0.372
2024-07-29 19:00:00,0.4461
2024-07-29 20:00:00,0.5174
2024-07-29 21:00:00,0.5476
2024-07-29 22:00:00,0.5413
2024-07-29 23:00:00,0.5134
2024-07-30 00:00:00,0.4647
2024-07-30 01:00:00,0.4085
2024-07-30 02:00:00,0.345
2024-07-30 03:00:00,0.2713
2024-07-30 04:00:00,0.2098
2024-07-30 05:00:00,0.1614
2024-07-30 06:00:00,0.1189
2024-07-30 07:00:00,0.0855
2024-07-30 08:00:00,0.0591
2024-07-30 09:00:00,0.0387
2024-07-30 10:00:00,0.0455
2024-07-30 11:00:00,0.0856
2024-07-30 12:00:00,0.1429
2024-07-30 13:00:00,0.1951
2024-07-30 14:00:00,0.2292
2024-07-30 15:00:00,0.2436
2024-07-30 16:00:00,0.2694
2024-07-30 17:00:00,0.3241
2024-07-30 18:00:00,0.3993
2024-07-30 19:00:00,0.4744
2024-07-30 20:00:00,0.5187
2024-07-30 21:00:00,0.5291
2024-07-30 22:00:00,0.5063
2024-07-30 23:00:00,0.4579
2024-07-31 00:00:00,0.3908
2024-07-31 01:00:00,0.33
2024-07-31 02:00:00,0.2995
2024-07-31 03:00:00,0.2968
2024-07-31 04:00:00,0.3179
2024-07-31 05:00:00,0.3542
2024-07-31 06:00:00,0.3923
2024-07-31 07:00:00,0.4268
2024-07-31 08:00:00,0.4444
2024-07-31 09:00:00,0.4457
2024-07-31 10:00:00,0.4519
2024-07-31 11:00:00,0.46
2024-07-31 12:00:00,0.4564
2024-07-31 13:00:00,0.4431
2024-07-31 14:00:00,0.4281
2024-07-31 15:00:00,0.4241
2024-07-31 16:00:00,0.4383
2024-07-31 17:00:00,0.4715
2024-07-31 18:00:00,0.507
2024-07-31 19:00:00,0.5343
2024-07-31 20:00:00,0.5419
2024-07-31 21:00:00,0.5437
2024-07-31 22:00:00,0.5394
2024-07-31 23:00:00,0.5306
2024-08-01 00:00:00,0.517
2024-08-01 01:00:00,0.5017
2024-08-01 02:00:00,0.4813
2024-08-01 03:00:00,0.4624
2024-08-01 04:00:00,0.4408
2024-08-01 05:00:00,0.4071
2024-08-01 06:00:00,0.3604
2024-08-01 07:00:00,0.311
2024-08-01 08:00:00,0.2692
2024-08-01 09:00:00,0.2342
2024-08-01 10:00:00,0.2013
2024-08-01 11:00:00,0.1902
2024-08-01 12:00:00,0.1981
2024-08-01 13:00:00,0.1962
2024-08-01 14:00:00,0.1933
2024-08-01 15:00:00,0.2068
2024-08-01 16:00:00,0.214
2024-08-01 17:00:00,0.2126
2024-08-01 18:00:00,0.2018
2024-08-01 19:00:00,0.1882
2024-08-01 20:00:00,0.1761
2024-08-01 21:00:00,0.174
2024-08-01 22:00:00,0.1715
2024-08-01 23:00:00,0.1639
2024-08-02 00:00:00,0.1596
2024-08-02 01:00:00,0.1652
2024-08-02 02:00:00,0.1748
2024-08-02 03:00:00,0.1796
2024-08-02 04:00:00,0.1832
2024-08-02 05:00:00,0.1851
2024-08-02 06:00:00,0.1744
2024-08-02 07:00:00,0.1659
2024-08-02 08:00:00,0.1659
2024-08-02 09:00:00,0.1796
2024-08-02 10:00:00,0.1974
2024-08-02 11:00:00,0.1998
2024-08-02 12:00:00,0.1917
2024-08-02 13:00:00,0.1817
2024-08-02 14:00:00,0.1725
2024-08-02 15:00:00,0.1721
2024-08-02 16:00:00,0.1813
2024-08-02 17:00:00,0.202
2024-08-02 18:00:00,0.2351
2024-08-02 19:00:00,0.276
2024-08-02 20:00:00,0.3204
2024-08-02 21:00:00,0.3628
2024-08-02 22:00:00,0.4053
2024-08-02 23:00:00,0.4383
2024-08-03 00:00:00,0.4515
2024-08-03 01:00:00,0.4606
2024-08-03 02:00:00,0.4602
2024-08-03 03:00:00,0.4218
2024-08-03 04:00:00,0.3883
2024-08-03 05:00:00,0.3669
2024-08-03 06:00:00,0.3797
2024-08-03 07:00:00,0.4245
2024-08-03 08:00:00,0.4801
2024-08-03 09:00:00,0.5279
2024-08-03 10:00:00,0.5555
2024-08-03 11:00:00,0.5654
2024-08-03 12:00:00,0.5604
2024-08-03 13:00:00,0.5506
2024-08-03 14:00:00,0.542
2024-08-03 15:00:00,0.5459
2024-08-03 16:00:00,0.5466
2024-08-03 17:00:00,0.5419
2024-08-03 18:00:00,0.5372
2024-08-03 19:00:00,0.5124
2024-08-03 20:00:00,0.4666
2024-08-03 21:00:00,0.4376
2024-08-03 22:00:00,0.469
2024-08-03 23:00:00,0.4962
2024-08-04 00:00:00,0.4951
2024-08-04 01:00:00,0.4866
2024-08-04 02:00:00,0.4663
2024-08-04 03:00:00,0.432
2024-08-04 04:00:00,0.3858
2024-08-04 05:00:00,0.3174
2024-08-04 06:00:00,0.2519
2024-08-04 07:00:00,0.2093
2024-08-04 08:00:00,0.2067
2024-08-04 09:00:00,0.2452
2024-08-04 10:00:00,0.2972
2024-08-04 11:00:00,0.3227
2024-08-04 12:00:00,0.3131
2024-08-04 13:00:00,0.2777
2024-08-04 14:00:00,0.2305
2024-08-04 15:00:00,0.2151
2024-08-04 16:00:00,0.2282
2024-08-04 17:00:00,0.213
2024-08-04 18:00:00,0.1726
2024-08-04 19:00:00,0.1476
2024-08-04 20:00:00,0.1546
2024-08-04 21:00:00,0.1949
2024-08-04 22:00:00,0.2582
2024-08-04 23:00:00,0.3196
2024-08-05 00:00:00,0.3637
2024-08-05 01:00:00,0.3823
2024-08-05 02:00:00,0.3763
2024-08-05 03:00:00,0.3521
2024-08-05 04:00:00,0.3386
2024-08-05 05:00:00,0.3553
2024-08-05 06:00:00,0.3813
2024-08-05 07:00:00,0.405
2024-08-05 08:00:00,0.4247
2024-08-05 09:00:00,0.4477
2024-08-05 10:00:00,0.4679
2024-08-05 11:00:00,0.4688
2024-08-05 12:00:00,0.4498
2024-08-05 13:00:00,0.4214
2024-08-05 14:00:00,0.3965
2024-08-05 15:00:00,0.3712
2024-08-05 16:00:00,0.3493
2024-08-05 17:00:00,0.3394
2024-08-05 18:00:00,0.3419
2024-08-05 19:00:00,0.3547
2024-08-05 20:00:00,0.3821
2024-08-05 21:00:00,0.4184
2024-08-05 22:00:00,0.4768
2024-08-05 23:00:00,0.5307
2024-08-06 00:00:00,0.5679
2024-08-06 01:00:00,0.5914
2024-08-06 02:00:00,0.5933
2024-08-06 03:00:00,0.5813
2024-08-06 04:00:00,0.5624
2024-08-06 05:00:00,0.541
2024-08-06 06:00:00,0.5197
2024-08-06 07:00:00,0.4966
2024-08-06 08:00:00,0.4832
2024-08-06 09:00:00,0.4711
2024-08-06 10:00:00,0.4296
2024-08-06 11:00:00,0.375
2024-08-06 12:00:00,0.3227
2024-08-06 13:00:00,0.2922
2024-08-06 14:00:00,0.2858
2024-08-06 15:00:00,0.2973
2024-08-06 16:00:00,0.3194
2024-08-06 17:00:00,0.3431
2024-08-06 18:00:00,0.377
2024-08-06 19:00:00,0.3981
2024-08-06 20:00:00,0.3933
2024-08-06 21:00:00,0.3886
2024-08-06 22:00:00,0.3869
2024-08-06 23:00:00,0.3629
2024-08-07 00:00:00,0.3181
2024-08-07 01:00:00,0.2851
2024-08-07 02:00:00,0.2596
2024-08-07 03:00:00,0.2364
2024-08-07 04:00:00,0.2108
2024-08-07 05:00:00,0.1987
2024-08-07 06:00:00,0.1968
2024-08-07 07:00:00,0.2035
2024-08-07 08:00:00,0.2336
2024-08-07 09:00:00,0.3071
2024-08-07 10:00:00,0.4055
2024-08-07 11:00:00,0.5061
2024-08-07 12:00:00,0.5765
2024-08-07 13:00:00,0.6204
2024-08-07 14:00:00,0.6454
2024-08-07 15:00:00,0.6488
2024-08-07 16:00:00,0.6288
2024-08-07 17:00:00,0.6289
2024-08-07 18:00:00,0.6743
2024-08-07 19:00:00,0.7171
2024-08-07 20:00:00,0.7357
2024-08-07 21:00:00,0.7172
2024-08-07 22:00:00,0.6911
2024-08-07 23:00:00,0.6556
2024-08-08 00:00:00,0.614
2024-08-08 01:00:00,0.5772
2024-08-08 02:00:00,0.5459
2024-08-08 03:00:00,0.499
2024-08-08 04:00:00,0.4217
2024-08-08 05:00:00,0.3835
2024-08-08 06:00:00,0.3748
2024-08-08 07:00:00,0.38
2024-08-08 08:00:00,0.4333
2024-08-08 09:00:00,0.4966
2024-08-08 10:00:00,0.5467
2024-08-08 11:00:00,0.5846
2024-08-08 12:00:00,0.6269
2024-08-08 13:00:00,0.6595
2024-08-08 14:00:00,0.6875
2024-08-08 15:00:00,0.7149
2024-08-08 16:00:00,0.7286
2024-08-08 17:00:00,0.7474
2024-08-08 18:00:00,0.7968
2024-08-08 19:00:00,0.8653
2024-08-08 20:00:00,0.9118
2024-08-08 21:00:00,0.9322
2024-08-08 22:00:00,0.9492
2024-08-08 23:00:00,0.9603
2024-08-09 00:00:00,0.9647
2024-08-09 01:00:00,0.9698
2024-08-09 02:00:00,0.9693
2024-08-09 03:00:00,0.965
2024-08-09 04:00:00,0.9631
2024-08-09 05:00:00,0.9736
2024-08-09 06:00:00,0.9728
2024-08-09 07:00:00,0.9727
2024-08-09 08:00:00,0.9656
2024-08-09 09:00:00,0.9528
2024-08-09 10:00:00,0.6468
2024-08-09 11:00:00,0.9011
2024-08-09 12:00:00,0.8603
2024-08-09 13:00:00,0.8093
2024-08-09 14:00:00,0.7528
2024-08-09 15:00:00,0.6768
2024-08-09 16:00:00,0.5957
2024-08-09 17:00:00,0.5596
2024-08-09 18:00:00,0.5354
2024-08-09 19:00:00,0.5344
2024-08-09 20:00:00,0.5471
2024-08-09 21:00:00,0.5558
2024-08-09 22:00:00,0.5508
2024-08-09 23:00:00,0.544
2024-08-10 00:00:00,0.5389
2024-08-10 01:00:00,0.533
2024-08-10 02:00:00,0.5412
2024-08-10 03:00:00,0.5427
2024-08-10 04:00:00,0.5242
2024-08-10 05:00:00,0.4968
2024-08-10 06:00:00,0.4771
2024-08-10 07:00:00,0.4888
2024-08-10 08:00:00,0.5494
2024-08-10 09:00:00,0.6282
2024-08-10 10:00:00,0.7032
2024-08-10 11:00:00,0.7603
2024-08-10 12:00:00,0.7876
2024-08-10 13:00:00,0.7907
2024-08-10 14:00:00,0.7637
2024-08-10 15:00:00,0.728
2024-08-10 16:00:00,0.6916
2024-08-10 17:00:00,0.644
2024-08-10 18:00:00,0.6008
2024-08-10 19:00:00,0.568
2024-08-10 20:00:00,0.5399
2024-08-10 21:00:00,0.4911
2024-08-10 22:00:00,0.411
2024-08-10 23:00:00,0.3217
2024-08-11 00:00:00,0.2465
2024-08-11 01:00:00,0.1945
2024-08-11 02:00:00,0.1669
2024-08-11 03:00:00,0.1519
2024-08-11 04:00:00,0.1397
2024-08-11 05:00:00,0.1197
2024-08-11 06:00:00,0.1058
2024-08-11 07:00:00,0.0987
2024-08-11 08:00:00,0.0969
2024-08-11 09:00:00,0.0936
2024-08-11 10:00:00,0.0901
2024-08-11 11:00:00,0.099
2024-08-11 12:00:00,0.1183
2024-08-11 13:00:00,0.1466
2024-08-11 14:00:00,0.1821
2024-08-11 15:00:00,0.2294
2024-08-11 16:00:00,0.2883
2024-08-11 17:00:00,0.3533
2024-08-11 18:00:00,0.4287
2024-08-11 19:00:00,0.5039
2024-08-11 20:00:00,0.5675
2024-08-11 21:00:00,0.6116
2024-08-11 22:00:00,0.6374
2024-08-11 23:00:00,0.6478
2024-08-12 00:00:00,0.6443
2024-08-12 01:00:00,0.6446
2024-08-12 02:00:00,0.6608
2024-08-12 03:00:00,0.6966
2024-08-12 04:00:00,0.7447
2024-08-12 05:00:00,0.7662
2024-08-12 06:00:00,0.7533
2024-08-12 07:00:00,0.7396
2024-08-12 08:00:00,0.7531
2024-08-12 09:00:00,0.7842
2024-08-12 10:00:00,0.8143
2024-08-12 11:00:00,0.841
2024-08-12 12:00:00,0.858
2024-08-12 13:00:00,0.8641
2024-08-12 14:00:00,0.8559
2024-08-12 15:00:00,0.8476
2024-08-12 16:00:00,0.844
2024-08-12 17:00:00,0.8441
2024-08-12 18:00:00,0.8578
2024-08-12 19:00:00,0.8675
2024-08-12 20:00:00,0.866
2024-08-12 21:00:00,0.857
2024-08-12 22:00:00,0.8343
2024-08-12 23:00:00,0.7951
2024-08-13 00:00:00,0.7431
2024-08-13 01:00:00,0.6668
2024-08-13 02:00:00,0.5463
2024-08-13 03:00:00,0.4238
2024-08-13 04:00:00,0.3457
2024-08-13 05:00:00,0.2369
2024-08-13 06:00:00,0.1183
2024-08-13 07:00:00,0.0647
2024-08-13 08:00:00,0.0693
2024-08-13 09:00:00,0.1138
2024-08-13 10:00:00,0.1647
2024-08-13 11:00:00,0.1939
2024-08-13 12:00:00,0.1961
2024-08-13 13:00:00,0.1766
2024-08-13 14:00:00,0.1405
2024-08-13 15:00:00,0.1068
2024-08-13 16:00:00,0.0879
2024-08-13 17:00:00,0.0897
2024-08-13 18:00:00,0.1126
2024-08-13 19:00:00,0.1639
2024-08-13 20:00:00,0.1347
2024-08-13 21:00:00,0.207
2024-08-13 22:00:00,0.3115
2024-08-13 23:00:00,0.3039
2024-08-14 00:00:00,0.1766
2024-08-14 01:00:00,0.059
2024-08-14 02:00:00,0.0466
2024-08-14 03:00:00,0.0431
2024-08-14 04:00:00,0.0207
2024-08-14 05:00:00,0.0353
2024-08-14 06:00:00,0.0807
2024-08-14 07:00:00,0.1323
2024-08-14 08:00:00,0.1546
2024-08-14 09:00:00,0.1527
2024-08-14 10:00:00,0.1357
2024-08-14 11:00:00,0.1109
2024-08-14 12:00:00,0.0915
2024-08-14 13:00:00,0.0796
2024-08-14 14:00:00,0.0703
2024-08-14 15:00:00,0.0728
2024-08-14 16:00:00,0.0909
2024-08-14 17:00:00,0.106
2024-08-14 18:00:00,0.1084
2024-08-14 19:00:00,0.0894
2024-08-14 20:00:00,0.0619
2024-08-14 21:00:00,0.0686
2024-08-14 22:00:00,0.0864
2024-08-14 23:00:00,0.0782
2024-08-15 00:00:00,0.0839
2024-08-15 01:00:00,0.1034
2024-08-15 02:00:00,0.1492
2024-08-15 03:00:00,0.2072
2024-08-15 04:00:00,0.2813
2024-08-15 05:00:00,0.3571
2024-08-15 06:00:00,0.453
2024-08-15 07:00:00,0.5638
2024-08-15 08:00:00,0.6714
2024-08-15 09:00:00,0.766
2024-08-15 10:00:00,0.839
2024-08-15 11:00:00,0.8894
2024-08-15 12:00:00,0.9219
2024-08-15 13:00:00,0.9449
2024-08-15 14:00:00,0.9555
2024-08-15 15:00:00,0.9611
2024-08-15 16:00:00,0.962
2024-08-15 17:00:00,0.9592
2024-08-15 18:00:00,0.9553
2024-08-15 19:00:00,0.9451
2024-08-15 20:00:00,0.9265
2024-08-15 21:00:00,0.8946
2024-08-15 22:00:00,0.8292
2024-08-15 23:00:00,0.7534
2024-08-16 00:00:00,0.6978
2024-08-16 01:00:00,0.6522
2024-08-16 02:00:00,0.5929
2024-08-16 03:00:00,0.5311
2024-08-16 04:00:00,0.4627
2024-08-16 05:00:00,0.3856
2024-08-16 06:00:00,0.3353
2024-08-16 07:00:00,0.3381
2024-08-16 08:00:00,0.336
2024-08-16 09:00:00,0.3161
2024-08-16 10:00:00,0.289
2024-08-16 11:00:00,0.2523
2024-08-16 12:00:00,0.21
2024-08-16 13:00:00,0.1803
2024-08-16 14:00:00,0.1654
2024-08-16 15:00:00,0.142
2024-08-16 16:00:00,0.1106
2024-08-16 17:00:00,0.0954
2024-08-16 18:00:00,0.1001
2024-08-16 19:00:00,0.0936
2024-08-16 20:00:00,0.0751
2024-08-16 21:00:00,0.0675
2024-08-16 22:00:00,0.0713
2024-08-16 23:00:00,0.0756
2024-08-17 00:00:00,0.0842
2024-08-17 01:00:00,0.0971
2024-08-17 02:00:00,0.1136
2024-08-17 03:00:00,0.1295
2024-08-17 04:00:00,0.1387
2024-08-17 05:00:00,0.1379
2024-08-17 06:00:00,0.1318
2024-08-17 07:00:00,0.1167
2024-08-17 08:00:00,0.0996
2024-08-17 09:00:00,0.0851
2024-08-17 10:00:00,0.0715
2024-08-17 11:00:00,0.0628
2024-08-17 12:00:00,0.0593
2024-08-17 13:00:00,0.059
2024-08-17 14:00:00,0.0551
2024-08-17 15:00:00,0.0488
2024-08-17 16:00:00,0.0477
2024-08-17 17:00:00,0.0531
2024-08-17 18:00:00,0.064
2024-08-17 19:00:00,0.0745
2024-08-17 20:00:00,0.0816
2024-08-17 21:00:00,0.0826
2024-08-17 22:00:00,0.0834
2024-08-17 23:00:00,0.0924
2024-08-18 00:00:00,0.1051
2024-08-18 01:00:00,0.1194
2024-08-18 02:00:00,0.1318
2024-08-18 03:00:00,0.141
2024-08-18 04:00:00,0.1505
2024-08-18 05:00:00,0.1733
2024-08-18 06:00:00,0.2132
2024-08-18 07:00:00,0.2638
2024-08-18 08:00:00,0.3216
2024-08-18 09:00:00,0.3772
2024-08-18 10:00:00,0.4315
2024-08-18 11:00:00,0.4856
2024-08-18 12:00:00,0.5249
2024-08-18 13:00:00,0.5291
2024-08-18 14:00:00,0.5176
2024-08-18 15:00:00,0.5
2024-08-18 16:00:00,0.4873
2024-08-18 17:00:00,0.4713
2024-08-18 18:00:00,0.4396
2024-08-18 19:00:00,0.4021
2024-08-18 20:00:00,0.3619
2024-08-18 21:00:00,0.3261
2024-08-18 22:00:00,0.3021
2024-08-18 23:00:00,0.294
2024-08-19 00:00:00,0.3071
2024-08-19 01:00:00,0.2917
2024-08-19 02:00:00,0.2156
2024-08-19 03:00:00,0.157
2024-08-19 04:00:00,0.1485
2024-08-19 05:00:00,0.1458
2024-08-19 06:00:00,0.135
2024-08-19 07:00:00,0.1446
2024-08-19 08:00:00,0.202
2024-08-19 09:00:00,0.2982
2024-08-19 10:00:00,0.4034
2024-08-19 11:00:00,0.5052
2024-08-19 12:00:00,0.5838
2024-08-19 13:00:00,0.6359
2024-08-19 14:00:00,0.6697
2024-08-19 15:00:00,0.6993
2024-08-19 16:00:00,0.7233
2024-08-19 17:00:00,0.7266
2024-08-19 18:00:00,0.728
2024-08-19 19:00:00,0.7642
2024-08-19 20:00:00,0.8006
2024-08-19 21:00:00,0.8198
2024-08-19 22:00:00,0.8285
2024-08-19 23:00:00,0.8419
2024-08-20 00:00:00,0.8515
2024-08-20 01:00:00,0.8586
2024-08-20 02:00:00,0.8731
2024-08-20 03:00:00,0.8784
2024-08-20 04:00:00,0.8683
2024-08-20 05:00:00,0.8558
2024-08-20 06:00:00,0.8246
2024-08-20 07:00:00,0.81
2024-08-20 08:00:00,0.7973
2024-08-20 09:00:00,0.7794
2024-08-20 10:00:00,0.7636
2024-08-20 11:00:00,0.7484
2024-08-20 12:00:00,0.7608
2024-08-20 13:00:00,0.7901
2024-08-20 14:00:00,0.7038
2024-08-20 15:00:00,0.6364
2024-08-20 16:00:00,0.6054
2024-08-20 17:00:00,0.6094
2024-08-20 18:00:00,0.6165
2024-08-20 19:00:00,0.6653
2024-08-20 20:00:00,0.755
2024-08-20 21:00:00,0.8239
2024-08-20 22:00:00,0.85
2024-08-20 23:00:00,0.8504
2024-08-21 00:00:00,0.8546
2024-08-21 01:00:00,0.8859
2024-08-21 02:00:00,0.9047
2024-08-21 03:00:00,0.9134
2024-08-21 04:00:00,0.9184
2024-08-21 05:00:00,0.9217
2024-08-21 06:00:00,0.9222
2024-08-21 07:00:00,0.9209
2024-08-21 08:00:00,0.9176
2024-08-21 09:00:00,0.9046
2024-08-21 10:00:00,0.8924
2024-08-21 11:00:00,0.8884
2024-08-21 12:00:00,0.8768
2024-08-21 13:00:00,0.8519
2024-08-21 14:00:00,0.8312
2024-08-21 15:00:00,0.8306
2024-08-21 16:00:00,0.8427
2024-08-21 17:00:00,0.855
2024-08-21 18:00:00,0.8666
2024-08-21 19:00:00,0.8759
2024-08-21 20:00:00,0.8843
2024-08-21 21:00:00,0.891
2024-08-21 22:00:00,0.8931
2024-08-21 23:00:00,0.8949
2024-08-22 00:00:00,0.9072
2024-08-22 01:00:00,0.927
2024-08-22 02:00:00,0.9432
2024-08-22 03:00:00,0.9533
2024-08-22 04:00:00,0.9625
2024-08-22 05:00:00,0.973
2024-08-22 06:00:00,0.9813
2024-08-22 07:00:00,0.9834
2024-08-22 08:00:00,0.9825
2024-08-22 09:00:00,0.9841
2024-08-22 10:00:00,0.9803
2024-08-22 11:00:00,0.9761
2024-08-22 12:00:00,0.9784
2024-08-22 13:00:00,0.9852
2024-08-22 14:00:00,0.9892
2024-08-22 15:00:00,0.9888
2024-08-22 16:00:00,0.9836
2024-08-22 17:00:00,0.9779
2024-08-22 18:00:00,0.9598
2024-08-22 19:00:00,0.9286
2024-08-22 20:00:00,0.8689
2024-08-22 21:00:00,0.7776
2024-08-22 22:00:00,0.7603
2024-08-22 23:00:00,0.8023
2024-08-23 00:00:00,0.8418
2024-08-23 01:00:00,0.8757
2024-08-23 02:00:00,0.9079
2024-08-23 03:00:00,0.9235
2024-08-23 04:00:00,0.9388
2024-08-23 05:00:00,0.9722
2024-08-23 06:00:00,0.9785
2024-08-23 07:00:00,0.9446
2024-08-23 08:00:00,0.8484
2024-08-23 09:00:00,0.7683
2024-08-23 10:00:00,0.7374
2024-08-23 11:00:00,0.8492
2024-08-23 12:00:00,0.9178
2024-08-23 13:00:00,0.9289
2024-08-23 14:00:00,0.8976
2024-08-23 15:00:00,0.8379
2024-08-23 16:00:00,0.7515
2024-08-23 17:00:00,0.6386
2024-08-23 18:00:00,0.4831
2024-08-23 19:00:00,0.4003
2024-08-23 20:00:00,0.403
2024-08-23 21:00:00,0.4744
2024-08-23 22:00:00,0.5738
2024-08-23 23:00:00,0.6667
2024-08-24 00:00:00,0.7177
2024-08-24 01:00:00,0.7191
2024-08-24 02:00:00,0.6955
2024-08-24 03:00:00,0.6427
2024-08-24 04:00:00,0.5681
2024-08-24 05:00:00,0.5274
2024-08-24 06:00:00,0.509
2024-08-24 07:00:00,0.5053
2024-08-24 08:00:00,0.5359
2024-08-24 09:00:00,0.5166
2024-08-24 10:00:00,0.4937
2024-08-24 11:00:00,0.5063
2024-08-24 12:00:00,0.5475
2024-08-24 13:00:00,0.5707
2024-08-24 14:00:00,0.5909
2024-08-24 15:00:00,0.6124
2024-08-24 16:00:00,0.6475
2024-08-24 17:00:00,0.6915
2024-08-24 18:00:00,0.7555
2024-08-24 19:00:00,0.7883
2024-08-24 20:00:00,0.81
2024-08-24 21:00:00,0.7806
2024-08-24 22:00:00,0.7954
2024-08-24 23:00:00,0.8366
2024-08-25 00:00:00,0.8628
2024-08-25 01:00:00,0.8754
2024-08-25 02:00:00,0.884
2024-08-25 03:00:00,0.8903
2024-08-25 04:00:00,0.894
2024-08-25 05:00:00,0.8886
2024-08-25 06:00:00,0.872
2024-08-25 07:00:00,0.8465
2024-08-25 08:00:00,0.8135
2024-08-25 09:00:00,0.7962
2024-08-25 10:00:00,0.8123
2024-08-25 11:00:00,0.8402
2024-08-25 12:00:00,0.8634
2024-08-25 13:00:00,0.8834
2024-08-25 14:00:00,0.9031
2024-08-25 15:00:00,0.9177
2024-08-25 16:00:00,0.9302
2024-08-25 17:00:00,0.9426
2024-08-25 18:00:00,0.9511
2024-08-25 19:00:00,0.9553
2024-08-25 20:00:00,0.958
2024-08-25 21:00:00,0.9594
2024-08-25 22:00:00,0.9571
2024-08-25 23:00:00,0.9513
2024-08-26 00:00:00,0.9418
2024-08-26 01:00:00,0.9266
2024-08-26 02:00:00,0.904
2024-08-26 03:00:00,0.8769
2024-08-26 04:00:00,0.8478
2024-08-26 05:00:00,0.8212
2024-08-26 06:00:00,0.7939
2024-08-26 07:00:00,0.7736
2024-08-26 08:00:00,0.7593
2024-08-26 09:00:00,0.7404
2024-08-26 10:00:00,0.7162
2024-08-26 11:00:00,0.6869
2024-08-26 12:00:00,0.6527
2024-08-26 13:00:00,0.6253
2024-08-26 14:00:00,0.5945
2024-08-26 15:00:00,0.5406
2024-08-26 16:00:00,0.4885
2024-08-26 17:00:00,0.4511
2024-08-26 18:00:00,0.4469
2024-08-26 19:00:00,0.4482
2024-08-26 20:00:00,0.4741
2024-08-26 21:00:00,0.5173
2024-08-26 22:00:00,0.5529
2024-08-26 23:00:00,0.5647
2024-08-27 00:00:00,0.5584
2024-08-27 01:00:00,0.5805
2024-08-27 02:00:00,0.6236
2024-08-27 03:00:00,0.6646
2024-08-27 04:00:00,0.7
2024-08-27 05:00:00,0.7242
2024-08-27 06:00:00,0.7288
2024-08-27 07:00:00,0.7139
2024-08-27 08:00:00,0.6909
2024-08-27 09:00:00,0.6726
2024-08-27 10:00:00,0.6544
2024-08-27 11:00:00,0.6268
2024-08-27 12:00:00,0.5951
2024-08-27 13:00:00,0.568
2024-08-27 14:00:00,0.5454
2024-08-27 15:00:00,0.5237
2024-08-27 16:00:00,0.509
2024-08-27 17:00:00,0.5229
2024-08-27 18:00:00,0.5528
2024-08-27 19:00:00,0.5808
2024-08-27 20:00:00,0.5947
2024-08-27 21:00:00,0.6017
2024-08-27 22:00:00,0.5891
2024-08-27 23:00:00,0.555
2024-08-28 00:00:00,0.5128
2024-08-28 01:00:00,0.4541
2024-08-28 02:00:00,0.39
2024-08-28 03:00:00,0.3427
2024-08-28 04:00:00,0.3211
2024-08-28 05:00:00,0.3286
2024-08-28 06:00:00,0.3447
2024-08-28 07:00:00,0.3337
2024-08-28 08:00:00,0.3133
2024-08-28 09:00:00,0.3102
2024-08-28 10:00:00,0.355
2024-08-28 11:00:00,0.436
2024-08-28 12:00:00,0.5158
2024-08-28 13:00:00,0.5693
2024-08-28 14:00:00,0.5925
2024-08-28 15:00:00,0.5977
2024-08-28 16:00:00,0.5812
2024-08-28 17:00:00,0.58
2024-08-28 18:00:00,0.6023
2024-08-28 19:00:00,0.6321
2024-08-28 20:00:00,0.6542
2024-08-28 21:00:00,0.6664
2024-08-28 22:00:00,0.6659
2024-08-28 23:00:00,0.644
2024-08-29 00:00:00,0.6136
2024-08-29 01:00:00,0.5656
2024-08-29 02:00:00,0.4846
2024-08-29 03:00:00,0.4011
2024-08-29 04:00:00,0.3645
2024-08-29 05:00:00,0.3683
2024-08-29 06:00:00,0.3918
2024-08-29 07:00:00,0.4259
2024-08-29 08:00:00,0.4571
2024-08-29 09:00:00,0.4757
2024-08-29 10:00:00,0.4877
2024-08-29 11:00:00,0.4713
2024-08-29 12:00:00,0.4246
2024-08-29 13:00:00,0.3771
2024-08-29 14:00:00,0.3387
2024-08-29 15:00:00,0.2899
2024-08-29 16:00:00,0.2414
2024-08-29 17:00:00,0.2072
2024-08-29 18:00:00,0.1801
2024-08-29 19:00:00,0.1612
2024-08-29 20:00:00,0.1648
2024-08-29 21:00:00,0.1652
2024-08-29 22:00:00,0.1667
2024-08-29 23:00:00,0.174
2024-08-30 00:00:00,0.1798
2024-08-30 01:00:00,0.1807
2024-08-30 02:00:00,0.1789
2024-08-30 03:00:00,0.1593
2024-08-30 04:00:00,0.1386
2024-08-30 05:00:00,0.1353
2024-08-30 06:00:00,0.1425
2024-08-30 07:00:00,0.1517
2024-08-30 08:00:00,0.1637
2024-08-30 09:00:00,0.1827
2024-08-30 10:00:00,0.2092
2024-08-30 11:00:00,0.25
2024-08-30 12:00:00,0.3039
2024-08-30 13:00:00,0.3529
2024-08-30 14:00:00,0.395
2024-08-30 15:00:00,0.4325
2024-08-30 16:00:00,0.4561
2024-08-30 17:00:00,0.4673
2024-08-30 18:00:00,0.472
2024-08-30 19:00:00,0.4762
2024-08-30 20:00:00,0.4828
2024-08-30 21:00:00,0.4919
2024-08-30 22:00:00,0.5048
2024-08-30 23:00:00,0.5083
2024-08-31 00:00:00,0.5049
2024-08-31 01:00:00,0.5022
2024-08-31 02:00:00,0.5032
2024-08-31 03:00:00,0.5137
2024-08-31 04:00:00,0.5444
2024-08-31 05:00:00,0.5877
2024-08-31 06:00:00,0.6256
2024-08-31 07:00:00,0.6612
2024-08-31 08:00:00,0.6886
2024-08-31 09:00:00,0.7047
2024-08-31 10:00:00,0.7149
2024-08-31 11:00:00,0.7396
2024-08-31 12:00:00,0.7749
2024-08-31 13:00:00,0.8011
2024-08-31 14:00:00,0.8139
2024-08-31 15:00:00,0.8245
2024-08-31 16:00:00,0.8326
2024-08-31 17:00:00,0.842
2024-08-31 18:00:00,0.8589
2024-08-31 19:00:00,0.8701
2024-08-31 20:00:00,0.8746
2024-08-31 21:00:00,0.8734
2024-08-31 22:00:00,0.8713
2024-08-31 23:00:00,0.8694
2024-09-01 00:00:00,0.8583
2024-09-01 01:00:00,0.8443
2024-09-01 02:00:00,0.8357
2024-09-01 03:00:00,0.8269
2024-09-01 04:00:00,0.8212
2024-09-01 05:00:00,0.8149
2024-09-01 06:00:00,0.7917
2024-09-01 07:00:00,0.7674
2024-09-01 08:00:00,0.7612
2024-09-01 09:00:00,0.764
2024-09-01 10:00:00,0.7945
2024-09-01 11:00:00,0.8335
2024-09-01 12:00:00,0.8658
2024-09-01 13:00:00,0.8839
2024-09-01 14:00:00,0.8933
2024-09-01 15:00:00,0.8839
2024-09-01 16:00:00,0.8653
2024-09-01 17:00:00,0.849
2024-09-01 18:00:00,0.8364
2024-09-01 19:00:00,0.8164
2024-09-01 20:00:00,0.7795
2024-09-01 21:00:00,0.7535
2024-09-01 22:00:00,0.7463
2024-09-01 23:00:00,0.7412
2024-09-02 00:00:00,0.7344
2024-09-02 01:00:00,0.711
2024-09-02 02:00:00,0.6628
2024-09-02 03:00:00,0.5971
2024-09-02 04:00:00,0.5312
2024-09-02 05:00:00,0.4925
2024-09-02 06:00:00,0.4737
2024-09-02 07:00:00,0.4689
2024-09-02 08:00:00,0.4796
2024-09-02 09:00:00,0.4995
2024-09-02 10:00:00,0.5208
2024-09-02 11:00:00,0.5248
2024-09-02 12:00:00,0.5266
2024-09-02 13:00:00,0.5417
2024-09-02 14:00:00,0.5652
2024-09-02 15:00:00,0.5734
2024-09-02 16:00:00,0.5436
2024-09-02 17:00:00,0.5047
2024-09-02 18:00:00,0.483
2024-09-02 19:00:00,0.4574
2024-09-02 20:00:00,0.4347
2024-09-02 21:00:00,0.4115
2024-09-02 22:00:00,0.3982
2024-09-02 23:00:00,0.3846
2024-09-03 00:00:00,0.3733
2024-09-03 01:00:00,0.3517
2024-09-03 02:00:00,0.3169
2024-09-03 03:00:00,0.2802
2024-09-03 04:00:00,0.2429
2024-09-03 05:00:00,0.2193
2024-09-03 06:00:00,0.2104
2024-09-03 07:00:00,0.2037
2024-09-03 08:00:00,0.2152
2024-09-03 09:00:00,0.2338
2024-09-03 10:00:00,0.259
2024-09-03 11:00:00,0.2885
2024-09-03 12:00:00,0.3279
2024-09-03 13:00:00,0.3781
2024-09-03 14:00:00,0.4195
2024-09-03 15:00:00,0.4422
2024-09-03 16:00:00,0.433
2024-09-03 17:00:00,0.4139
2024-09-03 18:00:00,0.3947
2024-09-03 19:00:00,0.3736
2024-09-03 20:00:00,0.3408
2024-09-03 21:00:00,0.2975
2024-09-03 22:00:00,0.255
2024-09-03 23:00:00,0.208
2024-09-04 00:00:00,0.1612
2024-09-04 01:00:00,0.1313
2024-09-04 02:00:00,0.1133
2024-09-04 03:00:00,0.0993
2024-09-04 04:00:00,0.0927
2024-09-04 05:00:00,0.102
2024-09-04 06:00:00,0.1108
2024-09-04 07:00:00,0.1091
2024-09-04 08:00:00,0.1133
2024-09-04 09:00:00,0.1199
2024-09-04 10:00:00,0.1315
2024-09-04 11:00:00,0.1495
2024-09-04 12:00:00,0.1664
2024-09-04 13:00:00,0.1787
2024-09-04 14:00:00,0.1915
2024-09-04 15:00:00,0.2052
2024-09-04 16:00:00,0.2133
2024-09-04 17:00:00,0.2413
2024-09-04 18:00:00,0.2821
2024-09-04 19:00:00,0.293
2024-09-04 20:00:00,0.2918
2024-09-04 21:00:00,0.302
2024-09-04 22:00:00,0.3472
2024-09-04 23:00:00,0.4171
2024-09-05 00:00:00,0.4917
2024-09-05 01:00:00,0.5547
2024-09-05 02:00:00,0.5889
2024-09-05 03:00:00,0.6058
2024-09-05 04:00:00,0.6478
2024-09-05 05:00:00,0.6997
2024-09-05 06:00:00,0.7444
2024-09-05 07:00:00,0.7945
2024-09-05 08:00:00,0.846
2024-09-05 09:00:00,0.8741
2024-09-05 10:00:00,0.8931
2024-09-05 11:00:00,0.9099
2024-09-05 12:00:00,0.9191
2024-09-05 13:00:00,0.9236
2024-09-05 14:00:00,0.9278
2024-09-05 15:00:00,0.9283
2024-09-05 16:00:00,0.9168
2024-09-05 17:00:00,0.8936
2024-09-05 18:00:00,0.8612
2024-09-05 19:00:00,0.8358
2024-09-05 20:00:00,0.8164
2024-09-05 21:00:00,0.8042
2024-09-05 22:00:00,0.7853
2024-09-05 23:00:00,0.7653
2024-09-06 00:00:00,0.7669
2024-09-06 01:00:00,0.7891
2024-09-06 02:00:00,0.8051
2024-09-06 03:00:00,0.7982
2024-09-06 04:00:00,0.7851
2024-09-06 05:00:00,0.7813
2024-09-06 06:00:00,0.7702
2024-09-06 07:00:00,0.7572
2024-09-06 08:00:00,0.7537
2024-09-06 09:00:00,0.7628
2024-09-06 10:00:00,0.7717
2024-09-06 11:00:00,0.7679
2024-09-06 12:00:00,0.738
2024-09-06 13:00:00,0.6947
2024-09-06 14:00:00,0.665
2024-09-06 15:00:00,0.6521
2024-09-06 16:00:00,0.6446
2024-09-06 17:00:00,0.638
2024-09-06 18:00:00,0.631
2024-09-06 19:00:00,0.6156
2024-09-06 20:00:00,0.5743
2024-09-06 21:00:00,0.5045
2024-09-06 22:00:00,0.4707
2024-09-06 23:00:00,0.4478
2024-09-07 00:00:00,0.3906
2024-09-07 01:00:00,0.3224
2024-09-07 02:00:00,0.2731
2024-09-07 03:00:00,0.2543
2024-09-07 04:00:00,0.2583
2024-09-07 05:00:00,0.2575
2024-09-07 06:00:00,0.2569
2024-09-07 07:00:00,0.2649
2024-09-07 08:00:00,0.2769
2024-09-07 09:00:00,0.2875
2024-09-07 10:00:00,0.274
2024-09-07 11:00:00,0.2647
2024-09-07 12:00:00,0.2595
2024-09-07 13:00:00,0.2485
2024-09-07 14:00:00,0.234
2024-09-07 15:00:00,0.2236
2024-09-07 16:00:00,0.212
2024-09-07 17:00:00,0.2558
2024-09-07 18:00:00,0.3632
2024-09-07 19:00:00,0.472
2024-09-07 20:00:00,0.5356
2024-09-07 21:00:00,0.5633
2024-09-07 22:00:00,0.5938
2024-09-07 23:00:00,0.6273
2024-09-08 00:00:00,0.6633
2024-09-08 01:00:00,0.7071
2024-09-08 02:00:00,0.7547
2024-09-08 03:00:00,0.7372
2024-09-08 04:00:00,0.669
2024-09-08 05:00:00,0.5672
2024-09-08 06:00:00,0.5324
2024-09-08 07:00:00,0.5755
2024-09-08 08:00:00,0.6067
2024-09-08 09:00:00,0.5902
2024-09-08 10:00:00,0.6264
2024-09-08 11:00:00,0.671
2024-09-08 12:00:00,0.6605
2024-09-08 13:00:00,0.6482
2024-09-08 14:00:00,0.6304
2024-09-08 15:00:00,0.6041
2024-09-08 16:00:00,0.5652
2024-09-08 17:00:00,0.5347
2024-09-08 18:00:00,0.5026
2024-09-08 19:00:00,0.4645
2024-09-08 20:00:00,0.4143
2024-09-08 21:00:00,0.3504
2024-09-08 22:00:00,0.2899
2024-09-08 23:00:00,0.2439
2024-09-09 00:00:00,0.2042
2024-09-09 01:00:00,0.1663
2024-09-09 02:00:00,0.1389
2024-09-09 03:00:00,0.1276
2024-09-09 04:00:00,0.1497
2024-09-09 05:00:00,0.1909
2024-09-09 06:00:00,0.2593
2024-09-09 07:00:00,0.3852
2024-09-09 08:00:00,0.5263
2024-09-09 09:00:00,0.6294
2024-09-09 10:00:00,0.7263
2024-09-09 11:00:00,0.83
2024-09-09 12:00:00,0.8954
2024-09-09 13:00:00,0.9246
2024-09-09 14:00:00,0.9406
2024-09-09 15:00:00,0.9444
2024-09-09 16:00:00,0.9405
2024-09-09 17:00:00,0.9323
2024-09-09 18:00:00,0.9163
2024-09-09 19:00:00,0.8903
2024-09-09 20:00:00,0.8461
2024-09-09 21:00:00,0.7852
2024-09-09 22:00:00,0.7453
2024-09-09 23:00:00,0.7434
2024-09-10 00:00:00,0.7674
2024-09-10 01:00:00,0.8081
2024-09-10 02:00:00,0.8492
2024-09-10 03:00:00,0.8874
2024-09-10 04:00:00,0.9136
2024-09-10 05:00:00,0.9353
2024-09-10 06:00:00,0.9547
2024-09-10 07:00:00,0.9711
2024-09-10 08:00:00,0.9815
2024-09-10 09:00:00,0.986
2024-09-10 10:00:00,0.9873
2024-09-10 11:00:00,0.9879
2024-09-10 12:00:00,0.9872
2024-09-10 13:00:00,0.9846
2024-09-10 14:00:00,0.9818
2024-09-10 15:00:00,0.9761
2024-09-10 16:00:00,0.9652
2024-09-10 17:00:00,0.9499
2024-09-10 18:00:00,0.9289
2024-09-10 19:00:00,0.8952
2024-09-10 20:00:00,0.8487
2024-09-10 21:00:00,0.8164
2024-09-10 22:00:00,0.7856
2024-09-10 23:00:00,0.7521
2024-09-11 00:00:00,0.7281
2024-09-11 01:00:00,0.7158
2024-09-11 02:00:00,0.7318
2024-09-11 03:00:00,0.7728
2024-09-11 04:00:00,0.8225
2024-09-11 05:00:00,0.8557
2024-09-11 06:00:00,0.8706
2024-09-11 07:00:00,0.8757
2024-09-11 08:00:00,0.8747
2024-09-11 09:00:00,0.8669
2024-09-11 10:00:00,0.849
2024-09-11 11:00:00,0.8282
2024-09-11 12:00:00,0.8154
2024-09-11 13:00:00,0.8097
2024-09-11 14:00:00,0.802
2024-09-11 15:00:00,0.7727
2024-09-11 16:00:00,0.7252
2024-09-11 17:00:00,0.6679
2024-09-11 18:00:00,0.6031
2024-09-11 19:00:00,0.554
2024-09-11 20:00:00,0.5234
2024-09-11 21:00:00,0.5128
2024-09-11 22:00:00,0.5119
2024-09-11 23:00:00,0.5012
2024-09-12 00:00:00,0.4856
2024-09-12 01:00:00,0.4728
2024-09-12 02:00:00,0.4653
2024-09-12 03:00:00,0.4473
2024-09-12 04:00:00,0.4171
2024-09-12 05:00:00,0.3883
2024-09-12 06:00:00,0.3709
2024-09-12 07:00:00,0.3657
2024-09-12 08:00:00,0.3687
2024-09-12 09:00:00,0.3847
2024-09-12 10:00:00,0.4089
2024-09-12 11:00:00,0.4393
2024-09-12 12:00:00,0.4648
2024-09-12 13:00:00,0.4822
2024-09-12 14:00:00,0.4925
2024-09-12 15:00:00,0.5121
2024-09-12 16:00:00,0.5465
2024-09-12 17:00:00,0.588
2024-09-12 18:00:00,0.6229
2024-09-12 19:00:00,0.6509
2024-09-12 20:00:00,0.6764
2024-09-12 21:00:00,0.4437
2024-09-12 22:00:00,0.6765
2024-09-12 23:00:00,0.6594
2024-09-13 00:00:00,0.6472
2024-09-13 01:00:00,0.6663
2024-09-13 02:00:00,0.709
2024-09-13 03:00:00,0.7409
2024-09-13 04:00:00,0.7374
2024-09-13 05:00:00,0.704
2024-09-13 06:00:00,0.6601
2024-09-13 07:00:00,0.6194
2024-09-13 08:00:00,0.59
2024-09-13 09:00:00,0.5699
2024-09-13 10:00:00,0.5673
2024-09-13 11:00:00,0.573
2024-09-13 12:00:00,0.551
2024-09-13 13:00:00,0.5173
2024-09-13 14:00:00,0.4826
2024-09-13 15:00:00,0.4513
2024-09-13 16:00:00,0.4156
2024-09-13 17:00:00,0.3952
2024-09-13 18:00:00,0.3751
2024-09-13 19:00:00,0.3384
2024-09-13 20:00:00,0.2801
2024-09-13 21:00:00,0.2376
2024-09-13 22:00:00,0.2131
2024-09-13 23:00:00,0.1921
2024-09-14 00:00:00,0.1803
2024-09-14 01:00:00,0.1833
2024-09-14 02:00:00,0.1918
2024-09-14 03:00:00,0.2023
2024-09-14 04:00:00,0.2059
2024-09-14 05:00:00,0.1979
2024-09-14 06:00:00,0.1832
2024-09-14 07:00:00,0.1796
2024-09-14 08:00:00,0.1967
2024-09-14 09:00:00,0.2427
2024-09-14 10:00:00,0.3083
2024-09-14 11:00:00,0.3709
2024-09-14 12:00:00,0.4164
2024-09-14 13:00:00,0.4392
2024-09-14 14:00:00,0.4327
2024-09-14 15:00:00,0.4056
2024-09-14 16:00:00,0.3846
2024-09-14 17:00:00,0.3759
2024-09-14 18:00:00,0.3626
2024-09-14 19:00:00,0.3526
2024-09-14 20:00:00,0.3471
2024-09-14 21:00:00,0.35
2024-09-14 22:00:00,0.3523
2024-09-14 23:00:00,0.3549
2024-09-15 00:00:00,0.3636
2024-09-15 01:00:00,0.3708
2024-09-15 02:00:00,0.3662
2024-09-15 03:00:00,0.3432
2024-09-15 04:00:00,0.3193
2024-09-15 05:00:00,0.3042
2024-09-15 06:00:00,0.2973
2024-09-15 07:00:00,0.2841
2024-09-15 08:00:00,0.2786
2024-09-15 09:00:00,0.3026
2024-09-15 10:00:00,0.3491
2024-09-15 11:00:00,0.401
2024-09-15 12:00:00,0.4547
2024-09-15 13:00:00,0.502
2024-09-15 14:00:00,0.5299
2024-09-15 15:00:00,0.5551
2024-09-15 16:00:00,0.5933
2024-09-15 17:00:00,0.6208
2024-09-15 18:00:00,0.6041
2024-09-15 19:00:00,0.5549
2024-09-15 20:00:00,0.5259
2024-09-15 21:00:00,0.5233
2024-09-15 22:00:00,0.5065
2024-09-15 23:00:00,0.4284
2024-09-16 00:00:00,0.3548
2024-09-16 01:00:00,0.3389
2024-09-16 02:00:00,0.3353
2024-09-16 03:00:00,0.3618
2024-09-16 04:00:00,0.4153
2024-09-16 05:00:00,0.4818
2024-09-16 06:00:00,0.569
2024-09-16 07:00:00,0.6512
2024-09-16 08:00:00,0.708
2024-09-16 09:00:00,0.7135
2024-09-16 10:00:00,0.6937
2024-09-16 11:00:00,0.675
2024-09-16 12:00:00,0.6787
2024-09-16 13:00:00,0.7062
2024-09-16 14:00:00,0.7278
2024-09-16 15:00:00,0.7385
2024-09-16 16:00:00,0.743
2024-09-16 17:00:00,0.7437
2024-09-16 18:00:00,0.741
2024-09-16 19:00:00,0.7328
2024-09-16 20:00:00,0.7235
2024-09-16 21:00:00,0.709
2024-09-16 22:00:00,0.6805
2024-09-16 23:00:00,0.6517
2024-09-17 00:00:00,0.6296
2024-09-17 01:00:00,0.6176
2024-09-17 02:00:00,0.6072
2024-09-17 03:00:00,0.5938
2024-09-17 04:00:00,0.5864
2024-09-17 05:00:00,0.5886
2024-09-17 06:00:00,0.5926
2024-09-17 07:00:00,0.5982
2024-09-17 08:00:00,0.6064
2024-09-17 09:00:00,0.6127
2024-09-17 10:00:00,0.6127
2024-09-17 11:00:00,0.6138
2024-09-17 12:00:00,0.6193
2024-09-17 13:00:00,0.6313
2024-09-17 14:00:00,0.6485
2024-09-17 15:00:00,0.6758
2024-09-17 16:00:00,0.7139
2024-09-17 17:00:00,0.7566
2024-09-17 18:00:00,0.7968
2024-09-17 19:00:00,0.8246
2024-09-17 20:00:00,0.8364
2024-09-17 21:00:00,0.8302
2024-09-17 22:00:00,0.8067
2024-09-17 23:00:00,0.7706
2024-09-18 00:00:00,0.7324
2024-09-18 01:00:00,0.6968
2024-09-18 02:00:00,0.6848
2024-09-18 03:00:00,0.6895
2024-09-18 04:00:00,0.7068
2024-09-18 05:00:00,0.728
2024-09-18 06:00:00,0.7439
2024-09-18 07:00:00,0.7543
2024-09-18 08:00:00,0.7584
2024-09-18 09:00:00,0.7504
2024-09-18 10:00:00,0.7354
2024-09-18 11:00:00,0.7258
2024-09-18 12:00:00,0.7175
2024-09-18 13:00:00,0.7162
2024-09-18 14:00:00,0.7329
2024-09-18 15:00:00,0.7625
2024-09-18 16:00:00,0.7979
2024-09-18 17:00:00,0.8252
2024-09-18 18:00:00,0.8414
2024-09-18 19:00:00,0.8355
2024-09-18 20:00:00,0.8082
2024-09-18 21:00:00,0.7816
2024-09-18 22:00:00,0.7236
2024-09-18 23:00:00,0.6737
2024-09-19 00:00:00,0.6432
2024-09-19 01:00:00,0.6295
2024-09-19 02:00:00,0.6207
2024-09-19 03:00:00,0.6061
2024-09-19 04:00:00,0.6044
2024-09-19 05:00:00,0.61
2024-09-19 06:00:00,0.6155
2024-09-19 07:00:00,0.6216
2024-09-19 08:00:00,0.6293
2024-09-19 09:00:00,0.6266
2024-09-19 10:00:00,0.6153
2024-09-19 11:00:00,0.6175
2024-09-19 12:00:00,0.628
2024-09-19 13:00:00,0.6464
2024-09-19 14:00:00,0.6746
2024-09-19 15:00:00,0.7064
2024-09-19 16:00:00,0.741
2024-09-19 17:00:00,0.766
2024-09-19 18:00:00,0.7782
2024-09-19 19:00:00,0.7621
2024-09-19 20:00:00,0.7338
2024-09-19 21:00:00,0.7101
2024-09-19 22:00:00,0.6997
2024-09-19 23:00:00,0.6997
2024-09-20 00:00:00,0.6813
2024-09-20 01:00:00,0.6658
2024-09-20 02:00:00,0.6585
2024-09-20 03:00:00,0.6592
2024-09-20 04:00:00,0.6752
2024-09-20 05:00:00,0.7029
2024-09-20 06:00:00,0.7281
2024-09-20 07:00:00,0.7467
2024-09-20 08:00:00,0.7541
2024-09-20 09:00:00,0.7519
2024-09-20 10:00:00,0.7588
2024-09-20 11:00:00,0.7694
2024-09-20 12:00:00,0.7748
2024-09-20 13:00:00,0.7797
2024-09-20 14:00:00,0.7882
2024-09-20 15:00:00,0.8006
2024-09-20 16:00:00,0.8073
2024-09-20 17:00:00,0.814
2024-09-20 18:00:00,0.8147
2024-09-20 19:00:00,0.8009
2024-09-20 20:00:00,0.7731
2024-09-20 21:00:00,0.7354
2024-09-20 22:00:00,0.6965
2024-09-20 23:00:00,0.6554
2024-09-21 00:00:00,0.6117
2024-09-21 01:00:00,0.564
2024-09-21 02:00:00,0.5309
2024-09-21 03:00:00,0.5068
2024-09-21 04:00:00,0.4874
2024-09-21 05:00:00,0.4698
2024-09-21 06:00:00,0.4473
2024-09-21 07:00:00,0.4091
2024-09-21 08:00:00,0.3748
2024-09-21 09:00:00,0.368
2024-09-21 10:00:00,0.3877
2024-09-21 11:00:00,0.415
2024-09-21 12:00:00,0.4262
2024-09-21 13:00:00,0.4145
2024-09-21 14:00:00,0.395
2024-09-21 15:00:00,0.3922
2024-09-21 16:00:00,0.4328
2024-09-21 17:00:00,0.5057
2024-09-21 18:00:00,0.5723
2024-09-21 19:00:00,0.6015
2024-09-21 20:00:00,0.582
2024-09-21 21:00:00,0.5366
2024-09-21 22:00:00,0.4795
2024-09-21 23:00:00,0.4248
2024-09-22 00:00:00,0.379
2024-09-22 01:00:00,0.3369
2024-09-22 02:00:00,0.2975
2024-09-22 03:00:00,0.2672
2024-09-22 04:00:00,0.2429
2024-09-22 05:00:00,0.2253
2024-09-22 06:00:00,0.218
2024-09-22 07:00:00,0.2165
2024-09-22 08:00:00,0.2189
2024-09-22 09:00:00,0.2236
2024-09-22 10:00:00,0.2302
2024-09-22 11:00:00,0.2388
2024-09-22 12:00:00,0.2426
2024-09-22 13:00:00,0.24
2024-09-22 14:00:00,0.2264
2024-09-22 15:00:00,0.2223
2024-09-22 16:00:00,0.2454
2024-09-22 17:00:00,0.2791
2024-09-22 18:00:00,0.3039
2024-09-22 19:00:00,0.3132
2024-09-22 20:00:00,0.2966
2024-09-22 21:00:00,0.2638
2024-09-22 22:00:00,0.2159
2024-09-22 23:00:00,0.1728
2024-09-23 00:00:00,0.1534
2024-09-23 01:00:00,0.1683
2024-09-23 02:00:00,0.2118
2024-09-23 03:00:00,0.2444
2024-09-23 04:00:00,0.2676
2024-09-23 05:00:00,0.3089
2024-09-23 06:00:00,0.3613
2024-09-23 07:00:00,0.4258
2024-09-23 08:00:00,0.4934
2024-09-23 09:00:00,0.5519
2024-09-23 10:00:00,0.5774
2024-09-23 11:00:00,0.5815
2024-09-23 12:00:00,0.576
2024-09-23 13:00:00,0.5737
2024-09-23 14:00:00,0.5898
2024-09-23 15:00:00,0.6085
2024-09-23 16:00:00,0.6194
2024-09-23 17:00:00,0.6381
2024-09-23 18:00:00,0.6575
2024-09-23 19:00:00,0.6863
2024-09-23 20:00:00,0.6899
2024-09-23 21:00:00,0.6912
2024-09-23 22:00:00,0.6955
2024-09-23 23:00:00,0.6938
2024-09-24 00:00:00,0.6907
2024-09-24 01:00:00,0.6958
2024-09-24 02:00:00,0.7047
2024-09-24 03:00:00,0.7228
2024-09-24 04:00:00,0.7321
2024-09-24 05:00:00,0.7399
2024-09-24 06:00:00,0.7375
2024-09-24 07:00:00,0.7393
2024-09-24 08:00:00,0.7484
2024-09-24 09:00:00,0.7509
2024-09-24 10:00:00,0.7372
2024-09-24 11:00:00,0.7131
2024-09-24 12:00:00,0.6909
2024-09-24 13:00:00,0.6994
2024-09-24 14:00:00,0.7501
2024-09-24 15:00:00,0.7977
2024-09-24 16:00:00,0.8215
2024-09-24 17:00:00,0.8199
2024-09-24 18:00:00,0.8059
2024-09-24 19:00:00,0.8004
2024-09-24 20:00:00,0.8086
2024-09-24 21:00:00,0.8239
2024-09-24 22:00:00,0.8413
2024-09-24 23:00:00,0.8476
2024-09-25 00:00:00,0.8471
2024-09-25 01:00:00,0.8546
2024-09-25 02:00:00,0.8643
2024-09-25 03:00:00,0.8619
2024-09-25 04:00:00,0.8466
2024-09-25 05:00:00,0.8102
2024-09-25 06:00:00,0.7587
2024-09-25 07:00:00,0.6976
2024-09-25 08:00:00,0.6155
2024-09-25 09:00:00,0.5247
2024-09-25 10:00:00,0.4368
2024-09-25 11:00:00,0.3568
2024-09-25 12:00:00,0.2894
2024-09-25 13:00:00,0.2398
2024-09-25 14:00:00,0.2137
2024-09-25 15:00:00,0.2139
2024-09-25 16:00:00,0.2049
2024-09-25 17:00:00,0.2226
2024-09-25 18:00:00,0.2688
2024-09-25 19:00:00,0.3425
2024-09-25 20:00:00,0.4227
2024-09-25 21:00:00,0.4997
2024-09-25 22:00:00,0.5667
2024-09-25 23:00:00,0.6183
2024-09-26 00:00:00,0.6633
2024-09-26 01:00:00,0.7111
2024-09-26 02:00:00,0.7575
2024-09-26 03:00:00,0.7759
2024-09-26 04:00:00,0.7962
2024-09-26 05:00:00,0.7668
2024-09-26 06:00:00,0.6905
2024-09-26 07:00:00,0.6386
2024-09-26 08:00:00,0.6477
2024-09-26 09:00:00,0.6392
2024-09-26 10:00:00,0.6398
2024-09-26 11:00:00,0.6828
2024-09-26 12:00:00,0.7231
2024-09-26 13:00:00,0.7422
2024-09-26 14:00:00,0.7426
2024-09-26 15:00:00,0.7217
2024-09-26 16:00:00,0.6979
2024-09-26 17:00:00,0.663
2024-09-26 18:00:00,0.6289
2024-09-26 19:00:00,0.619
2024-09-26 20:00:00,0.619
2024-09-26 21:00:00,0.6457
2024-09-26 22:00:00,0.6706
2024-09-26 23:00:00,0.6942
2024-09-27 00:00:00,0.7302
2024-09-27 01:00:00,0.7595
2024-09-27 02:00:00,0.7786
2024-09-27 03:00:00,0.801
2024-09-27 04:00:00,0.8537
2024-09-27 05:00:00,0.9355
2024-09-27 06:00:00,0.982
2024-09-27 07:00:00,0.99
2024-09-27 08:00:00,0.9761
2024-09-27 09:00:00,0.9359
2024-09-27 10:00:00,0.8802
2024-09-27 11:00:00,0.8732
2024-09-27 12:00:00,0.9526
2024-09-27 13:00:00,0.9875
2024-09-27 14:00:00,0.9837
2024-09-27 15:00:00,0.9804
2024-09-27 16:00:00,0.9823
2024-09-27 17:00:00,0.9866
2024-09-27 18:00:00,0.9891
2024-09-27 19:00:00,0.9875
2024-09-27 20:00:00,0.9813
2024-09-27 21:00:00,0.974
2024-09-27 22:00:00,0.9673
2024-09-27 23:00:00,0.9596
2024-09-28 00:00:00,0.9536
2024-09-28 01:00:00,0.949
2024-09-28 02:00:00,0.9429
2024-09-28 03:00:00,0.9345
2024-09-28 04:00:00,0.9246
2024-09-28 05:00:00,0.9128
2024-09-28 06:00:00,0.897
2024-09-28 07:00:00,0.8736
2024-09-28 08:00:00,0.8438
2024-09-28 09:00:00,0.8106
2024-09-28 10:00:00,0.78
2024-09-28 11:00:00,0.7556
2024-09-28 12:00:00,0.7323
2024-09-28 13:00:00,0.6994
2024-09-28 14:00:00,0.6533
2024-09-28 15:00:00,0.6178
2024-09-28 16:00:00,0.5852
2024-09-28 17:00:00,0.5372
2024-09-28 18:00:00,0.4784
2024-09-28 19:00:00,0.4221
2024-09-28 20:00:00,0.3638
2024-09-28 21:00:00,0.3319
2024-09-28 22:00:00,0.2895
2024-09-28 23:00:00,0.2363
2024-09-29 00:00:00,0.2021
2024-09-29 01:00:00,0.1859
2024-09-29 02:00:00,0.2038
2024-09-29 03:00:00,0.247
2024-09-29 04:00:00,0.3008
2024-09-29 05:00:00,0.3531
2024-09-29 06:00:00,0.4112
2024-09-29 07:00:00,0.461
2024-09-29 08:00:00,0.4869
2024-09-29 09:00:00,0.5022
2024-09-29 10:00:00,0.5185
2024-09-29 11:00:00,0.5395
2024-09-29 12:00:00,0.5484
2024-09-29 13:00:00,0.5548
2024-09-29 14:00:00,0.5662
2024-09-29 15:00:00,0.6018
2024-09-29 16:00:00,0.6889
2024-09-29 17:00:00,0.7878
2024-09-29 18:00:00,0.863
2024-09-29 19:00:00,0.9062
2024-09-29 20:00:00,0.9296
2024-09-29 21:00:00,0.9452
2024-09-29 22:00:00,0.9515
2024-09-29 23:00:00,0.9507
2024-09-30 00:00:00,0.9469
2024-09-30 01:00:00,0.9474
2024-09-30 02:00:00,0.9508
2024-09-30 03:00:00,0.957
2024-09-30 04:00:00,0.9613
2024-09-30 05:00:00,0.9655
2024-09-30 06:00:00,0.9689
2024-09-30 07:00:00,0.9728
2024-09-30 08:00:00,0.9733
2024-09-30 09:00:00,0.9717
2024-09-30 10:00:00,0.9705
2024-09-30 11:00:00,0.9698
2024-09-30 12:00:00,0.9678
2024-09-30 13:00:00,0.9653
2024-09-30 14:00:00,0.9657
2024-09-30 15:00:00,0.9726
2024-09-30 16:00:00,0.9826
2024-09-30 17:00:00,0.9868
2024-09-30 18:00:00,0.9864
2024-09-30 19:00:00,0.9809
2024-09-30 20:00:00,0.968
2024-09-30 21:00:00,0.9559
2024-09-30 22:00:00,0.9528
2024-09-30 23:00:00,0.9346
2024-10-01 00:00:00,0.8976
2024-10-01 01:00:00,0.8534
2024-10-01 02:00:00,0.8166
2024-10-01 03:00:00,0.81
2024-10-01 04:00:00,0.8155
2024-10-01 05:00:00,0.8204
2024-10-01 06:00:00,0.8259
2024-10-01 07:00:00,0.8246
2024-10-01 08:00:00,0.8303
2024-10-01 09:00:00,0.8406
2024-10-01 10:00:00,0.8503
2024-10-01 11:00:00,0.8645
2024-10-01 12:00:00,0.8783
2024-10-01 13:00:00,0.8885
2024-10-01 14:00:00,0.8962
2024-10-01 15:00:00,0.8966
2024-10-01 16:00:00,0.8835
2024-10-01 17:00:00,0.8478
2024-10-01 18:00:00,0.7928
2024-10-01 19:00:00,0.7267
2024-10-01 20:00:00,0.6663
2024-10-01 21:00:00,0.6237
2024-10-01 22:00:00,0.6009
2024-10-01 23:00:00,0.604
2024-10-02 00:00:00,0.6236
2024-10-02 01:00:00,0.6505
2024-10-02 02:00:00,0.6692
2024-10-02 03:00:00,0.6816
2024-10-02 04:00:00,0.6999
2024-10-02 05:00:00,0.7326
2024-10-02 06:00:00,0.7749
2024-10-02 07:00:00,0.8112
2024-10-02 08:00:00,0.8391
2024-10-02 09:00:00,0.8582
2024-10-02 10:00:00,0.8697
2024-10-02 11:00:00,0.8766
2024-10-02 12:00:00,0.8877
2024-10-02 13:00:00,0.8983
2024-10-02 14:00:00,0.9051
2024-10-02 15:00:00,0.9099
2024-10-02 16:00:00,0.9116
2024-10-02 17:00:00,0.9114
2024-10-02 18:00:00,0.9047
2024-10-02 19:00:00,0.8905
2024-10-02 20:00:00,0.8702
2024-10-02 21:00:00,0.8435
2024-10-02 22:00:00,0.8134
2024-10-02 23:00:00,0.7775
2024-10-03 00:00:00,0.7392
2024-10-03 01:00:00,0.7015
2024-10-03 02:00:00,0.6719
2024-10-03 03:00:00,0.6592
2024-10-03 04:00:00,0.6575
2024-10-03 05:00:00,0.6595
2024-10-03 06:00:00,0.663
2024-10-03 07:00:00,0.6573
2024-10-03 08:00:00,0.6475
2024-10-03 09:00:00,0.6332
2024-10-03 10:00:00,0.6066
2024-10-03 11:00:00,0.5728
2024-10-03 12:00:00,0.5393
2024-10-03 13:00:00,0.5146
2024-10-03 14:00:00,0.5088
2024-10-03 15:00:00,0.523
2024-10-03 16:00:00,0.5542
2024-10-03 17:00:00,0.5866
2024-10-03 18:00:00,0.5954
2024-10-03 19:00:00,0.5758
2024-10-03 20:00:00,0.5298
2024-10-03 21:00:00,0.4624
2024-10-03 22:00:00,0.3819
2024-10-03 23:00:00,0.2991
2024-10-04 00:00:00,0.2245
2024-10-04 01:00:00,0.1727
2024-10-04 02:00:00,0.1455
2024-10-04 03:00:00,0.1311
2024-10-04 04:00:00,0.1152
2024-10-04 05:00:00,0.0977
2024-10-04 06:00:00,0.078
2024-10-04 07:00:00,0.0654
2024-10-04 08:00:00,0.0594
2024-10-04 09:00:00,0.0609
2024-10-04 10:00:00,0.0568
2024-10-04 11:00:00,0.0459
2024-10-04 12:00:00,0.0353
2024-10-04 13:00:00,0.0301
2024-10-04 14:00:00,0.0295
2024-10-04 15:00:00,0.0326
2024-10-04 16:00:00,0.0477
2024-10-04 17:00:00,0.075
2024-10-04 18:00:00,0.1107
2024-10-04 19:00:00,0.1457
2024-10-04 20:00:00,0.1785
2024-10-04 21:00:00,0.2075
2024-10-04 22:00:00,0.2308
2024-10-04 23:00:00,0.2526
2024-10-05 00:00:00,0.2701
2024-10-05 01:00:00,0.2801
2024-10-05 02:00:00,0.2785
2024-10-05 03:00:00,0.2633
2024-10-05 04:00:00,0.241
2024-10-05 05:00:00,0.222
2024-10-05 06:00:00,0.2086
2024-10-05 07:00:00,0.2045
2024-10-05 08:00:00,0.2044
2024-10-05 09:00:00,0.2295
2024-10-05 10:00:00,0.2741
2024-10-05 11:00:00,0.3119
2024-10-05 12:00:00,0.3333
2024-10-05 13:00:00,0.3461
2024-10-05 14:00:00,0.3595
2024-10-05 15:00:00,0.389
2024-10-05 16:00:00,0.4581
2024-10-05 17:00:00,0.5697
2024-10-05 18:00:00,0.686
2024-10-05 19:00:00,0.7645
2024-10-05 20:00:00,0.8015
2024-10-05 21:00:00,0.8216
2024-10-05 22:00:00,0.818
2024-10-05 23:00:00,0.7965
2024-10-06 00:00:00,0.7875
2024-10-06 01:00:00,0.8003
2024-10-06 02:00:00,0.8081
2024-10-06 03:00:00,0.7917
2024-10-06 04:00:00,0.7693
2024-10-06 05:00:00,0.7634
2024-10-06 06:00:00,0.7734
2024-10-06 07:00:00,0.7858
2024-10-06 08:00:00,0.8074
2024-10-06 09:00:00,0.8295
2024-10-06 10:00:00,0.8561
2024-10-06 11:00:00,0.8838
2024-10-06 12:00:00,0.8969
2024-10-06 13:00:00,0.8981
2024-10-06 14:00:00,0.8937
2024-10-06 15:00:00,0.8974
2024-10-06 16:00:00,0.9076
2024-10-06 17:00:00,0.9207
2024-10-06 18:00:00,0.9266
2024-10-06 19:00:00,0.9213
2024-10-06 20:00:00,0.9072
2024-10-06 21:00:00,0.8925
2024-10-06 22:00:00,0.8873
2024-10-06 23:00:00,0.8839
2024-10-07 00:00:00,0.8828
2024-10-07 01:00:00,0.8859
2024-10-07 02:00:00,0.8992
2024-10-07 03:00:00,0.9119
2024-10-07 04:00:00,0.9091
2024-10-07 05:00:00,0.8996
2024-10-07 06:00:00,0.8923
2024-10-07 07:00:00,0.8952
2024-10-07 08:00:00,0.8906
2024-10-07 09:00:00,0.8776
2024-10-07 10:00:00,0.856
2024-10-07 11:00:00,0.8391
2024-10-07 12:00:00,0.8145
2024-10-07 13:00:00,0.7626
2024-10-07 14:00:00,0.6896
2024-10-07 15:00:00,0.6511
2024-10-07 16:00:00,0.6539
2024-10-07 17:00:00,0.6685
2024-10-07 18:00:00,0.665
2024-10-07 19:00:00,0.6492
2024-10-07 20:00:00,0.6413
2024-10-07 21:00:00,0.6269
2024-10-07 22:00:00,0.6034
2024-10-07 23:00:00,0.6009
2024-10-08 00:00:00,0.6164
2024-10-08 01:00:00,0.6829
2024-10-08 02:00:00,0.7074
2024-10-08 03:00:00,0.6433
2024-10-08 04:00:00,0.6374
2024-10-08 05:00:00,0.6815
2024-10-08 06:00:00,0.6782
2024-10-08 07:00:00,0.6243
2024-10-08 08:00:00,0.5825
2024-10-08 09:00:00,0.6002
2024-10-08 10:00:00,0.6673
2024-10-08 11:00:00,0.7284
2024-10-08 12:00:00,0.7677
2024-10-08 13:00:00,0.7775
2024-10-08 14:00:00,0.7759
2024-10-08 15:00:00,0.7781
2024-10-08 16:00:00,0.7665
2024-10-08 17:00:00,0.7683
2024-10-08 18:00:00,0.7934
2024-10-08 19:00:00,0.7913
2024-10-08 20:00:00,0.7859
2024-10-08 21:00:00,0.781
2024-10-08 22:00:00,0.7737
2024-10-08 23:00:00,0.7564
2024-10-09 00:00:00,0.7526
2024-10-09 01:00:00,0.7515
2024-10-09 02:00:00,0.7577
2024-10-09 03:00:00,0.7664
2024-10-09 04:00:00,0.7896
2024-10-09 05:00:00,0.8164
2024-10-09 06:00:00,0.8415
2024-10-09 07:00:00,0.8515
2024-10-09 08:00:00,0.8638
2024-10-09 09:00:00,0.8678
2024-10-09 10:00:00,0.8573
2024-10-09 11:00:00,0.8235
2024-10-09 12:00:00,0.7638
2024-10-09 13:00:00,0.6638
2024-10-09 14:00:00,0.5416
2024-10-09 15:00:00,0.4071
2024-10-09 16:00:00,0.2929
2024-10-09 17:00:00,0.1987
2024-10-09 18:00:00,0.1589
2024-10-09 19:00:00,0.2284
2024-10-09 20:00:00,0.3916
2024-10-09 21:00:00,0.5142
2024-10-09 22:00:00,0.6153
2024-10-09 23:00:00,0.7329
2024-10-10 00:00:00,0.869
2024-10-10 01:00:00,0.9563
2024-10-10 02:00:00,0.9816
2024-10-10 03:00:00,0.9865
2024-10-10 04:00:00,0.9878
2024-10-10 05:00:00,0.9878
2024-10-10 06:00:00,0.987
2024-10-10 07:00:00,0.9831
2024-10-10 08:00:00,0.9725
2024-10-10 09:00:00,0.9535
2024-10-10 10:00:00,0.9277
2024-10-10 11:00:00,0.9031
2024-10-10 12:00:00,0.8841
2024-10-10 13:00:00,0.8676
2024-10-10 14:00:00,0.8504
2024-10-10 15:00:00,0.8407
2024-10-10 16:00:00,0.8368
2024-10-10 17:00:00,0.8306
2024-10-10 18:00:00,0.8137
2024-10-10 19:00:00,0.7891
2024-10-10 20:00:00,0.7556
2024-10-10 21:00:00,0.7385
2024-10-10 22:00:00,0.7321
2024-10-10 23:00:00,0.7139
2024-10-11 00:00:00,0.6845
2024-10-11 01:00:00,0.6505
2024-10-11 02:00:00,0.6231
2024-10-11 03:00:00,0.6038
2024-10-11 04:00:00,0.595
2024-10-11 05:00:00,0.5921
2024-10-11 06:00:00,0.5886
2024-10-11 07:00:00,0.5892
2024-10-11 08:00:00,0.5906
2024-10-11 09:00:00,0.5891
2024-10-11 10:00:00,0.5885
2024-10-11 11:00:00,0.5916
2024-10-11 12:00:00,0.5998
2024-10-11 13:00:00,0.603
2024-10-11 14:00:00,0.5831
2024-10-11 15:00:00,0.5353
2024-10-11 16:00:00,0.4824
2024-10-11 17:00:00,0.4226
2024-10-11 18:00:00,0.3806
2024-10-11 19:00:00,0.378
2024-10-11 20:00:00,0.4002
2024-10-11 21:00:00,0.4438
2024-10-11 22:00:00,0.4728
2024-10-11 23:00:00,0.4622
2024-10-12 00:00:00,0.4778
2024-10-12 01:00:00,0.5313
2024-10-12 02:00:00,0.5972
2024-10-12 03:00:00,0.6531
2024-10-12 04:00:00,0.6509
2024-10-12 05:00:00,0.606
2024-10-12 06:00:00,0.5757
2024-10-12 07:00:00,0.5863
2024-10-12 08:00:00,0.6285
2024-10-12 09:00:00,0.672
2024-10-12 10:00:00,0.7196
2024-10-12 11:00:00,0.7546
2024-10-12 12:00:00,0.775
2024-10-12 13:00:00,0.7831
2024-10-12 14:00:00,0.8002
2024-10-12 15:00:00,0.8495
2024-10-12 16:00:00,0.9029
2024-10-12 17:00:00,0.9359
2024-10-12 18:00:00,0.9516
2024-10-12 19:00:00,0.9726
2024-10-12 20:00:00,0.9841
2024-10-12 21:00:00,0.987
2024-10-12 22:00:00,0.9885
2024-10-12 23:00:00,0.9887
2024-10-13 00:00:00,0.987
2024-10-13 01:00:00,0.9869
2024-10-13 02:00:00,0.9887
2024-10-13 03:00:00,0.9878
2024-10-13 04:00:00,0.9791
2024-10-13 05:00:00,0.9721
2024-10-13 06:00:00,0.968
2024-10-13 07:00:00,0.9654
2024-10-13 08:00:00,0.9618
2024-10-13 09:00:00,0.9593
2024-10-13 10:00:00,0.9411
2024-10-13 11:00:00,0.9221
2024-10-13 12:00:00,0.8814
2024-10-13 13:00:00,0.8231
2024-10-13 14:00:00,0.7641
2024-10-13 15:00:00,0.6964
2024-10-13 16:00:00,0.626
2024-10-13 17:00:00,0.5668
2024-10-13 18:00:00,0.5241
2024-10-13 19:00:00,0.4748
2024-10-13 20:00:00,0.4169
2024-10-13 21:00:00,0.3231
2024-10-13 22:00:00,0.221
2024-10-13 23:00:00,0.1343
2024-10-14 00:00:00,0.0753
2024-10-14 01:00:00,0.0693
2024-10-14 02:00:00,0.0766
2024-10-14 03:00:00,0.0862
2024-10-14 04:00:00,0.0954
2024-10-14 05:00:00,0.1099
2024-10-14 06:00:00,0.134
2024-10-14 07:00:00,0.1574
2024-10-14 08:00:00,0.1508
2024-10-14 09:00:00,0.1275
2024-10-14 10:00:00,0.1009
2024-10-14 11:00:00,0.1273
2024-10-14 12:00:00,0.1738
2024-10-14 13:00:00,0.1545
2024-10-14 14:00:00,0.1561
2024-10-14 15:00:00,0.1795
2024-10-14 16:00:00,0.1856
2024-10-14 17:00:00,0.1692
2024-10-14 18:00:00,0.1462
2024-10-14 19:00:00,0.1424
2024-10-14 20:00:00,0.1376
2024-10-14 21:00:00,0.1613
2024-10-14 22:00:00,0.2083
2024-10-14 23:00:00,0.2616
2024-10-15 00:00:00,0.3132
2024-10-15 01:00:00,0.3623
2024-10-15 02:00:00,0.4119
2024-10-15 03:00:00,0.4484
2024-10-15 04:00:00,0.4758
2024-10-15 05:00:00,0.5231
2024-10-15 06:00:00,0.5953
2024-10-15 07:00:00,0.6703
2024-10-15 08:00:00,0.7209
2024-10-15 09:00:00,0.7409
2024-10-15 10:00:00,0.7519
2024-10-15 11:00:00,0.7714
2024-10-15 12:00:00,0.7869
2024-10-15 13:00:00,0.7998
2024-10-15 14:00:00,0.8167
2024-10-15 15:00:00,0.8395
2024-10-15 16:00:00,0.8735
2024-10-15 17:00:00,0.9103
2024-10-15 18:00:00,0.9327
2024-10-15 19:00:00,0.9442
2024-10-15 20:00:00,0.9447
2024-10-15 21:00:00,0.9417
2024-10-15 22:00:00,0.9438
2024-10-15 23:00:00,0.944
2024-10-16 00:00:00,0.942
2024-10-16 01:00:00,0.9415
2024-10-16 02:00:00,0.9444
2024-10-16 03:00:00,0.9452
2024-10-16 04:00:00,0.9452
2024-10-16 05:00:00,0.9456
2024-10-16 06:00:00,0.9416
2024-10-16 07:00:00,0.9352
2024-10-16 08:00:00,0.928
2024-10-16 09:00:00,0.9169
2024-10-16 10:00:00,0.9085
2024-10-16 11:00:00,0.9084
2024-10-16 12:00:00,0.9139
2024-10-16 13:00:00,0.9224
2024-10-16 14:00:00,0.9312
2024-10-16 15:00:00,0.9428
2024-10-16 16:00:00,0.9509
2024-10-16 17:00:00,0.9532
2024-10-16 18:00:00,0.9523
2024-10-16 19:00:00,0.9499
2024-10-16 20:00:00,0.9477
2024-10-16 21:00:00,0.9462
2024-10-16 22:00:00,0.9413
2024-10-16 23:00:00,0.932
2024-10-17 00:00:00,0.9246
2024-10-17 01:00:00,0.9157
2024-10-17 02:00:00,0.8986
2024-10-17 03:00:00,0.8914
2024-10-17 04:00:00,0.8723
2024-10-17 05:00:00,0.8357
2024-10-17 06:00:00,0.7996
2024-10-17 07:00:00,0.7577
2024-10-17 08:00:00,0.7293
2024-10-17 09:00:00,0.7049
2024-10-17 10:00:00,0.6765
2024-10-17 11:00:00,0.6379
2024-10-17 12:00:00,0.5733
2024-10-17 13:00:00,0.5037
2024-10-17 14:00:00,0.438
2024-10-17 15:00:00,0.3584
2024-10-17 16:00:00,0.2883
2024-10-17 17:00:00,0.2146
2024-10-17 18:00:00,0.1702
2024-10-17 19:00:00,0.1359
2024-10-17 20:00:00,0.1222
2024-10-17 21:00:00,0.1105
2024-10-17 22:00:00,0.1034
2024-10-17 23:00:00,0.0998
2024-10-18 00:00:00,0.0993
2024-10-18 01:00:00,0.1057
2024-10-18 02:00:00,0.1
2024-10-18 03:00:00,0.0837
2024-10-18 04:00:00,0.0676
2024-10-18 05:00:00,0.0754
2024-10-18 06:00:00,0.1088
2024-10-18 07:00:00,0.1301
2024-10-18 08:00:00,0.1111
2024-10-18 09:00:00,0.0826
2024-10-18 10:00:00,0.067
2024-10-18 11:00:00,0.0603
2024-10-18 12:00:00,0.0655
2024-10-18 13:00:00,0.0776
2024-10-18 14:00:00,0.0895
2024-10-18 15:00:00,0.102
2024-10-18 16:00:00,0.1098
2024-10-18 17:00:00,0.1251
2024-10-18 18:00:00,0.1409
2024-10-18 19:00:00,0.1537
2024-10-18 20:00:00,0.1845
2024-10-18 21:00:00,0.2466
2024-10-18 22:00:00,0.3106
2024-10-18 23:00:00,0.3446
2024-10-19 00:00:00,0.3482
2024-10-19 01:00:00,0.3583
2024-10-19 02:00:00,0.3877
2024-10-19 03:00:00,0.4171
2024-10-19 04:00:00,0.4415
2024-10-19 05:00:00,0.4684
2024-10-19 06:00:00,0.4962
2024-10-19 07:00:00,0.5297
2024-10-19 08:00:00,0.5669
2024-10-19 09:00:00,0.5842
2024-10-19 10:00:00,0.6055
2024-10-19 11:00:00,0.6397
2024-10-19 12:00:00,0.6762
2024-10-19 13:00:00,0.7137
2024-10-19 14:00:00,0.7159
2024-10-19 15:00:00,0.7479
2024-10-19 16:00:00,0.8013
2024-10-19 17:00:00,0.8391
2024-10-19 18:00:00,0.8558
2024-10-19 19:00:00,0.8563
2024-10-19 20:00:00,0.8115
2024-10-19 21:00:00,0.738
2024-10-19 22:00:00,0.6336
2024-10-19 23:00:00,0.5388
2024-10-20 00:00:00,0.5044
2024-10-20 01:00:00,0.4788
2024-10-20 02:00:00,0.4575
2024-10-20 03:00:00,0.4244
2024-10-20 04:00:00,0.4811
2024-10-20 05:00:00,0.5774
2024-10-20 06:00:00,0.6943
2024-10-20 07:00:00,0.7976
2024-10-20 08:00:00,0.8673
2024-10-20 09:00:00,0.9204
2024-10-20 10:00:00,0.9584
2024-10-20 11:00:00,0.9795
2024-10-20 12:00:00,0.9842
2024-10-20 13:00:00,0.9745
2024-10-20 14:00:00,0.9293
2024-10-20 15:00:00,0.9406
2024-10-20 16:00:00,0.9764
2024-10-20 17:00:00,0.987
2024-10-20 18:00:00,0.9884
2024-10-20 19:00:00,0.9881
2024-10-20 20:00:00,0.9857
2024-10-20 21:00:00,0.9795
2024-10-20 22:00:00,0.974
2024-10-20 23:00:00,0.9635
2024-10-21 00:00:00,0.954
2024-10-21 01:00:00,0.9511
2024-10-21 02:00:00,0.9564
2024-10-21 03:00:00,0.9642
2024-10-21 04:00:00,0.9591
2024-10-21 05:00:00,0.954
2024-10-21 06:00:00,0.9434
2024-10-21 07:00:00,0.9203
2024-10-21 08:00:00,0.8962
2024-10-21 09:00:00,0.8653
2024-10-21 10:00:00,0.8316
2024-10-21 11:00:00,0.7891
2024-10-21 12:00:00,0.7393
2024-10-21 13:00:00,0.6677
2024-10-21 14:00:00,0.5745
2024-10-21 15:00:00,0.4967
2024-10-21 16:00:00,0.4418
2024-10-21 17:00:00,0.388
2024-10-21 18:00:00,0.3169
2024-10-21 19:00:00,0.2704
2024-10-21 20:00:00,0.3081
2024-10-21 21:00:00,0.4331
2024-10-21 22:00:00,0.4418
2024-10-21 23:00:00,0.3884
2024-10-22 00:00:00,0.3115
2024-10-22 01:00:00,0.2789
2024-10-22 02:00:00,0.3263
2024-10-22 03:00:00,0.4316
2024-10-22 04:00:00,0.5581
2024-10-22 05:00:00,0.6678
2024-10-22 06:00:00,0.75
2024-10-22 07:00:00,0.7938
2024-10-22 08:00:00,0.8237
2024-10-22 09:00:00,0.842
2024-10-22 10:00:00,0.8489
2024-10-22 11:00:00,0.8441
2024-10-22 12:00:00,0.8304
2024-10-22 13:00:00,0.8024
2024-10-22 14:00:00,0.7527
2024-10-22 15:00:00,0.6938
2024-10-22 16:00:00,0.6507
2024-10-22 17:00:00,0.6141
2024-10-22 18:00:00,0.5749
2024-10-22 19:00:00,0.5196
2024-10-22 20:00:00,0.4617
2024-10-22 21:00:00,0.3948
2024-10-22 22:00:00,0.3042
2024-10-22 23:00:00,0.2297
2024-10-23 00:00:00,0.195
2024-10-23 01:00:00,0.1854
2024-10-23 02:00:00,0.2012
2024-10-23 03:00:00,0.2114
2024-10-23 04:00:00,0.2094
2024-10-23 05:00:00,0.2277
2024-10-23 06:00:00,0.2832
2024-10-23 07:00:00,0.362
2024-10-23 08:00:00,0.4294
2024-10-23 09:00:00,0.4826
2024-10-23 10:00:00,0.5167
2024-10-23 11:00:00,0.5256
2024-10-23 12:00:00,0.5122
2024-10-23 13:00:00,0.4855
2024-10-23 14:00:00,0.4563
2024-10-23 15:00:00,0.4326
2024-10-23 16:00:00,0.422
2024-10-23 17:00:00,0.421
2024-10-23 18:00:00,0.4408
2024-10-23 19:00:00,0.4812
2024-10-23 20:00:00,0.5306
2024-10-23 21:00:00,0.5861
2024-10-23 22:00:00,0.639
2024-10-23 23:00:00,0.6674
2024-10-24 00:00:00,0.6826
2024-10-24 01:00:00,0.6839
2024-10-24 02:00:00,0.6772
2024-10-24 03:00:00,0.6683
2024-10-24 04:00:00,0.6633
2024-10-24 05:00:00,0.666
2024-10-24 06:00:00,0.669
2024-10-24 07:00:00,0.6843
2024-10-24 08:00:00,0.6822
2024-10-24 09:00:00,0.6738
2024-10-24 10:00:00,0.6747
2024-10-24 11:00:00,0.6892
2024-10-24 12:00:00,0.6974
2024-10-24 13:00:00,0.6908
2024-10-24 14:00:00,0.6769
2024-10-24 15:00:00,0.6715
2024-10-24 16:00:00,0.6906
2024-10-24 17:00:00,0.7142
2024-10-24 18:00:00,0.7252
2024-10-24 19:00:00,0.7236
2024-10-24 20:00:00,0.7095
2024-10-24 21:00:00,0.6779
2024-10-24 22:00:00,0.6275
2024-10-24 23:00:00,0.5636
2024-10-25 00:00:00,0.4842
2024-10-25 01:00:00,0.4114
2024-10-25 02:00:00,0.3655
2024-10-25 03:00:00,0.3348
2024-10-25 04:00:00,0.2895
2024-10-25 05:00:00,0.2518
2024-10-25 06:00:00,0.2324
2024-10-25 07:00:00,0.2275
2024-10-25 08:00:00,0.2173
2024-10-25 09:00:00,0.2096
2024-10-25 10:00:00,0.1996
2024-10-25 11:00:00,0.203
2024-10-25 12:00:00,0.1911
2024-10-25 13:00:00,0.1775
2024-10-25 14:00:00,0.1575
2024-10-25 15:00:00,0.1586
2024-10-25 16:00:00,0.1918
2024-10-25 17:00:00,0.2458
2024-10-25 18:00:00,0.2925
2024-10-25 19:00:00,0.322
2024-10-25 20:00:00,0.3256
2024-10-25 21:00:00,0.3327
2024-10-25 22:00:00,0.3422
2024-10-25 23:00:00,0.3496
2024-10-26 00:00:00,0.3601
2024-10-26 01:00:00,0.3612
2024-10-26 02:00:00,0.3524
2024-10-26 03:00:00,0.3434
2024-10-26 04:00:00,0.3324
2024-10-26 05:00:00,0.3173
2024-10-26 06:00:00,0.3073
2024-10-26 07:00:00,0.3068
2024-10-26 08:00:00,0.3042
2024-10-26 09:00:00,0.2809
2024-10-26 10:00:00,0.271
2024-10-26 11:00:00,0.2759
2024-10-26 12:00:00,0.2648
2024-10-26 13:00:00,0.2423
2024-10-26 14:00:00,0.2165
2024-10-26 15:00:00,0.2176
2024-10-26 16:00:00,0.261
2024-10-26 17:00:00,0.3049
2024-10-26 18:00:00,0.3309
2024-10-26 19:00:00,0.3612
2024-10-26 20:00:00,0.4105
2024-10-26 21:00:00,0.4512
2024-10-26 22:00:00,0.4365
2024-10-26 23:00:00,0.4203
2024-10-27 00:00:00,0.4588
2024-10-27 01:00:00,0.5242
2024-10-27 02:00:00,0.592
2024-10-27 03:00:00,0.6374
2024-10-27 04:00:00,0.6368
2024-10-27 05:00:00,0.61
2024-10-27 06:00:00,0.5895
2024-10-27 07:00:00,0.5698
2024-10-27 08:00:00,0.5404
2024-10-27 09:00:00,0.4901
2024-10-27 10:00:00,0.4163
2024-10-27 11:00:00,0.3219
2024-10-27 12:00:00,0.2277
2024-10-27 13:00:00,0.1675
2024-10-27 14:00:00,0.1461
2024-10-27 15:00:00,0.1369
2024-10-27 16:00:00,0.1227
2024-10-27 17:00:00,0.1348
2024-10-27 18:00:00,0.2219
2024-10-27 19:00:00,0.3718
2024-10-27 20:00:00,0.5218
2024-10-27 21:00:00,0.641
2024-10-27 22:00:00,0.7394
2024-10-27 23:00:00,0.803
2024-10-28 00:00:00,0.8376
2024-10-28 01:00:00,0.8612
2024-10-28 02:00:00,0.8812
2024-10-28 03:00:00,0.9017
2024-10-28 04:00:00,0.9206
2024-10-28 05:00:00,0.9349
2024-10-28 06:00:00,0.941
2024-10-28 07:00:00,0.9374
2024-10-28 08:00:00,0.9315
2024-10-28 09:00:00,0.9239
2024-10-28 10:00:00,0.9106
2024-10-28 11:00:00,0.8907
2024-10-28 12:00:00,0.8648
2024-10-28 13:00:00,0.8355
2024-10-28 14:00:00,0.803
2024-10-28 15:00:00,0.767
2024-10-28 16:00:00,0.7339
2024-10-28 17:00:00,0.7318
2024-10-28 18:00:00,0.7127
2024-10-28 19:00:00,0.6631
2024-10-28 20:00:00,0.6184
2024-10-28 21:00:00,0.5832
2024-10-28 22:00:00,0.5511
2024-10-28 23:00:00,0.5032
2024-10-29 00:00:00,0.4683
2024-10-29 01:00:00,0.4563
2024-10-29 02:00:00,0.4672
2024-10-29 03:00:00,0.4687
2024-10-29 04:00:00,0.4591
2024-10-29 05:00:00,0.4466
2024-10-29 06:00:00,0.4394
2024-10-29 07:00:00,0.4272
2024-10-29 08:00:00,0.4045
2024-10-29 09:00:00,0.3663
2024-10-29 10:00:00,0.3381
2024-10-29 11:00:00,0.3203
2024-10-29 12:00:00,0.3135
2024-10-29 13:00:00,0.3023
2024-10-29 14:00:00,0.2853
2024-10-29 15:00:00,0.2656
2024-10-29 16:00:00,0.2496
2024-10-29 17:00:00,0.2538
2024-10-29 18:00:00,0.2888
2024-10-29 19:00:00,0.3198
2024-10-29 20:00:00,0.3317
2024-10-29 21:00:00,0.3309
2024-10-29 22:00:00,0.3237
2024-10-29 23:00:00,0.3051
2024-10-30 00:00:00,0.2756
2024-10-30 01:00:00,0.2394
2024-10-30 02:00:00,0.2093
2024-10-30 03:00:00,0.1918
2024-10-30 04:00:00,0.1735
2024-10-30 05:00:00,0.1517
2024-10-30 06:00:00,0.1264
2024-10-30 07:00:00,0.0967
2024-10-30 08:00:00,0.071
2024-10-30 09:00:00,0.0651
2024-10-30 10:00:00,0.0798
2024-10-30 11:00:00,0.09
2024-10-30 12:00:00,0.0847
2024-10-30 13:00:00,0.0752
2024-10-30 14:00:00,0.0659
2024-10-30 15:00:00,0.0548
2024-10-30 16:00:00,0.0423
2024-10-30 17:00:00,0.0311
2024-10-30 18:00:00,0.025
2024-10-30 19:00:00,0.0325
2024-10-30 20:00:00,0.0609
2024-10-30 21:00:00,0.12
2024-10-30 22:00:00,0.2012
2024-10-30 23:00:00,0.2787
2024-10-31 00:00:00,0.3415
2024-10-31 01:00:00,0.3874
2024-10-31 02:00:00,0.4221
2024-10-31 03:00:00,0.4447
2024-10-31 04:00:00,0.4517
2024-10-31 05:00:00,0.4546
2024-10-31 06:00:00,0.4705
2024-10-31 07:00:00,0.4956
2024-10-31 08:00:00,0.5371
2024-10-31 09:00:00,0.5759
2024-10-31 10:00:00,0.6134
2024-10-31 11:00:00,0.6455
2024-10-31 12:00:00,0.6572
2024-10-31 13:00:00,0.649
2024-10-31 14:00:00,0.6281
2024-10-31 15:00:00,0.6107
2024-10-31 16:00:00,0.5997
2024-10-31 17:00:00,0.5935
2024-10-31 18:00:00,0.5932
2024-10-31 19:00:00,0.5925
2024-10-31 20:00:00,0.5915
2024-10-31 21:00:00,0.592
2024-10-31 22:00:00,0.594
2024-10-31 23:00:00,0.6038
2024-11-01 00:00:00,0.6195
2024-11-01 01:00:00,0.6321
2024-11-01 02:00:00,0.6393
2024-11-01 03:00:00,0.6381
2024-11-01 04:00:00,0.6379
2024-11-01 05:00:00,0.6562
2024-11-01 06:00:00,0.6784
2024-11-01 07:00:00,0.6915
2024-11-01 08:00:00,0.7028
2024-11-01 09:00:00,0.7123
2024-11-01 10:00:00,0.7061
2024-11-01 11:00:00,0.682
2024-11-01 12:00:00,0.6447
2024-11-01 13:00:00,0.5991
2024-11-01 14:00:00,0.5414
2024-11-01 15:00:00,0.5016
2024-11-01 16:00:00,0.4933
2024-11-01 17:00:00,0.4826
2024-11-01 18:00:00,0.4791
2024-11-01 19:00:00,0.4881
2024-11-01 20:00:00,0.477
2024-11-01 21:00:00,0.4614
2024-11-01 22:00:00,0.4629
2024-11-01 23:00:00,0.4732
2024-11-02 00:00:00,0.4791
2024-11-02 01:00:00,0.4875
2024-11-02 02:00:00,0.4983
2024-11-02 03:00:00,0.4973
2024-11-02 04:00:00,0.4725
2024-11-02 05:00:00,0.4426
2024-11-02 06:00:00,0.4164
2024-11-02 07:00:00,0.3617
2024-11-02 08:00:00,0.2695
2024-11-02 09:00:00,0.1973
2024-11-02 10:00:00,0.1516
2024-11-02 11:00:00,0.1042
2024-11-02 12:00:00,0.0706
2024-11-02 13:00:00,0.0568
2024-11-02 14:00:00,0.0608
2024-11-02 15:00:00,0.0852
2024-11-02 16:00:00,0.1219
2024-11-02 17:00:00,0.1539
2024-11-02 18:00:00,0.1765
2024-11-02 19:00:00,0.1916
2024-11-02 20:00:00,0.2046
2024-11-02 21:00:00,0.2128
2024-11-02 22:00:00,0.212
2024-11-02 23:00:00,0.2
2024-11-03 00:00:00,0.1838
2024-11-03 01:00:00,0.162
2024-11-03 02:00:00,0.1315
2024-11-03 03:00:00,0.1082
2024-11-03 04:00:00,0.0945
2024-11-03 05:00:00,0.0838
2024-11-03 06:00:00,0.0711
2024-11-03 07:00:00,0.0608
2024-11-03 08:00:00,0.0544
2024-11-03 09:00:00,0.0418
2024-11-03 10:00:00,0.0316
2024-11-03 11:00:00,0.026
2024-11-03 12:00:00,0.0234
2024-11-03 13:00:00,0.022
2024-11-03 14:00:00,0.0233
2024-11-03 15:00:00,0.0295
2024-11-03 16:00:00,0.043
2024-11-03 17:00:00,0.0688
2024-11-03 18:00:00,0.0933
2024-11-03 19:00:00,0.1123
2024-11-03 20:00:00,0.1231
2024-11-03 21:00:00,0.124
2024-11-03 22:00:00,0.1171
2024-11-03 23:00:00,0.1078
2024-11-04 00:00:00,0.1061
2024-11-04 01:00:00,0.1242
2024-11-04 02:00:00,0.1638
2024-11-04 03:00:00,0.2149
2024-11-04 04:00:00,0.2661
2024-11-04 05:00:00,0.3042
2024-11-04 06:00:00,0.3346
2024-11-04 07:00:00,0.3613
2024-11-04 08:00:00,0.3704
2024-11-04 09:00:00,0.356
2024-11-04 10:00:00,0.3291
2024-11-04 11:00:00,0.3074
2024-11-04 12:00:00,0.2975
2024-11-04 13:00:00,0.3098
2024-11-04 14:00:00,0.3436
2024-11-04 15:00:00,0.3997
2024-11-04 16:00:00,0.4699
2024-11-04 17:00:00,0.5319
2024-11-04 18:00:00,0.5709
2024-11-04 19:00:00,0.583
2024-11-04 20:00:00,0.564
2024-11-04 21:00:00,0.5286
2024-11-04 22:00:00,0.4884
2024-11-04 23:00:00,0.4493
2024-11-05 00:00:00,0.407
2024-11-05 01:00:00,0.3694
2024-11-05 02:00:00,0.3407
2024-11-05 03:00:00,0.3252
2024-11-05 04:00:00,0.32
2024-11-05 05:00:00,0.3192
2024-11-05 06:00:00,0.3195
2024-11-05 07:00:00,0.3169
2024-11-05 08:00:00,0.2962
2024-11-05 09:00:00,0.2414
2024-11-05 10:00:00,0.1703
2024-11-05 11:00:00,0.1041
2024-11-05 12:00:00,0.0585
2024-11-05 13:00:00,0.0311
2024-11-05 14:00:00,0.02
2024-11-05 15:00:00,0.024
2024-11-05 16:00:00,0.0321
2024-11-05 17:00:00,0.0418
2024-11-05 18:00:00,0.0463
2024-11-05 19:00:00,0.0454
2024-11-05 20:00:00,0.0411
2024-11-05 21:00:00,0.0375
2024-11-05 22:00:00,0.0361
2024-11-05 23:00:00,0.0353
2024-11-06 00:00:00,0.0345
2024-11-06 01:00:00,0.0303
2024-11-06 02:00:00,0.0252
2024-11-06 03:00:00,0.0212
2024-11-06 04:00:00,0.0205
2024-11-06 05:00:00,0.0236
2024-11-06 06:00:00,0.0286
2024-11-06 07:00:00,0.0302
2024-11-06 08:00:00,0.0265
2024-11-06 09:00:00,0.0216
2024-11-06 10:00:00,0.0158
2024-11-06 11:00:00,0.014
2024-11-06 12:00:00,0.0329
2024-11-06 13:00:00,0.07
2024-11-06 14:00:00,0.0912
2024-11-06 15:00:00,0.0986
2024-11-06 16:00:00,0.0962
2024-11-06 17:00:00,0.0824
2024-11-06 18:00:00,0.0637
2024-11-06 19:00:00,0.0464
2024-11-06 20:00:00,0.0344
2024-11-06 21:00:00,0.0301
2024-11-06 22:00:00,0.0285
2024-11-06 23:00:00,0.0295
2024-11-07 00:00:00,0.0382
2024-11-07 01:00:00,0.048
2024-11-07 02:00:00,0.0563
2024-11-07 03:00:00,0.0704
2024-11-07 04:00:00,0.0909
2024-11-07 05:00:00,0.1059
2024-11-07 06:00:00,0.1221
2024-11-07 07:00:00,0.1413
2024-11-07 08:00:00,0.1435
2024-11-07 09:00:00,0.1472
2024-11-07 10:00:00,0.1567
2024-11-07 11:00:00,0.1765
2024-11-07 12:00:00,0.1942
2024-11-07 13:00:00,0.2118
2024-11-07 14:00:00,0.2366
2024-11-07 15:00:00,0.2498
2024-11-07 16:00:00,0.2758
2024-11-07 17:00:00,0.3383
2024-11-07 18:00:00,0.4029
2024-11-07 19:00:00,0.4507
2024-11-07 20:00:00,0.4792
2024-11-07 21:00:00,0.4957
2024-11-07 22:00:00,0.4963
2024-11-07 23:00:00,0.484
2024-11-08 00:00:00,0.4673
2024-11-08 01:00:00,0.4489
2024-11-08 02:00:00,0.4288
2024-11-08 03:00:00,0.4099
2024-11-08 04:00:00,0.4056
2024-11-08 05:00:00,0.405
2024-11-08 06:00:00,0.4121
2024-11-08 07:00:00,0.4491
2024-11-08 08:00:00,0.4922
2024-11-08 09:00:00,0.4805
2024-11-08 10:00:00,0.4447
2024-11-08 11:00:00,0.4263
2024-11-08 12:00:00,0.415
2024-11-08 13:00:00,0.4305
2024-11-08 14:00:00,0.4744
2024-11-08 15:00:00,0.5242
2024-11-08 16:00:00,0.5672
2024-11-08 17:00:00,0.5893
2024-11-08 18:00:00,0.5783
2024-11-08 19:00:00,0.5312
2024-11-08 20:00:00,0.4593
2024-11-08 21:00:00,0.3921
2024-11-08 22:00:00,0.3548
2024-11-08 23:00:00,0.3471
2024-11-09 00:00:00,0.3507
2024-11-09 01:00:00,0.3539
2024-11-09 02:00:00,0.3512
2024-11-09 03:00:00,0.3275
2024-11-09 04:00:00,0.2864
2024-11-09 05:00:00,0.2422
2024-11-09 06:00:00,0.2032
2024-11-09 07:00:00,0.1785
2024-11-09 08:00:00,0.169
2024-11-09 09:00:00,0.1651
2024-11-09 10:00:00,0.1608
2024-11-09 11:00:00,0.1467
2024-11-09 12:00:00,0.1291
2024-11-09 13:00:00,0.1152
2024-11-09 14:00:00,0.1047
2024-11-09 15:00:00,0.1053
2024-11-09 16:00:00,0.1037
2024-11-09 17:00:00,0.0997
2024-11-09 18:00:00,0.0965
2024-11-09 19:00:00,0.0959
2024-11-09 20:00:00,0.0996
2024-11-09 21:00:00,0.111
2024-11-09 22:00:00,0.1267
2024-11-09 23:00:00,0.1387
2024-11-10 00:00:00,0.1533
2024-11-10 01:00:00,0.1719
2024-11-10 02:00:00,0.1895
2024-11-10 03:00:00,0.1966
2024-11-10 04:00:00,0.1941
2024-11-10 05:00:00,0.1969
2024-11-10 06:00:00,0.2129
2024-11-10 07:00:00,0.2379
2024-11-10 08:00:00,0.2658
2024-11-10 09:00:00,0.2936
2024-11-10 10:00:00,0.3208
2024-11-10 11:00:00,0.3394
2024-11-10 12:00:00,0.3373
2024-11-10 13:00:00,0.3145
2024-11-10 14:00:00,0.2902
2024-11-10 15:00:00,0.2716
2024-11-10 16:00:00,0.2538
2024-11-10 17:00:00,0.2374
2024-11-10 18:00:00,0.2265
2024-11-10 19:00:00,0.2623
2024-11-10 20:00:00,0.3543
2024-11-10 21:00:00,0.4623
2024-11-10 22:00:00,0.5474
2024-11-10 23:00:00,0.6389
2024-11-11 00:00:00,0.7265
2024-11-11 01:00:00,0.8016
2024-11-11 02:00:00,0.8478
2024-11-11 03:00:00,0.8999
2024-11-11 04:00:00,0.9385
2024-11-11 05:00:00,0.9575
2024-11-11 06:00:00,0.9595
2024-11-11 07:00:00,0.9582
2024-11-11 08:00:00,0.9519
2024-11-11 09:00:00,0.9464
2024-11-11 10:00:00,0.9415
2024-11-11 11:00:00,0.9473
2024-11-11 12:00:00,0.9623
2024-11-11 13:00:00,0.9728
2024-11-11 14:00:00,0.9759
2024-11-11 15:00:00,0.9774
2024-11-11 16:00:00,0.9802
2024-11-11 17:00:00,0.9823
2024-11-11 18:00:00,0.984
2024-11-11 19:00:00,0.9853
2024-11-11 20:00:00,0.9857
2024-11-11 21:00:00,0.9821
2024-11-11 22:00:00,0.9746
2024-11-11 23:00:00,0.9701
2024-11-12 00:00:00,0.967
2024-11-12 01:00:00,0.9637
2024-11-12 02:00:00,0.9596
2024-11-12 03:00:00,0.953
2024-11-12 04:00:00,0.9388
2024-11-12 05:00:00,0.9183
2024-11-12 06:00:00,0.8931
2024-11-12 07:00:00,0.8596
2024-11-12 08:00:00,0.8071
2024-11-12 09:00:00,0.7343
2024-11-12 10:00:00,0.658
2024-11-12 11:00:00,0.5943
2024-11-12 12:00:00,0.5525
2024-11-12 13:00:00,0.521
2024-11-12 14:00:00,0.5168
2024-11-12 15:00:00,0.5214
2024-11-12 16:00:00,0.5072
2024-11-12 17:00:00,0.5047
2024-11-12 18:00:00,0.5076
2024-11-12 19:00:00,0.4881
2024-11-12 20:00:00,0.453
2024-11-12 21:00:00,0.4273
2024-11-12 22:00:00,0.4122
2024-11-12 23:00:00,0.3856
2024-11-13 00:00:00,0.3625
2024-11-13 01:00:00,0.3538
2024-11-13 02:00:00,0.3584
2024-11-13 03:00:00,0.3752
2024-11-13 04:00:00,0.4081
2024-11-13 05:00:00,0.4271
2024-11-13 06:00:00,0.4244
2024-11-13 07:00:00,0.4055
2024-11-13 08:00:00,0.3896
2024-11-13 09:00:00,0.37
2024-11-13 10:00:00,0.3714
2024-11-13 11:00:00,0.4051
2024-11-13 12:00:00,0.458
2024-11-13 13:00:00,0.4983
2024-11-13 14:00:00,0.532
2024-11-13 15:00:00,0.5665
2024-11-13 16:00:00,0.5802
2024-11-13 17:00:00,0.5906
2024-11-13 18:00:00,0.5945
2024-11-13 19:00:00,0.5985
2024-11-13 20:00:00,0.6048
2024-11-13 21:00:00,0.6274
2024-11-13 22:00:00,0.6522
2024-11-13 23:00:00,0.6751
2024-11-14 00:00:00,0.693
2024-11-14 01:00:00,0.7137
2024-11-14 02:00:00,0.7168
2024-11-14 03:00:00,0.737
2024-11-14 04:00:00,0.7767
2024-11-14 05:00:00,0.7977
2024-11-14 06:00:00,0.8211
2024-11-14 07:00:00,0.834
2024-11-14 08:00:00,0.8101
2024-11-14 09:00:00,0.7428
2024-11-14 10:00:00,0.6564
2024-11-14 11:00:00,0.5974
2024-11-14 12:00:00,0.5773
2024-11-14 13:00:00,0.5793
2024-11-14 14:00:00,0.5835
2024-11-14 15:00:00,0.5884
2024-11-14 16:00:00,0.5873
2024-11-14 17:00:00,0.5763
2024-11-14 18:00:00,0.5626
2024-11-14 19:00:00,0.5375
2024-11-14 20:00:00,0.4949
2024-11-14 21:00:00,0.4384
2024-11-14 22:00:00,0.3808
2024-11-14 23:00:00,0.3225
2024-11-15 00:00:00,0.2646
2024-11-15 01:00:00,0.2023
2024-11-15 02:00:00,0.1517
2024-11-15 03:00:00,0.1224
2024-11-15 04:00:00,0.1148
2024-11-15 05:00:00,0.1275
2024-11-15 06:00:00,0.158
2024-11-15 07:00:00,0.1991
2024-11-15 08:00:00,0.2459
2024-11-15 09:00:00,0.2924
2024-11-15 10:00:00,0.3389
2024-11-15 11:00:00,0.3914
2024-11-15 12:00:00,0.4418
2024-11-15 13:00:00,0.4839
2024-11-15 14:00:00,0.5237
2024-11-15 15:00:00,0.5633
2024-11-15 16:00:00,0.6114
2024-11-15 17:00:00,0.6659
2024-11-15 18:00:00,0.7237
2024-11-15 19:00:00,0.7743
2024-11-15 20:00:00,0.8093
2024-11-15 21:00:00,0.8299
2024-11-15 22:00:00,0.8397
2024-11-15 23:00:00,0.8437
2024-11-16 00:00:00,0.8494
2024-11-16 01:00:00,0.8556
2024-11-16 02:00:00,0.8602
2024-11-16 03:00:00,0.8654
2024-11-16 04:00:00,0.8714
2024-11-16 05:00:00,0.8765
2024-11-16 06:00:00,0.8781
2024-11-16 07:00:00,0.8774
2024-11-16 08:00:00,0.872
2024-11-16 09:00:00,0.8651
2024-11-16 10:00:00,0.8596
2024-11-16 11:00:00,0.8529
2024-11-16 12:00:00,0.8486
2024-11-16 13:00:00,0.8444
2024-11-16 14:00:00,0.8404
2024-11-16 15:00:00,0.8359
2024-11-16 16:00:00,0.8365
2024-11-16 17:00:00,0.8273
2024-11-16 18:00:00,0.8249
2024-11-16 19:00:00,0.8166
2024-11-16 20:00:00,0.8014
2024-11-16 21:00:00,0.7912
2024-11-16 22:00:00,0.7993
2024-11-16 23:00:00,0.8247
2024-11-17 00:00:00,0.8622
2024-11-17 01:00:00,0.8921
2024-11-17 02:00:00,0.9218
2024-11-17 03:00:00,0.9443
2024-11-17 04:00:00,0.9522
2024-11-17 05:00:00,0.9538
2024-11-17 06:00:00,0.9517
2024-11-17 07:00:00,0.9509
2024-11-17 08:00:00,0.9495
2024-11-17 09:00:00,0.9431
2024-11-17 10:00:00,0.9409
2024-11-17 11:00:00,0.9356
2024-11-17 12:00:00,0.9288
2024-11-17 13:00:00,0.9201
2024-11-17 14:00:00,0.9111
2024-11-17 15:00:00,0.8996
2024-11-17 16:00:00,0.8805
2024-11-17 17:00:00,0.8593
2024-11-17 18:00:00,0.8466
2024-11-17 19:00:00,0.8462
2024-11-17 20:00:00,0.8493
2024-11-17 21:00:00,0.8584
2024-11-17 22:00:00,0.8765
2024-11-17 23:00:00,0.8955
2024-11-18 00:00:00,0.903
2024-11-18 01:00:00,0.8963
2024-11-18 02:00:00,0.8859
2024-11-18 03:00:00,0.8728
2024-11-18 04:00:00,0.8608
2024-11-18 05:00:00,0.8532
2024-11-18 06:00:00,0.8441
2024-11-18 07:00:00,0.8239
2024-11-18 08:00:00,0.7861
2024-11-18 09:00:00,0.743
2024-11-18 10:00:00,0.7067
2024-11-18 11:00:00,0.6799
2024-11-18 12:00:00,0.657
2024-11-18 13:00:00,0.6226
2024-11-18 14:00:00,0.5837
2024-11-18 15:00:00,0.5344
2024-11-18 16:00:00,0.4575
2024-11-18 17:00:00,0.3526
2024-11-18 18:00:00,0.2504
2024-11-18 19:00:00,0.1676
2024-11-18 20:00:00,0.1236
2024-11-18 21:00:00,0.1152
2024-11-18 22:00:00,0.1488
2024-11-18 23:00:00,0.2012
2024-11-19 00:00:00,0.2377
2024-11-19 01:00:00,0.234
2024-11-19 02:00:00,0.1885
2024-11-19 03:00:00,0.1467
2024-11-19 04:00:00,0.1793
2024-11-19 05:00:00,0.2892
2024-11-19 06:00:00,0.43
2024-11-19 07:00:00,0.5607
2024-11-19 08:00:00,0.6481
2024-11-19 09:00:00,0.6659
2024-11-19 10:00:00,0.6768
2024-11-19 11:00:00,0.6886
2024-11-19 12:00:00,0.6961
2024-11-19 13:00:00,0.7167
2024-11-19 14:00:00,0.7509
2024-11-19 15:00:00,0.7879
2024-11-19 16:00:00,0.8218
2024-11-19 17:00:00,0.8535
2024-11-19 18:00:00,0.8784
2024-11-19 19:00:00,0.89
2024-11-19 20:00:00,0.8947
2024-11-19 21:00:00,0.8871
2024-11-19 22:00:00,0.8687
2024-11-19 23:00:00,0.8536
2024-11-20 00:00:00,0.8547
2024-11-20 01:00:00,0.8474
2024-11-20 02:00:00,0.8549
2024-11-20 03:00:00,0.8712
2024-11-20 04:00:00,0.8829
2024-11-20 05:00:00,0.8991
2024-11-20 06:00:00,0.9122
2024-11-20 07:00:00,0.907
2024-11-20 08:00:00,0.8808
2024-11-20 09:00:00,0.8561
2024-11-20 10:00:00,0.8482
2024-11-20 11:00:00,0.8604
2024-11-20 12:00:00,0.862
2024-11-20 13:00:00,0.856
2024-11-20 14:00:00,0.8594
2024-11-20 15:00:00,0.8763
2024-11-20 16:00:00,0.8842
2024-11-20 17:00:00,0.886
2024-11-20 18:00:00,0.8886
2024-11-20 19:00:00,0.8809
2024-11-20 20:00:00,0.8752
2024-11-20 21:00:00,0.8807
2024-11-20 22:00:00,0.9067
2024-11-20 23:00:00,0.9268
2024-11-21 00:00:00,0.9305
2024-11-21 01:00:00,0.9276
2024-11-21 02:00:00,0.927
2024-11-21 03:00:00,0.9303
2024-11-21 04:00:00,0.9405
2024-11-21 05:00:00,0.9441
2024-11-21 06:00:00,0.9318
2024-11-21 07:00:00,0.9062
2024-11-21 08:00:00,0.8611
2024-11-21 09:00:00,0.7979
2024-11-21 10:00:00,0.7266
2024-11-21 11:00:00,0.6527
2024-11-21 12:00:00,0.5942
2024-11-21 13:00:00,0.5632
2024-11-21 14:00:00,0.5678
2024-11-21 15:00:00,0.6117
2024-11-21 16:00:00,0.6703
2024-11-21 17:00:00,0.7162
2024-11-21 18:00:00,0.7384
2024-11-21 19:00:00,0.739
2024-11-21 20:00:00,0.7323
2024-11-21 21:00:00,0.7229
2024-11-21 22:00:00,0.724
2024-11-21 23:00:00,0.7494
2024-11-22 00:00:00,0.7971
2024-11-22 01:00:00,0.8472
2024-11-22 02:00:00,0.8942
2024-11-22 03:00:00,0.9289
2024-11-22 04:00:00,0.9475
2024-11-22 05:00:00,0.9496
2024-11-22 06:00:00,0.9345
2024-11-22 07:00:00,0.9187
2024-11-22 08:00:00,0.9362
2024-11-22 09:00:00,0.9613
2024-11-22 10:00:00,0.9691
2024-11-22 11:00:00,0.9787
2024-11-22 12:00:00,0.9853
2024-11-22 13:00:00,0.9784
2024-11-22 14:00:00,0.9534
2024-11-22 15:00:00,0.8921
2024-11-22 16:00:00,0.7931
2024-11-22 17:00:00,0.6843
2024-11-22 18:00:00,0.6121
2024-11-22 19:00:00,0.6122
2024-11-22 20:00:00,0.6558
2024-11-22 21:00:00,0.6794
2024-11-22 22:00:00,0.6751
2024-11-22 23:00:00,0.6599
2024-11-23 00:00:00,0.6548
2024-11-23 01:00:00,0.6504
2024-11-23 02:00:00,0.6159
2024-11-23 03:00:00,0.6041
2024-11-23 04:00:00,0.6174
2024-11-23 05:00:00,0.6418
2024-11-23 06:00:00,0.7001
2024-11-23 07:00:00,0.7562
2024-11-23 08:00:00,0.826
2024-11-23 09:00:00,0.8887
2024-11-23 10:00:00,0.9371
2024-11-23 11:00:00,0.9717
2024-11-23 12:00:00,0.9834
2024-11-23 13:00:00,0.9675
2024-11-23 14:00:00,0.9278
2024-11-23 15:00:00,0.8922
2024-11-23 16:00:00,0.876
2024-11-23 17:00:00,0.8645
2024-11-23 18:00:00,0.8807
2024-11-23 19:00:00,0.907
2024-11-23 20:00:00,0.9371
2024-11-23 21:00:00,0.9528
2024-11-23 22:00:00,0.9589
2024-11-23 23:00:00,0.9606
2024-11-24 00:00:00,0.9628
2024-11-24 01:00:00,0.9673
2024-11-24 02:00:00,0.9689
2024-11-24 03:00:00,0.9614
2024-11-24 04:00:00,0.9478
2024-11-24 05:00:00,0.9367
2024-11-24 06:00:00,0.9156
2024-11-24 07:00:00,0.8655
2024-11-24 08:00:00,0.8406
2024-11-24 09:00:00,0.8361
2024-11-24 10:00:00,0.8151
2024-11-24 11:00:00,0.7469
2024-11-24 12:00:00,0.6861
2024-11-24 13:00:00,0.7028
2024-11-24 14:00:00,0.7676
2024-11-24 15:00:00,0.821
2024-11-24 16:00:00,0.8083
2024-11-24 17:00:00,0.7813
2024-11-24 18:00:00,0.7664
2024-11-24 19:00:00,0.7704
2024-11-24 20:00:00,0.7781
2024-11-24 21:00:00,0.7859
2024-11-24 22:00:00,0.7931
2024-11-24 23:00:00,0.819
2024-11-25 00:00:00,0.874
2024-11-25 01:00:00,0.9316
2024-11-25 02:00:00,0.9668
2024-11-25 03:00:00,0.9869
2024-11-25 04:00:00,0.9875
2024-11-25 05:00:00,0.9824
2024-11-25 06:00:00,0.9791
2024-11-25 07:00:00,0.9647
2024-11-25 08:00:00,0.9431
2024-11-25 09:00:00,0.9381
2024-11-25 10:00:00,0.9301
2024-11-25 11:00:00,0.9303
2024-11-25 12:00:00,0.9375
2024-11-25 13:00:00,0.936
2024-11-25 14:00:00,0.934
2024-11-25 15:00:00,0.9433
2024-11-25 16:00:00,0.9623
2024-11-25 17:00:00,0.9733
2024-11-25 18:00:00,0.9781
2024-11-25 19:00:00,0.98
2024-11-25 20:00:00,0.9789
2024-11-25 21:00:00,0.9757
2024-11-25 22:00:00,0.9697
2024-11-25 23:00:00,0.9662
2024-11-26 00:00:00,0.9647
2024-11-26 01:00:00,0.964
2024-11-26 02:00:00,0.963
2024-11-26 03:00:00,0.962
2024-11-26 04:00:00,0.9611
2024-11-26 05:00:00,0.9601
2024-11-26 06:00:00,0.9549
2024-11-26 07:00:00,0.944
2024-11-26 08:00:00,0.9288
2024-11-26 09:00:00,0.9107
2024-11-26 10:00:00,0.8984
2024-11-26 11:00:00,0.8824
2024-11-26 12:00:00,0.865
2024-11-26 13:00:00,0.842
2024-11-26 14:00:00,0.8128
2024-11-26 15:00:00,0.7767
2024-11-26 16:00:00,0.7262
2024-11-26 17:00:00,0.6756
2024-11-26 18:00:00,0.6283
2024-11-26 19:00:00,0.5888
2024-11-26 20:00:00,0.5457
2024-11-26 21:00:00,0.4945
2024-11-26 22:00:00,0.416
2024-11-26 23:00:00,0.326
2024-11-27 00:00:00,0.2408
2024-11-27 01:00:00,0.178
2024-11-27 02:00:00,0.155
2024-11-27 03:00:00,0.1919
2024-11-27 04:00:00,0.2812
2024-11-27 05:00:00,0.3705
2024-11-27 06:00:00,0.4626
2024-11-27 07:00:00,0.5479
2024-11-27 08:00:00,0.6549
2024-11-27 09:00:00,0.7871
2024-11-27 10:00:00,0.892
2024-11-27 11:00:00,0.9398
2024-11-27 12:00:00,0.9562
2024-11-27 13:00:00,0.9517
2024-11-27 14:00:00,0.9532
2024-11-27 15:00:00,0.9118
2024-11-27 16:00:00,0.939
2024-11-27 17:00:00,0.9854
2024-11-27 18:00:00,0.9748
2024-11-27 19:00:00,0.9034
2024-11-27 20:00:00,0.9058
2024-11-27 21:00:00,0.9435
2024-11-27 22:00:00,0.9681
2024-11-27 23:00:00,0.9733
2024-11-28 00:00:00,0.9677
2024-11-28 01:00:00,0.958
2024-11-28 02:00:00,0.9473
2024-11-28 03:00:00,0.9398
2024-11-28 04:00:00,0.9292
2024-11-28 05:00:00,0.9125
2024-11-28 06:00:00,0.8902
2024-11-28 07:00:00,0.861
2024-11-28 08:00:00,0.8239
2024-11-28 09:00:00,0.7867
2024-11-28 10:00:00,0.7535
2024-11-28 11:00:00,0.7168
2024-11-28 12:00:00,0.648
2024-11-28 13:00:00,0.5494
2024-11-28 14:00:00,0.4451
2024-11-28 15:00:00,0.3631
2024-11-28 16:00:00,0.2867
2024-11-28 17:00:00,0.1992
2024-11-28 18:00:00,0.115
2024-11-28 19:00:00,0.0572
2024-11-28 20:00:00,0.0222
2024-11-28 21:00:00,0.0143
2024-11-28 22:00:00,0.0452
2024-11-28 23:00:00,0.1071
2024-11-29 00:00:00,0.1887
2024-11-29 01:00:00,0.2805
2024-11-29 02:00:00,0.3715
2024-11-29 03:00:00,0.4506
2024-11-29 04:00:00,0.5155
2024-11-29 05:00:00,0.5671
2024-11-29 06:00:00,0.6107
2024-11-29 07:00:00,0.6541
2024-11-29 08:00:00,0.6978
2024-11-29 09:00:00,0.7302
2024-11-29 10:00:00,0.7497
2024-11-29 11:00:00,0.7621
2024-11-29 12:00:00,0.7681
2024-11-29 13:00:00,0.7803
2024-11-29 14:00:00,0.7981
2024-11-29 15:00:00,0.8283
2024-11-29 16:00:00,0.8678
2024-11-29 17:00:00,0.9018
2024-11-29 18:00:00,0.9253
2024-11-29 19:00:00,0.9372
2024-11-29 20:00:00,0.9427
2024-11-29 21:00:00,0.9457
2024-11-29 22:00:00,0.9452
2024-11-29 23:00:00,0.9382
2024-11-30 00:00:00,0.93
2024-11-30 01:00:00,0.9217
2024-11-30 02:00:00,0.9137
2024-11-30 03:00:00,0.901
2024-11-30 04:00:00,0.8846
2024-11-30 05:00:00,0.8667
2024-11-30 06:00:00,0.8536
2024-11-30 07:00:00,0.8382
2024-11-30 08:00:00,0.8244
2024-11-30 09:00:00,0.8002
2024-11-30 10:00:00,0.7664
2024-11-30 11:00:00,0.7256
2024-11-30 12:00:00,0.6842
2024-11-30 13:00:00,0.6529
2024-11-30 14:00:00,0.6372
2024-11-30 15:00:00,0.6452
2024-11-30 16:00:00,0.6562
2024-11-30 17:00:00,0.6722
2024-11-30 18:00:00,0.6947
2024-11-30 19:00:00,0.72
2024-11-30 20:00:00,0.7354
2024-11-30 21:00:00,0.7376
2024-11-30 22:00:00,0.748
2024-11-30 23:00:00,0.7554
2024-12-01 00:00:00,0.7675
2024-12-01 01:00:00,0.7742
2024-12-01 02:00:00,0.7779
2024-12-01 03:00:00,0.785
2024-12-01 04:00:00,0.8098
2024-12-01 05:00:00,0.8409
2024-12-01 06:00:00,0.8715
2024-12-01 07:00:00,0.8921
2024-12-01 08:00:00,0.8961
2024-12-01 09:00:00,0.89
2024-12-01 10:00:00,0.883
2024-12-01 11:00:00,0.8809
2024-12-01 12:00:00,0.894
2024-12-01 13:00:00,0.9131
2024-12-01 14:00:00,0.9269
2024-12-01 15:00:00,0.9392
2024-12-01 16:00:00,0.9456
2024-12-01 17:00:00,0.9465
2024-12-01 18:00:00,0.9395
2024-12-01 19:00:00,0.9289
2024-12-01 20:00:00,0.9315
2024-12-01 21:00:00,0.9293
2024-12-01 22:00:00,0.9227
2024-12-01 23:00:00,0.9177
2024-12-02 00:00:00,0.9076
2024-12-02 01:00:00,0.9024
2024-12-02 02:00:00,0.9077
2024-12-02 03:00:00,0.9051
2024-12-02 04:00:00,0.9035
2024-12-02 05:00:00,0.9023
2024-12-02 06:00:00,0.8857
2024-12-02 07:00:00,0.8641
2024-12-02 08:00:00,0.8446
2024-12-02 09:00:00,0.8369
2024-12-02 10:00:00,0.8269
2024-12-02 11:00:00,0.8139
2024-12-02 12:00:00,0.7904
2024-12-02 13:00:00,0.755
2024-12-02 14:00:00,0.7225
2024-12-02 15:00:00,0.6907
2024-12-02 16:00:00,0.6722
2024-12-02 17:00:00,0.7101
2024-12-02 18:00:00,0.7337
2024-12-02 19:00:00,0.7428
2024-12-02 20:00:00,0.7892
2024-12-02 21:00:00,0.8903
2024-12-02 22:00:00,0.9533
2024-12-02 23:00:00,0.9704
2024-12-03 00:00:00,0.967
2024-12-03 01:00:00,0.9524
2024-12-03 02:00:00,0.9314
2024-12-03 03:00:00,0.9125
2024-12-03 04:00:00,0.901
2024-12-03 05:00:00,0.8953
2024-12-03 06:00:00,0.8858
2024-12-03 07:00:00,0.8712
2024-12-03 08:00:00,0.8426
2024-12-03 09:00:00,0.8017
2024-12-03 10:00:00,0.7536
2024-12-03 11:00:00,0.7013
2024-12-03 12:00:00,0.6486
2024-12-03 13:00:00,0.6036
2024-12-03 14:00:00,0.5804
2024-12-03 15:00:00,0.5819
2024-12-03 16:00:00,0.5993
2024-12-03 17:00:00,0.6016
2024-12-03 18:00:00,0.5599
2024-12-03 19:00:00,0.4683
2024-12-03 20:00:00,0.3544
2024-12-03 21:00:00,0.2892
2024-12-03 22:00:00,0.2841
2024-12-03 23:00:00,0.2534
2024-12-04 00:00:00,0.1684
2024-12-04 01:00:00,0.0954
2024-12-04 02:00:00,0.1266
2024-12-04 03:00:00,0.2115
2024-12-04 04:00:00,0.2418
2024-12-04 05:00:00,0.2452
2024-12-04 06:00:00,0.241
2024-12-04 07:00:00,0.2415
2024-12-04 08:00:00,0.2693
2024-12-04 09:00:00,0.2796
2024-12-04 10:00:00,0.2409
2024-12-04 11:00:00,0.1644
2024-12-04 12:00:00,0.1205
2024-12-04 13:00:00,0.1273
2024-12-04 14:00:00,0.1297
2024-12-04 15:00:00,0.1587
2024-12-04 16:00:00,0.2435
2024-12-04 17:00:00,0.3733
2024-12-04 18:00:00,0.5349
2024-12-04 19:00:00,0.6952
2024-12-04 20:00:00,0.805
2024-12-04 21:00:00,0.8668
2024-12-04 22:00:00,0.8983
2024-12-04 23:00:00,0.9199
2024-12-05 00:00:00,0.9409
2024-12-05 01:00:00,0.9602
2024-12-05 02:00:00,0.9736
2024-12-05 03:00:00,0.9793
2024-12-05 04:00:00,0.984
2024-12-05 05:00:00,0.9846
2024-12-05 06:00:00,0.9836
2024-12-05 07:00:00,0.985
2024-12-05 08:00:00,0.9853
2024-12-05 09:00:00,0.9882
2024-12-05 10:00:00,0.9881
2024-12-05 11:00:00,0.9834
2024-12-05 12:00:00,0.9713
2024-12-05 13:00:00,0.9364
2024-12-05 14:00:00,0.9069
2024-12-05 15:00:00,0.8796
2024-12-05 16:00:00,0.8751
2024-12-05 17:00:00,0.9121
2024-12-05 18:00:00,0.933
2024-12-05 19:00:00,0.9666
2024-12-05 20:00:00,0.9722
2024-12-05 21:00:00,0.9782
2024-12-05 22:00:00,0.9788
2024-12-05 23:00:00,0.9628
2024-12-06 00:00:00,0.944
2024-12-06 01:00:00,0.9257
2024-12-06 02:00:00,0.8854
2024-12-06 03:00:00,0.7748
2024-12-06 04:00:00,0.6101
2024-12-06 05:00:00,0.5619
2024-12-06 06:00:00,0.6348
2024-12-06 07:00:00,0.7594
2024-12-06 08:00:00,0.8609
2024-12-06 09:00:00,0.912
2024-12-06 10:00:00,0.9347
2024-12-06 11:00:00,0.9634
2024-12-06 12:00:00,0.9789
2024-12-06 13:00:00,0.9556
2024-12-06 14:00:00,0.8885
2024-12-06 15:00:00,0.7827
2024-12-06 16:00:00,0.6595
2024-12-06 17:00:00,0.5016
2024-12-06 18:00:00,0.3689
2024-12-06 19:00:00,0.3941
2024-12-06 20:00:00,0.5923
2024-12-06 21:00:00,0.8006
2024-12-06 22:00:00,0.9045
2024-12-06 23:00:00,0.9529
2024-12-07 00:00:00,0.9785
2024-12-07 01:00:00,0.9846
2024-12-07 02:00:00,0.9744
2024-12-07 03:00:00,0.968
2024-12-07 04:00:00,0.9774
2024-12-07 05:00:00,0.9869
2024-12-07 06:00:00,0.9877
2024-12-07 07:00:00,0.9797
2024-12-07 08:00:00,0.9758
2024-12-07 09:00:00,0.9657
2024-12-07 10:00:00,0.9422
2024-12-07 11:00:00,0.9062
2024-12-07 12:00:00,0.8692
2024-12-07 13:00:00,0.8363
2024-12-07 14:00:00,0.7893
2024-12-07 15:00:00,0.7187
2024-12-07 16:00:00,0.6788
2024-12-07 17:00:00,0.6877
2024-12-07 18:00:00,0.7022
2024-12-07 19:00:00,0.7172
2024-12-07 20:00:00,0.7434
2024-12-07 21:00:00,0.7956
2024-12-07 22:00:00,0.8434
2024-12-07 23:00:00,0.8833
2024-12-08 00:00:00,0.9171
2024-12-08 01:00:00,0.9434
2024-12-08 02:00:00,0.9579
2024-12-08 03:00:00,0.9661
2024-12-08 04:00:00,0.9718
2024-12-08 05:00:00,0.9756
2024-12-08 06:00:00,0.9773
2024-12-08 07:00:00,0.9772
2024-12-08 08:00:00,0.9756
2024-12-08 09:00:00,0.9733
2024-12-08 10:00:00,0.9708
2024-12-08 11:00:00,0.9689
2024-12-08 12:00:00,0.9685
2024-12-08 13:00:00,0.9705
2024-12-08 14:00:00,0.9717
2024-12-08 15:00:00,0.9721
2024-12-08 16:00:00,0.971
2024-12-08 17:00:00,0.9682
2024-12-08 18:00:00,0.9654
2024-12-08 19:00:00,0.967
2024-12-08 20:00:00,0.9695
2024-12-08 21:00:00,0.9727
2024-12-08 22:00:00,0.9757
2024-12-08 23:00:00,0.9767
2024-12-09 00:00:00,0.9767
2024-12-09 01:00:00,0.9755
2024-12-09 02:00:00,0.9755
2024-12-09 03:00:00,0.9767
2024-12-09 04:00:00,0.9791
2024-12-09 05:00:00,0.9819
2024-12-09 06:00:00,0.9834
2024-12-09 07:00:00,0.9834
2024-12-09 08:00:00,0.9841
2024-12-09 09:00:00,0.9849
2024-12-09 10:00:00,0.9861
2024-12-09 11:00:00,0.9876
2024-12-09 12:00:00,0.9888
2024-12-09 13:00:00,0.9892
2024-12-09 14:00:00,0.9894
2024-12-09 15:00:00,0.9893
2024-12-09 16:00:00,0.9882
2024-12-09 17:00:00,0.9863
2024-12-09 18:00:00,0.9838
2024-12-09 19:00:00,0.9803
2024-12-09 20:00:00,0.9754
2024-12-09 21:00:00,0.9702
2024-12-09 22:00:00,0.9626
2024-12-09 23:00:00,0.9515
2024-12-10 00:00:00,0.9367
2024-12-10 01:00:00,0.923
2024-12-10 02:00:00,0.9145
2024-12-10 03:00:00,0.9145
2024-12-10 04:00:00,0.9156
2024-12-10 05:00:00,0.9124
2024-12-10 06:00:00,0.9052
2024-12-10 07:00:00,0.8963
2024-12-10 08:00:00,0.8835
2024-12-10 09:00:00,0.8678
2024-12-10 10:00:00,0.8522
2024-12-10 11:00:00,0.8339
2024-12-10 12:00:00,0.8228
2024-12-10 13:00:00,0.8199
2024-12-10 14:00:00,0.8243
2024-12-10 15:00:00,0.8336
2024-12-10 16:00:00,0.8339
2024-12-10 17:00:00,0.8179
2024-12-10 18:00:00,0.7883
2024-12-10 19:00:00,0.7443
2024-12-10 20:00:00,0.6963
2024-12-10 21:00:00,0.6432
2024-12-10 22:00:00,0.591
2024-12-10 23:00:00,0.5409
2024-12-11 00:00:00,0.4891
2024-12-11 01:00:00,0.4455
2024-12-11 02:00:00,0.4112
2024-12-11 03:00:00,0.3979
2024-12-11 04:00:00,0.4018
2024-12-11 05:00:00,0.406
2024-12-11 06:00:00,0.4032
2024-12-11 07:00:00,0.3852
2024-12-11 08:00:00,0.3559
2024-12-11 09:00:00,0.3209
2024-12-11 10:00:00,0.2887
2024-12-11 11:00:00,0.2617
2024-12-11 12:00:00,0.2629
2024-12-11 13:00:00,0.2932
2024-12-11 14:00:00,0.3435
2024-12-11 15:00:00,0.3998
2024-12-11 16:00:00,0.4586
2024-12-11 17:00:00,0.486
2024-12-11 18:00:00,0.49
2024-12-11 19:00:00,0.4688
2024-12-11 20:00:00,0.4241
2024-12-11 21:00:00,0.3819
2024-12-11 22:00:00,0.345
2024-12-11 23:00:00,0.3166
2024-12-12 00:00:00,0.3028
2024-12-12 01:00:00,0.2994
2024-12-12 02:00:00,0.2902
2024-12-12 03:00:00,0.2759
2024-12-12 04:00:00,0.2573
2024-12-12 05:00:00,0.2398
2024-12-12 06:00:00,0.2284
2024-12-12 07:00:00,0.223
2024-12-12 08:00:00,0.2195
2024-12-12 09:00:00,0.2122
2024-12-12 10:00:00,0.2006
2024-12-12 11:00:00,0.1852
2024-12-12 12:00:00,0.1757
2024-12-12 13:00:00,0.1769
2024-12-12 14:00:00,0.19
2024-12-12 15:00:00,0.2211
2024-12-12 16:00:00,0.2631
2024-12-12 17:00:00,0.3017
2024-12-12 18:00:00,0.331
2024-12-12 19:00:00,0.3445
2024-12-12 20:00:00,0.3427
2024-12-12 21:00:00,0.3329
2024-12-12 22:00:00,0.3195
2024-12-12 23:00:00,0.309
2024-12-13 00:00:00,0.3039
2024-12-13 01:00:00,0.3115
2024-12-13 02:00:00,0.3311
2024-12-13 03:00:00,0.3567
2024-12-13 04:00:00,0.375
2024-12-13 05:00:00,0.3785
2024-12-13 06:00:00,0.3686
2024-12-13 07:00:00,0.343
2024-12-13 08:00:00,0.3114
2024-12-13 09:00:00,0.272
2024-12-13 10:00:00,0.2403
2024-12-13 11:00:00,0.2201
2024-12-13 12:00:00,0.2059
2024-12-13 13:00:00,0.1881
2024-12-13 14:00:00,0.1666
2024-12-13 15:00:00,0.1592
2024-12-13 16:00:00,0.163
2024-12-13 17:00:00,0.1818
2024-12-13 18:00:00,0.2226
2024-12-13 19:00:00,0.283
2024-12-13 20:00:00,0.3484
2024-12-13 21:00:00,0.4059
2024-12-13 22:00:00,0.4366
2024-12-13 23:00:00,0.4469
2024-12-14 00:00:00,0.448
2024-12-14 01:00:00,0.4653
2024-12-14 02:00:00,0.5185
2024-12-14 03:00:00,0.606
2024-12-14 04:00:00,0.6673
2024-12-14 05:00:00,0.6829
2024-12-14 06:00:00,0.6872
2024-12-14 07:00:00,0.694
2024-12-14 08:00:00,0.7106
2024-12-14 09:00:00,0.737
2024-12-14 10:00:00,0.7521
2024-12-14 11:00:00,0.7687
2024-12-14 12:00:00,0.8091
2024-12-14 13:00:00,0.8397
2024-12-14 14:00:00,0.8408
2024-12-14 15:00:00,0.85
2024-12-14 16:00:00,0.8619
2024-12-14 17:00:00,0.8567
2024-12-14 18:00:00,0.8337
2024-12-14 19:00:00,0.8196
2024-12-14 20:00:00,0.8301
2024-12-14 21:00:00,0.8423
2024-12-14 22:00:00,0.8458
2024-12-14 23:00:00,0.839
2024-12-15 00:00:00,0.827
2024-12-15 01:00:00,0.826
2024-12-15 02:00:00,0.8346
2024-12-15 03:00:00,0.8425
2024-12-15 04:00:00,0.8438
2024-12-15 05:00:00,0.8594
2024-12-15 06:00:00,0.8853
2024-12-15 07:00:00,0.8969
2024-12-15 08:00:00,0.9046
2024-12-15 09:00:00,0.9012
2024-12-15 10:00:00,0.9026
2024-12-15 11:00:00,0.9229
2024-12-15 12:00:00,0.9341
2024-12-15 13:00:00,0.9397
2024-12-15 14:00:00,0.9367
2024-12-15 15:00:00,0.9357
2024-12-15 16:00:00,0.9394
2024-12-15 17:00:00,0.9469
2024-12-15 18:00:00,0.9577
2024-12-15 19:00:00,0.9669
2024-12-15 20:00:00,0.974
2024-12-15 21:00:00,0.9783
2024-12-15 22:00:00,0.9712
2024-12-15 23:00:00,0.9653
2024-12-16 00:00:00,0.9632
2024-12-16 01:00:00,0.9655
2024-12-16 02:00:00,0.9697
2024-12-16 03:00:00,0.9728
2024-12-16 04:00:00,0.9748
2024-12-16 05:00:00,0.9761
2024-12-16 06:00:00,0.9777
2024-12-16 07:00:00,0.9763
2024-12-16 08:00:00,0.9742
2024-12-16 09:00:00,0.9733
2024-12-16 10:00:00,0.9734
2024-12-16 11:00:00,0.9749
2024-12-16 12:00:00,0.9744
2024-12-16 13:00:00,0.9741
2024-12-16 14:00:00,0.9712
2024-12-16 15:00:00,0.9666
2024-12-16 16:00:00,0.9611
2024-12-16 17:00:00,0.96
2024-12-16 18:00:00,0.9603
2024-12-16 19:00:00,0.9599
2024-12-16 20:00:00,0.9577
2024-12-16 21:00:00,0.9562
2024-12-16 22:00:00,0.9534
2024-12-16 23:00:00,0.9482
2024-12-17 00:00:00,0.9453
2024-12-17 01:00:00,0.9362
2024-12-17 02:00:00,0.913
2024-12-17 03:00:00,0.8898
2024-12-17 04:00:00,0.8659
2024-12-17 05:00:00,0.8524
2024-12-17 06:00:00,0.8443
2024-12-17 07:00:00,0.8325
2024-12-17 08:00:00,0.8091
2024-12-17 09:00:00,0.7708
2024-12-17 10:00:00,0.7422
2024-12-17 11:00:00,0.7292
2024-12-17 12:00:00,0.7167
2024-12-17 13:00:00,0.7044
2024-12-17 14:00:00,0.6956
2024-12-17 15:00:00,0.7266
2024-12-17 16:00:00,0.8104
2024-12-17 17:00:00,0.8813
2024-12-17 18:00:00,0.9275
2024-12-17 19:00:00,0.9543
2024-12-17 20:00:00,0.968
2024-12-17 21:00:00,0.975
2024-12-17 22:00:00,0.9774
2024-12-17 23:00:00,0.9804
2024-12-18 00:00:00,0.9794
2024-12-18 01:00:00,0.9797
2024-12-18 02:00:00,0.9816
2024-12-18 03:00:00,0.9822
2024-12-18 04:00:00,0.9845
2024-12-18 05:00:00,0.9844
2024-12-18 06:00:00,0.9824
2024-12-18 07:00:00,0.9791
2024-12-18 08:00:00,0.9661
2024-12-18 09:00:00,0.9384
2024-12-18 10:00:00,0.8891
2024-12-18 11:00:00,0.8718
2024-12-18 12:00:00,0.8876
2024-12-18 13:00:00,0.919
2024-12-18 14:00:00,0.9572
2024-12-18 15:00:00,0.9852
2024-12-18 16:00:00,0.9882
2024-12-18 17:00:00,0.9805
2024-12-18 18:00:00,0.9701
2024-12-18 19:00:00,0.957
2024-12-18 20:00:00,0.9421
2024-12-18 21:00:00,0.9108
2024-12-18 22:00:00,0.8324
2024-12-18 23:00:00,0.6849
2024-12-19 00:00:00,0.6424
2024-12-19 01:00:00,0.6621
2024-12-19 02:00:00,0.8203
2024-12-19 03:00:00,0.9415
2024-12-19 04:00:00,0.9811
2024-12-19 05:00:00,0.9661
2024-12-19 06:00:00,0.958
2024-12-19 07:00:00,0.9585
2024-12-19 08:00:00,0.9623
2024-12-19 09:00:00,0.965
2024-12-19 10:00:00,0.9651
2024-12-19 11:00:00,0.9677
2024-12-19 12:00:00,0.974
2024-12-19 13:00:00,0.9794
2024-12-19 14:00:00,0.9826
2024-12-19 15:00:00,0.985
2024-12-19 16:00:00,0.9818
2024-12-19 17:00:00,0.9696
2024-12-19 18:00:00,0.9676
2024-12-19 19:00:00,0.966
2024-12-19 20:00:00,0.9687
2024-12-19 21:00:00,0.9778
2024-12-19 22:00:00,0.9827
2024-12-19 23:00:00,0.9826
2024-12-20 00:00:00,0.9791
2024-12-20 01:00:00,0.9763
2024-12-20 02:00:00,0.9739
2024-12-20 03:00:00,0.9624
2024-12-20 04:00:00,0.9397
2024-12-20 05:00:00,0.9141
2024-12-20 06:00:00,0.8927
2024-12-20 07:00:00,0.8676
2024-12-20 08:00:00,0.8483
2024-12-20 09:00:00,0.8534
2024-12-20 10:00:00,0.8671
2024-12-20 11:00:00,0.8927
2024-12-20 12:00:00,0.9158
2024-12-20 13:00:00,0.929
2024-12-20 14:00:00,0.9368
2024-12-20 15:00:00,0.9444
2024-12-20 16:00:00,0.9486
2024-12-20 17:00:00,0.9523
2024-12-20 18:00:00,0.9564
2024-12-20 19:00:00,0.9608
2024-12-20 20:00:00,0.9582
2024-12-20 21:00:00,0.9488
2024-12-20 22:00:00,0.9295
2024-12-20 23:00:00,0.8888
2024-12-21 00:00:00,0.8573
2024-12-21 01:00:00,0.8292
2024-12-21 02:00:00,0.8109
2024-12-21 03:00:00,0.7942
2024-12-21 04:00:00,0.7989
2024-12-21 05:00:00,0.8411
2024-12-21 06:00:00,0.894
2024-12-21 07:00:00,0.9358
2024-12-21 08:00:00,0.9642
2024-12-21 09:00:00,0.9802
2024-12-21 10:00:00,0.9825
2024-12-21 11:00:00,0.9728
2024-12-21 12:00:00,0.9616
2024-12-21 13:00:00,0.9735
2024-12-21 14:00:00,0.9862
2024-12-21 15:00:00,0.9898
2024-12-21 16:00:00,0.9897
2024-12-21 17:00:00,0.9866
2024-12-21 18:00:00,0.9841
2024-12-21 19:00:00,0.9844
2024-12-21 20:00:00,0.9869
2024-12-21 21:00:00,0.9875
2024-12-21 22:00:00,0.9863
2024-12-21 23:00:00,0.9859
2024-12-22 00:00:00,0.9876
2024-12-22 01:00:00,0.9883
2024-12-22 02:00:00,0.9874
2024-12-22 03:00:00,0.9886
2024-12-22 04:00:00,0.9885
2024-12-22 05:00:00,0.9877
2024-12-22 06:00:00,0.9874
2024-12-22 07:00:00,0.9881
2024-12-22 08:00:00,0.9886
2024-12-22 09:00:00,0.988
2024-12-22 10:00:00,0.9883
2024-12-22 11:00:00,0.9889
2024-12-22 12:00:00,0.9876
2024-12-22 13:00:00,0.985
2024-12-22 14:00:00,0.9824
2024-12-22 15:00:00,0.9802
2024-12-22 16:00:00,0.9755
2024-12-22 17:00:00,0.9665
2024-12-22 18:00:00,0.9614
2024-12-22 19:00:00,0.954
2024-12-22 20:00:00,0.9516
2024-12-22 21:00:00,0.9547
2024-12-22 22:00:00,0.9437
2024-12-22 23:00:00,0.9213
2024-12-23 00:00:00,0.9041
2024-12-23 01:00:00,0.9003
2024-12-23 02:00:00,0.9086
2024-12-23 03:00:00,0.9291
2024-12-23 04:00:00,0.9528
2024-12-23 05:00:00,0.9708
2024-12-23 06:00:00,0.9797
2024-12-23 07:00:00,0.9842
2024-12-23 08:00:00,0.9857
2024-12-23 09:00:00,0.9842
2024-12-23 10:00:00,0.9802
2024-12-23 11:00:00,0.9733
2024-12-23 12:00:00,0.9658
2024-12-23 13:00:00,0.9564
2024-12-23 14:00:00,0.942
2024-12-23 15:00:00,0.9242
2024-12-23 16:00:00,0.9037
2024-12-23 17:00:00,0.8706
2024-12-23 18:00:00,0.8179
2024-12-23 19:00:00,0.7404
2024-12-23 20:00:00,0.6538
2024-12-23 21:00:00,0.5652
2024-12-23 22:00:00,0.4673
2024-12-23 23:00:00,0.3869
2024-12-24 00:00:00,0.3712
2024-12-24 01:00:00,0.4436
2024-12-24 02:00:00,0.5684
2024-12-24 03:00:00,0.6485
2024-12-24 04:00:00,0.6804
2024-12-24 05:00:00,0.6815
2024-12-24 06:00:00,0.7042
2024-12-24 07:00:00,0.7326
2024-12-24 08:00:00,0.748
2024-12-24 09:00:00,0.7391
2024-12-24 10:00:00,0.7323
2024-12-24 11:00:00,0.741
2024-12-24 12:00:00,0.7503
2024-12-24 13:00:00,0.7285
2024-12-24 14:00:00,0.7088
2024-12-24 15:00:00,0.7064
2024-12-24 16:00:00,0.6946
2024-12-24 17:00:00,0.6824
2024-12-24 18:00:00,0.6799
2024-12-24 19:00:00,0.6745
2024-12-24 20:00:00,0.6541
2024-12-24 21:00:00,0.6261
2024-12-24 22:00:00,0.6037
2024-12-24 23:00:00,0.587
2024-12-25 00:00:00,0.576
2024-12-25 01:00:00,0.5692
2024-12-25 02:00:00,0.5562
2024-12-25 03:00:00,0.5163
2024-12-25 04:00:00,0.4636
2024-12-25 05:00:00,0.4406
2024-12-25 06:00:00,0.4613
2024-12-25 07:00:00,0.4984
2024-12-25 08:00:00,0.5192
2024-12-25 09:00:00,0.5114
2024-12-25 10:00:00,0.4821
2024-12-25 11:00:00,0.4426
2024-12-25 12:00:00,0.3914
2024-12-25 13:00:00,0.3467
2024-12-25 14:00:00,0.3129
2024-12-25 15:00:00,0.1401
2024-12-25 16:00:00,0.3295
2024-12-25 17:00:00,0.3499
2024-12-25 18:00:00,0.3622
2024-12-25 19:00:00,0.369
2024-12-25 20:00:00,0.3673
2024-12-25 21:00:00,0.3551
2024-12-25 22:00:00,0.3381
2024-12-25 23:00:00,0.3187
2024-12-26 00:00:00,0.2902
2024-12-26 01:00:00,0.2757
2024-12-26 02:00:00,0.292
2024-12-26 03:00:00,0.3104
2024-12-26 04:00:00,0.3009
2024-12-26 05:00:00,0.2845
2024-12-26 06:00:00,0.2766
2024-12-26 07:00:00,0.2665
2024-12-26 08:00:00,0.2453
2024-12-26 09:00:00,0.221
2024-12-26 10:00:00,0.1946
2024-12-26 11:00:00,0.1627
2024-12-26 12:00:00,0.1443
2024-12-26 13:00:00,0.1469
2024-12-26 14:00:00,0.1607
2024-12-26 15:00:00,0.1659
2024-12-26 16:00:00,0.1535
2024-12-26 17:00:00,0.1325
2024-12-26 18:00:00,0.1172
2024-12-26 19:00:00,0.1127
2024-12-26 20:00:00,0.1151
2024-12-26 21:00:00,0.1266
2024-12-26 22:00:00,0.1447
2024-12-26 23:00:00,0.1509
2024-12-27 00:00:00,0.1438
2024-12-27 01:00:00,0.1341
2024-12-27 02:00:00,0.1341
2024-12-27 03:00:00,0.1476
2024-12-27 04:00:00,0.1593
2024-12-27 05:00:00,0.157
2024-12-27 06:00:00,0.1457
2024-12-27 07:00:00,0.1412
2024-12-27 08:00:00,0.14
2024-12-27 09:00:00,0.1401
2024-12-27 10:00:00,0.1465
2024-12-27 11:00:00,0.15
2024-12-27 12:00:00,0.1442
2024-12-27 13:00:00,0.1348
2024-12-27 14:00:00,0.1243
2024-12-27 15:00:00,0.1112
2024-12-27 16:00:00,0.0983
2024-12-27 17:00:00,0.0874
2024-12-27 18:00:00,0.0818
2024-12-27 19:00:00,0.0828
2024-12-27 20:00:00,0.0894
2024-12-27 21:00:00,0.0975
2024-12-27 22:00:00,0.104
2024-12-27 23:00:00,0.107
2024-12-28 00:00:00,0.1083
2024-12-28 01:00:00,0.11
2024-12-28 02:00:00,0.1165
2024-12-28 03:00:00,0.1274
2024-12-28 04:00:00,0.1384
2024-12-28 05:00:00,0.155
2024-12-28 06:00:00,0.1776
2024-12-28 07:00:00,0.2034
2024-12-28 08:00:00,0.2205
2024-12-28 09:00:00,0.2381
2024-12-28 10:00:00,0.2702
2024-12-28 11:00:00,0.3068
2024-12-28 12:00:00,0.3347
2024-12-28 13:00:00,0.3516
2024-12-28 14:00:00,0.3581
2024-12-28 15:00:00,0.3699
2024-12-28 16:00:00,0.3935
2024-12-28 17:00:00,0.4134
2024-12-28 18:00:00,0.4346
2024-12-28 19:00:00,0.45
2024-12-28 20:00:00,0.4551
2024-12-28 21:00:00,0.4512
2024-12-28 22:00:00,0.4391
2024-12-28 23:00:00,0.4281
2024-12-29 00:00:00,0.4237
2024-12-29 01:00:00,0.4144
2024-12-29 02:00:00,0.4062
2024-12-29 03:00:00,0.4203
2024-12-29 04:00:00,0.4683
2024-12-29 05:00:00,0.5286
2024-12-29 06:00:00,0.5707
2024-12-29 07:00:00,0.6141
2024-12-29 08:00:00,0.6566
2024-12-29 09:00:00,0.6925
2024-12-29 10:00:00,0.7257
2024-12-29 11:00:00,0.7658
2024-12-29 12:00:00,0.8007
2024-12-29 13:00:00,0.826
2024-12-29 14:00:00,0.844
2024-12-29 15:00:00,0.8623
2024-12-29 16:00:00,0.886
2024-12-29 17:00:00,0.9042
2024-12-29 18:00:00,0.9137
2024-12-29 19:00:00,0.9245
2024-12-29 20:00:00,0.9318
2024-12-29 21:00:00,0.939
2024-12-29 22:00:00,0.9434
2024-12-29 23:00:00,0.9425
2024-12-30 00:00:00,0.9424
2024-12-30 01:00:00,0.9434
2024-12-30 02:00:00,0.945
2024-12-30 03:00:00,0.9392
2024-12-30 04:00:00,0.9327
2024-12-30 05:00:00,0.9311
2024-12-30 06:00:00,0.9306
2024-12-30 07:00:00,0.9318
2024-12-30 08:00:00,0.9382
2024-12-30 09:00:00,0.9475
2024-12-30 10:00:00,0.9577
2024-12-30 11:00:00,0.9672
2024-12-30 12:00:00,0.9726
2024-12-30 13:00:00,0.9752
2024-12-30 14:00:00,0.9762
2024-12-30 15:00:00,0.9764
2024-12-30 16:00:00,0.9765
2024-12-30 17:00:00,0.9742
2024-12-30 18:00:00,0.9703
2024-12-30 19:00:00,0.9628
2024-12-30 20:00:00,0.9557
2024-12-30 21:00:00,0.9469
2024-12-30 22:00:00,0.9349
2024-12-30 23:00:00,0.9296
2024-12-31 00:00:00,0.9248
2024-12-31 01:00:00,0.9264
2024-12-31 02:00:00,0.9392
2024-12-31 03:00:00,0.951
2024-12-31 04:00:00,0.9588
2024-12-31 05:00:00,0.963
2024-12-31 06:00:00,0.9663
2024-12-31 07:00:00,0.9696
2024-12-31 08:00:00,0.9747
2024-12-31 09:00:00,0.9794
2024-12-31 10:00:00,0.9812
2024-12-31 11:00:00,0.9811
2024-12-31 12:00:00,0.9786
2024-12-31 13:00:00,0.9761
2024-12-31 14:00:00,0.973
2024-12-31 15:00:00,0.9629
2024-12-31 16:00:00,0.9506
2024-12-31 17:00:00,0.9349
2024-12-31 18:00:00,0.9219
2024-12-31 19:00:00,0.8987
2024-12-31 20:00:00,0.8669
2024-12-31 21:00:00,0.8409
2024-12-31 22:00:00,0.7967
2024-12-31 23:00:00,0.7691
