nodes,NLD
techs,demand_power
2025-01-01 00:00:00,12567.367
2025-01-01 01:00:00,11937.461
2025-01-01 02:00:00,11899.61
2025-01-01 03:00:00,11692.961
2025-01-01 04:00:00,11338.905
2025-01-01 05:00:00,11624.468
2025-01-01 06:00:00,12073.696
2025-01-01 07:00:00,11464.126
2025-01-01 08:00:00,11353.242
2025-01-01 09:00:00,11448.476
2025-01-01 10:00:00,11139.178
2025-01-01 11:00:00,11109.303
2025-01-01 12:00:00,11081.938
2025-01-01 13:00:00,11482.714
2025-01-01 14:00:00,12439.336
2025-01-01 15:00:00,14108.159
2025-01-01 16:00:00,14601.759
2025-01-01 17:00:00,13728.454
2025-01-01 18:00:00,13298.753
2025-01-01 19:00:00,12931.209
2025-01-01 20:00:00,13001.928
2025-01-01 21:00:00,13178.637
2025-01-01 22:00:00,13118.063
2025-01-01 23:00:00,12718.061
2025-01-02 00:00:00,12140.342
2025-01-02 01:00:00,9961.972
2025-01-02 02:00:00,8956.677
2025-01-02 03:00:00,9089.05
2025-01-02 04:00:00,9757.282
2025-01-02 05:00:00,11138.531
2025-01-02 06:00:00,12476.433
2025-01-02 07:00:00,13196.917
2025-01-02 08:00:00,14234.311
2025-01-02 09:00:00,16370.065
2025-01-02 10:00:00,18823.594
2025-01-02 11:00:00,21107.862
2025-01-02 12:00:00,21413.708
2025-01-02 13:00:00,20693.944
2025-01-02 14:00:00,18607.581
2025-01-02 15:00:00,17256.526
2025-01-02 16:00:00,17028.556
2025-01-02 17:00:00,17198.422
2025-01-02 18:00:00,16426.593
2025-01-02 19:00:00,16078.361
2025-01-02 20:00:00,14850.58
2025-01-02 21:00:00,13696.816
2025-01-02 22:00:00,12146.729
2025-01-02 23:00:00,10883.537
2025-01-03 00:00:00,10763.005
2025-01-03 01:00:00,10784.342
2025-01-03 02:00:00,10632.064
2025-01-03 03:00:00,10859.761
2025-01-03 04:00:00,11945.656
2025-01-03 05:00:00,13451.666
2025-01-03 06:00:00,14862.114
2025-01-03 07:00:00,15818.964
2025-01-03 08:00:00,16829.597
2025-01-03 09:00:00,18785.167
2025-01-03 10:00:00,19735.266
2025-01-03 11:00:00,19003.444
2025-01-03 12:00:00,17691.584
2025-01-03 13:00:00,18210.089
2025-01-03 14:00:00,18522.459
2025-01-03 15:00:00,17594.304
2025-01-03 16:00:00,17198.557
2025-01-03 17:00:00,16557.922
2025-01-03 18:00:00,15846.344
2025-01-03 19:00:00,14944.592
2025-01-03 20:00:00,14381.588
2025-01-03 21:00:00,13168.622
2025-01-03 22:00:00,11786.177
2025-01-03 23:00:00,11122.082
2025-01-04 00:00:00,11011.073
2025-01-04 01:00:00,10275.898
2025-01-04 02:00:00,9414.952
2025-01-04 03:00:00,9549.357
2025-01-04 04:00:00,9832.755
2025-01-04 05:00:00,10654.768
2025-01-04 06:00:00,11255.181
2025-01-04 07:00:00,12769.7
2025-01-04 08:00:00,14002.699
2025-01-04 09:00:00,15582.943
2025-01-04 10:00:00,16342.67
2025-01-04 11:00:00,17614.492
2025-01-04 12:00:00,17985.548
2025-01-04 13:00:00,17148.527
2025-01-04 14:00:00,16348.863
2025-01-04 15:00:00,14801.635
2025-01-04 16:00:00,14310.114
2025-01-04 17:00:00,14192.492
2025-01-04 18:00:00,14180.519
2025-01-04 19:00:00,13993.701
2025-01-04 20:00:00,13322.684
2025-01-04 21:00:00,13092.176
2025-01-04 22:00:00,12643.099
2025-01-04 23:00:00,10376.931
2025-01-05 00:00:00,9273.527
2025-01-05 01:00:00,8748.548
2025-01-05 02:00:00,9461.506
2025-01-05 03:00:00,9787.91
2025-01-05 04:00:00,10930.86
2025-01-05 05:00:00,11952.344
2025-01-05 06:00:00,12794.145
2025-01-05 07:00:00,13949.318
2025-01-05 08:00:00,14033.613
2025-01-05 09:00:00,14342.5
2025-01-05 10:00:00,15198.57
2025-01-05 11:00:00,15377.755
2025-01-05 12:00:00,14043.002
2025-01-05 13:00:00,13646.764
2025-01-05 14:00:00,13328.895
2025-01-05 15:00:00,13156.134
2025-01-05 16:00:00,13197.175
2025-01-05 17:00:00,13311.905
2025-01-05 18:00:00,13141.552
2025-01-05 19:00:00,13061.523
2025-01-05 20:00:00,13428.119
2025-01-05 21:00:00,13765.074
2025-01-05 22:00:00,13769.096
2025-01-05 23:00:00,13603.72
2025-01-06 00:00:00,13626.88
2025-01-06 01:00:00,13673.567
2025-01-06 02:00:00,13666.665
2025-01-06 03:00:00,13710.689
2025-01-06 04:00:00,13897.403
2025-01-06 05:00:00,14096.074
2025-01-06 06:00:00,14548.073
2025-01-06 07:00:00,14964.863
2025-01-06 08:00:00,15108.344
2025-01-06 09:00:00,15389.542
2025-01-06 10:00:00,16020.241
2025-01-06 11:00:00,16381.711
2025-01-06 12:00:00,15707.771
2025-01-06 13:00:00,13891.535
2025-01-06 14:00:00,12943.655
2025-01-06 15:00:00,13307.503
2025-01-06 16:00:00,14034.786
2025-01-06 17:00:00,15117.944
2025-01-06 18:00:00,15258.071
2025-01-06 19:00:00,14697.721
2025-01-06 20:00:00,14353.052
2025-01-06 21:00:00,13910.703
2025-01-06 22:00:00,13463.589
2025-01-06 23:00:00,13106.693
2025-01-07 00:00:00,13072.854
2025-01-07 01:00:00,12882.346
2025-01-07 02:00:00,12773.927
2025-01-07 03:00:00,12757.26
2025-01-07 04:00:00,13106.457
2025-01-07 05:00:00,13871.964
2025-01-07 06:00:00,15274.636
2025-01-07 07:00:00,16466.309
2025-01-07 08:00:00,16507.089
2025-01-07 09:00:00,17222.957
2025-01-07 10:00:00,18101.725
2025-01-07 11:00:00,18656.077
2025-01-07 12:00:00,19094.047
2025-01-07 13:00:00,18044.611
2025-01-07 14:00:00,17469.163
2025-01-07 15:00:00,17732.423
2025-01-07 16:00:00,17467.842
2025-01-07 17:00:00,17377.863
2025-01-07 18:00:00,16746.039
2025-01-07 19:00:00,16077.26
2025-01-07 20:00:00,15177.413
2025-01-07 21:00:00,14216.88
2025-01-07 22:00:00,13439.992
2025-01-07 23:00:00,12845.221
2025-01-08 00:00:00,12398.506
2025-01-08 01:00:00,12224.766
2025-01-08 02:00:00,12420.533
2025-01-08 03:00:00,12167.74
2025-01-08 04:00:00,12571.94
2025-01-08 05:00:00,12940.48
2025-01-08 06:00:00,14756.432
2025-01-08 07:00:00,16025.095
2025-01-08 08:00:00,16605.484
2025-01-08 09:00:00,18420.84
2025-01-08 10:00:00,19547.323
2025-01-08 11:00:00,19730.795
2025-01-08 12:00:00,19389.457
2025-01-08 13:00:00,17414.477
2025-01-08 14:00:00,16444.93
2025-01-08 15:00:00,15882.501
2025-01-08 16:00:00,15896.112
2025-01-08 17:00:00,15840.622
2025-01-08 18:00:00,15881.411
2025-01-08 19:00:00,15221.767
2025-01-08 20:00:00,13649.022
2025-01-08 21:00:00,12322.943
2025-01-08 22:00:00,10652.351
2025-01-08 23:00:00,9884.75
2025-01-09 00:00:00,9243.009
2025-01-09 01:00:00,8894.132
2025-01-09 02:00:00,8651.281
2025-01-09 03:00:00,9016.366
2025-01-09 04:00:00,9929.364
2025-01-09 05:00:00,13328.623
2025-01-09 06:00:00,16299.732
2025-01-09 07:00:00,16648.736
2025-01-09 08:00:00,16629.544
2025-01-09 09:00:00,17245.471
2025-01-09 10:00:00,18584.653
2025-01-09 11:00:00,21817.018
2025-01-09 12:00:00,24358.065
2025-01-09 13:00:00,24560.05
2025-01-09 14:00:00,24308.318
2025-01-09 15:00:00,22070.988
2025-01-09 16:00:00,22151.314
2025-01-09 17:00:00,21942.167
2025-01-09 18:00:00,21197.869
2025-01-09 19:00:00,18939.379
2025-01-09 20:00:00,17751.399
2025-01-09 21:00:00,15840.312
2025-01-09 22:00:00,14367.947
2025-01-09 23:00:00,13670.298
2025-01-10 00:00:00,12656.79
2025-01-10 01:00:00,11932.225
2025-01-10 02:00:00,11319.054
2025-01-10 03:00:00,11123.55
2025-01-10 04:00:00,11933.618
2025-01-10 05:00:00,14425.93
2025-01-10 06:00:00,17910.54
2025-01-10 07:00:00,20192.035
2025-01-10 08:00:00,20662.71
2025-01-10 09:00:00,23406.326
2025-01-10 10:00:00,25307.312
2025-01-10 11:00:00,25795.595
2025-01-10 12:00:00,25654.957
2025-01-10 13:00:00,23768.501
2025-01-10 14:00:00,21758.278
2025-01-10 15:00:00,18584.904
2025-01-10 16:00:00,17997.704
2025-01-10 17:00:00,17412.608
2025-01-10 18:00:00,16757.069
2025-01-10 19:00:00,16714.108
2025-01-10 20:00:00,15593.393
2025-01-10 21:00:00,14339.232
2025-01-10 22:00:00,12470.433
2025-01-10 23:00:00,11604.701
2025-01-11 00:00:00,11017.024
2025-01-11 01:00:00,10842.489
2025-01-11 02:00:00,11007.361
2025-01-11 03:00:00,10637.941
2025-01-11 04:00:00,10928.782
2025-01-11 05:00:00,11873.57
2025-01-11 06:00:00,12986.298
2025-01-11 07:00:00,13605.24
2025-01-11 08:00:00,15525.571
2025-01-11 09:00:00,18662.761
2025-01-11 10:00:00,19039.756
2025-01-11 11:00:00,18142.654
2025-01-11 12:00:00,18428.64
2025-01-11 13:00:00,18018.984
2025-01-11 14:00:00,17514.319
2025-01-11 15:00:00,15757.305
2025-01-11 16:00:00,15261.901
2025-01-11 17:00:00,14950.768
2025-01-11 18:00:00,14662.301
2025-01-11 19:00:00,14458.638
2025-01-11 20:00:00,13881.966
2025-01-11 21:00:00,13144.951
2025-01-11 22:00:00,11701.798
2025-01-11 23:00:00,11139.991
2025-01-12 00:00:00,10116.466
2025-01-12 01:00:00,9510.455
2025-01-12 02:00:00,9495.683
2025-01-12 03:00:00,9750.047
2025-01-12 04:00:00,9698.983
2025-01-12 05:00:00,9832.69
2025-01-12 06:00:00,10384.816
2025-01-12 07:00:00,10919.313
2025-01-12 08:00:00,11393.499
2025-01-12 09:00:00,12606.121
2025-01-12 10:00:00,13642.292
2025-01-12 11:00:00,15061.462
2025-01-12 12:00:00,14187.115
2025-01-12 13:00:00,14779.779
2025-01-12 14:00:00,15523.573
2025-01-12 15:00:00,15191.025
2025-01-12 16:00:00,14040.746
2025-01-12 17:00:00,14526.11
2025-01-12 18:00:00,13992.559
2025-01-12 19:00:00,14209.994
2025-01-12 20:00:00,14489.302
2025-01-12 21:00:00,14440.811
2025-01-12 22:00:00,12762.894
2025-01-12 23:00:00,12118.72
2025-01-13 00:00:00,12112.473
2025-01-13 01:00:00,12353.519
2025-01-13 02:00:00,12394.801
2025-01-13 03:00:00,12781.877
2025-01-13 04:00:00,14213.52
2025-01-13 05:00:00,17307.263
2025-01-13 06:00:00,18469.527
2025-01-13 07:00:00,19233.762
2025-01-13 08:00:00,20140.884
2025-01-13 09:00:00,24383.272
2025-01-13 10:00:00,25060.302
2025-01-13 11:00:00,25987.073
2025-01-13 12:00:00,25968.02
2025-01-13 13:00:00,25835.372
2025-01-13 14:00:00,24784.864
2025-01-13 15:00:00,20727.223
2025-01-13 16:00:00,19406.288
2025-01-13 17:00:00,18712.986
2025-01-13 18:00:00,19128.032
2025-01-13 19:00:00,17984.847
2025-01-13 20:00:00,15487.319
2025-01-13 21:00:00,13403.277
2025-01-13 22:00:00,12304.768
2025-01-13 23:00:00,12012.314
2025-01-14 00:00:00,11978.786
2025-01-14 01:00:00,12021.827
2025-01-14 02:00:00,12717.7
2025-01-14 03:00:00,13142.706
2025-01-14 04:00:00,13703.109
2025-01-14 05:00:00,15106.773
2025-01-14 06:00:00,17616.959
2025-01-14 07:00:00,18017.877
2025-01-14 08:00:00,17851.972
2025-01-14 09:00:00,18019.85
2025-01-14 10:00:00,18393.721
2025-01-14 11:00:00,18963.057
2025-01-14 12:00:00,19183.644
2025-01-14 13:00:00,18805.492
2025-01-14 14:00:00,16857.625
2025-01-14 15:00:00,17049.049
2025-01-14 16:00:00,16734.025
2025-01-14 17:00:00,15585.661
2025-01-14 18:00:00,15148.652
2025-01-14 19:00:00,14228.007
2025-01-14 20:00:00,13500.527
2025-01-14 21:00:00,12848.969
2025-01-14 22:00:00,11582.107
2025-01-14 23:00:00,10723.003
2025-01-15 00:00:00,10444.111
2025-01-15 01:00:00,10409.439
2025-01-15 02:00:00,10376.162
2025-01-15 03:00:00,10885.894
2025-01-15 04:00:00,12687.155
2025-01-15 05:00:00,15990.063
2025-01-15 06:00:00,17389.479
2025-01-15 07:00:00,17932.587
2025-01-15 08:00:00,18135.519
2025-01-15 09:00:00,18681.547
2025-01-15 10:00:00,18982.626
2025-01-15 11:00:00,19434.089
2025-01-15 12:00:00,19396.682
2025-01-15 13:00:00,19108.706
2025-01-15 14:00:00,18364.418
2025-01-15 15:00:00,17388.575
2025-01-15 16:00:00,17369.855
2025-01-15 17:00:00,17135.997
2025-01-15 18:00:00,17089.497
2025-01-15 19:00:00,17077.981
2025-01-15 20:00:00,16878.142
2025-01-15 21:00:00,16648.328
2025-01-15 22:00:00,15773.119
2025-01-15 23:00:00,16265.44
2025-01-16 00:00:00,16196.066
2025-01-16 01:00:00,15921.879
2025-01-16 02:00:00,15486.961
2025-01-16 03:00:00,15004.613
2025-01-16 04:00:00,16036.068
2025-01-16 05:00:00,16852.089
2025-01-16 06:00:00,17274.276
2025-01-16 07:00:00,17855.522
2025-01-16 08:00:00,18297.05
2025-01-16 09:00:00,19296.486
2025-01-16 10:00:00,19871.15
2025-01-16 11:00:00,20389.736
2025-01-16 12:00:00,20606.389
2025-01-16 13:00:00,20140.042
2025-01-16 14:00:00,19567.845
2025-01-16 15:00:00,18929.083
2025-01-16 16:00:00,18984.065
2025-01-16 17:00:00,18672.614
2025-01-16 18:00:00,18707.989
2025-01-16 19:00:00,18688.445
2025-01-16 20:00:00,18254.895
2025-01-16 21:00:00,18309.826
2025-01-16 22:00:00,18011.855
2025-01-16 23:00:00,16709.059
2025-01-17 00:00:00,16886.378
2025-01-17 01:00:00,16661.015
2025-01-17 02:00:00,16562.933
2025-01-17 03:00:00,16356.691
2025-01-17 04:00:00,16710.396
2025-01-17 05:00:00,17890.698
2025-01-17 06:00:00,18676.167
2025-01-17 07:00:00,18858.807
2025-01-17 08:00:00,18956.37
2025-01-17 09:00:00,18946.34
2025-01-17 10:00:00,19513.336
2025-01-17 11:00:00,20410.137
2025-01-17 12:00:00,20450.173
2025-01-17 13:00:00,20067.541
2025-01-17 14:00:00,19349.128
2025-01-17 15:00:00,18389.069
2025-01-17 16:00:00,18622.49
2025-01-17 17:00:00,18523.621
2025-01-17 18:00:00,18149.52
2025-01-17 19:00:00,17900.713
2025-01-17 20:00:00,17496.564
2025-01-17 21:00:00,16997.395
2025-01-17 22:00:00,16899.435
2025-01-17 23:00:00,16609.097
2025-01-18 00:00:00,16339.617
2025-01-18 01:00:00,16298.158
2025-01-18 02:00:00,15912.248
2025-01-18 03:00:00,15694.065
2025-01-18 04:00:00,15895.172
2025-01-18 05:00:00,16353.479
2025-01-18 06:00:00,17091.382
2025-01-18 07:00:00,17820.36
2025-01-18 08:00:00,18213.646
2025-01-18 09:00:00,18568.129
2025-01-18 10:00:00,18918.61
2025-01-18 11:00:00,20093.477
2025-01-18 12:00:00,20034.293
2025-01-18 13:00:00,19640.014
2025-01-18 14:00:00,18847.77
2025-01-18 15:00:00,18240.364
2025-01-18 16:00:00,18180.173
2025-01-18 17:00:00,18401.591
2025-01-18 18:00:00,18600.203
2025-01-18 19:00:00,18448.678
2025-01-18 20:00:00,17946.373
2025-01-18 21:00:00,17672.306
2025-01-18 22:00:00,17326.981
2025-01-18 23:00:00,16609.769
2025-01-19 00:00:00,16081.447
2025-01-19 01:00:00,15552.721
2025-01-19 02:00:00,15703.403
2025-01-19 03:00:00,15666.249
2025-01-19 04:00:00,15647.148
2025-01-19 05:00:00,15392.492
2025-01-19 06:00:00,15802.439
2025-01-19 07:00:00,16050.517
2025-01-19 08:00:00,16337.967
2025-01-19 09:00:00,16947.492
2025-01-19 10:00:00,17689.377
2025-01-19 11:00:00,18464.402
2025-01-19 12:00:00,18419.465
2025-01-19 13:00:00,18049.744
2025-01-19 14:00:00,17620.101
2025-01-19 15:00:00,17630.968
2025-01-19 16:00:00,17519.476
2025-01-19 17:00:00,18028.622
2025-01-19 18:00:00,17658.498
2025-01-19 19:00:00,17427.773
2025-01-19 20:00:00,17043.92
2025-01-19 21:00:00,16683.741
2025-01-19 22:00:00,16263.73
2025-01-19 23:00:00,16570.224
2025-01-20 00:00:00,16366.531
2025-01-20 01:00:00,16504.689
2025-01-20 02:00:00,16613.052
2025-01-20 03:00:00,16692.95
2025-01-20 04:00:00,17137.273
2025-01-20 05:00:00,17801.859
2025-01-20 06:00:00,18664.143
2025-01-20 07:00:00,19350.979
2025-01-20 08:00:00,19596.681
2025-01-20 09:00:00,20055.983
2025-01-20 10:00:00,20252.503
2025-01-20 11:00:00,20652.483
2025-01-20 12:00:00,21138.487
2025-01-20 13:00:00,21297.141
2025-01-20 14:00:00,21096.947
2025-01-20 15:00:00,20781.347
2025-01-20 16:00:00,20862.251
2025-01-20 17:00:00,20793.959
2025-01-20 18:00:00,21042.804
2025-01-20 19:00:00,21211.079
2025-01-20 20:00:00,21170.309
2025-01-20 21:00:00,20960.892
2025-01-20 22:00:00,19964.907
2025-01-20 23:00:00,19481.376
2025-01-21 00:00:00,18844.38
2025-01-21 01:00:00,18777.923
2025-01-21 02:00:00,19126.405
2025-01-21 03:00:00,19592.289
2025-01-21 04:00:00,20457.799
2025-01-21 05:00:00,21260.015
2025-01-21 06:00:00,21574.977
2025-01-21 07:00:00,21636.942
2025-01-21 08:00:00,21763.536
2025-01-21 09:00:00,22456.508
2025-01-21 10:00:00,22806.63
2025-01-21 11:00:00,22773.759
2025-01-21 12:00:00,22407.483
2025-01-21 13:00:00,21924.493
2025-01-21 14:00:00,21314.784
2025-01-21 15:00:00,20187.03
2025-01-21 16:00:00,19555.341
2025-01-21 17:00:00,19760.823
2025-01-21 18:00:00,19868.741
2025-01-21 19:00:00,19740.698
2025-01-21 20:00:00,19504.664
2025-01-21 21:00:00,19095.403
2025-01-21 22:00:00,18189.569
2025-01-21 23:00:00,17109.735
2025-01-22 00:00:00,16540.985
2025-01-22 01:00:00,16271.884
2025-01-22 02:00:00,15919.86
2025-01-22 03:00:00,16169.839
2025-01-22 04:00:00,16803.132
2025-01-22 05:00:00,17696.485
2025-01-22 06:00:00,18214.472
2025-01-22 07:00:00,18196.608
2025-01-22 08:00:00,18263.045
2025-01-22 09:00:00,19200.14
2025-01-22 10:00:00,19729.9
2025-01-22 11:00:00,19558.417
2025-01-22 12:00:00,19454.68
2025-01-22 13:00:00,18825.787
2025-01-22 14:00:00,18095.261
2025-01-22 15:00:00,17344.36
2025-01-22 16:00:00,16962.789
2025-01-22 17:00:00,16722.328
2025-01-22 18:00:00,16727.608
2025-01-22 19:00:00,15950.154
2025-01-22 20:00:00,14546.549
2025-01-22 21:00:00,13989.001
2025-01-22 22:00:00,12294.037
2025-01-22 23:00:00,11644.174
2025-01-23 00:00:00,10801.638
2025-01-23 01:00:00,11067.111
2025-01-23 02:00:00,11041.297
2025-01-23 03:00:00,11731.901
2025-01-23 04:00:00,13040.622
2025-01-23 05:00:00,14537.314
2025-01-23 06:00:00,16952.457
2025-01-23 07:00:00,17450.624
2025-01-23 08:00:00,17723.931
2025-01-23 09:00:00,18517.915
2025-01-23 10:00:00,18959.045
2025-01-23 11:00:00,19265.798
2025-01-23 12:00:00,19092.428
2025-01-23 13:00:00,19217.713
2025-01-23 14:00:00,18358.514
2025-01-23 15:00:00,18121.993
2025-01-23 16:00:00,18423.491
2025-01-23 17:00:00,17684.814
2025-01-23 18:00:00,17194.214
2025-01-23 19:00:00,16659.3
2025-01-23 20:00:00,15952.97
2025-01-23 21:00:00,15398.568
2025-01-23 22:00:00,14772.524
2025-01-23 23:00:00,13890.002
2025-01-24 00:00:00,12938.844
2025-01-24 01:00:00,12337.151
2025-01-24 02:00:00,12456.451
2025-01-24 03:00:00,12474.523
2025-01-24 04:00:00,12941.765
2025-01-24 05:00:00,14315.05
2025-01-24 06:00:00,15886.818
2025-01-24 07:00:00,16783.555
2025-01-24 08:00:00,17050.384
2025-01-24 09:00:00,17326.393
2025-01-24 10:00:00,17296.171
2025-01-24 11:00:00,17056.801
2025-01-24 12:00:00,16974.292
2025-01-24 13:00:00,16884.46
2025-01-24 14:00:00,16899.523
2025-01-24 15:00:00,16650.587
2025-01-24 16:00:00,16610.522
2025-01-24 17:00:00,16497.328
2025-01-24 18:00:00,15914.476
2025-01-24 19:00:00,14233.822
2025-01-24 20:00:00,12851.331
2025-01-24 21:00:00,11624.846
2025-01-24 22:00:00,10600.74
2025-01-24 23:00:00,9043.084
2025-01-25 00:00:00,8291.325
2025-01-25 01:00:00,7493.756
2025-01-25 02:00:00,7405.994
2025-01-25 03:00:00,6791.838
2025-01-25 04:00:00,6958.435
2025-01-25 05:00:00,7067.506
2025-01-25 06:00:00,7264.119
2025-01-25 07:00:00,7767.889
2025-01-25 08:00:00,8864.496
2025-01-25 09:00:00,9929.169
2025-01-25 10:00:00,10893.905
2025-01-25 11:00:00,12202.225
2025-01-25 12:00:00,12476.172
2025-01-25 13:00:00,13569.156
2025-01-25 14:00:00,13985.227
2025-01-25 15:00:00,12505.551
2025-01-25 16:00:00,11812.368
2025-01-25 17:00:00,11764.186
2025-01-25 18:00:00,11578.67
2025-01-25 19:00:00,11232.123
2025-01-25 20:00:00,11069.864
2025-01-25 21:00:00,10872.478
2025-01-25 22:00:00,10364.988
2025-01-25 23:00:00,9163.989
2025-01-26 00:00:00,8478.58
2025-01-26 01:00:00,8144.121
2025-01-26 02:00:00,7909.487
2025-01-26 03:00:00,7632.173
2025-01-26 04:00:00,7550.52
2025-01-26 05:00:00,8075.723
2025-01-26 06:00:00,9312.95
2025-01-26 07:00:00,10387.813
2025-01-26 08:00:00,11635.275
2025-01-26 09:00:00,14840.986
2025-01-26 10:00:00,18125.744
2025-01-26 11:00:00,20496.203
2025-01-26 12:00:00,20572.355
2025-01-26 13:00:00,18599.377
2025-01-26 14:00:00,17147.602
2025-01-26 15:00:00,16670.267
2025-01-26 16:00:00,16571.913
2025-01-26 17:00:00,16812.211
2025-01-26 18:00:00,16276.963
2025-01-26 19:00:00,15678.682
2025-01-26 20:00:00,15229.445
2025-01-26 21:00:00,14928.558
2025-01-26 22:00:00,14370.007
2025-01-26 23:00:00,13542.047
2025-01-27 00:00:00,13044.096
2025-01-27 01:00:00,13474.773
2025-01-27 02:00:00,13822.817
2025-01-27 03:00:00,14304.631
2025-01-27 04:00:00,15078.736
2025-01-27 05:00:00,15665.032
2025-01-27 06:00:00,15918.638
2025-01-27 07:00:00,15978.853
2025-01-27 08:00:00,16576.044
2025-01-27 09:00:00,19243.335
2025-01-27 10:00:00,21250.993
2025-01-27 11:00:00,22375.215
2025-01-27 12:00:00,22577.894
2025-01-27 13:00:00,21257.105
2025-01-27 14:00:00,20951.706
2025-01-27 15:00:00,18662.871
2025-01-27 16:00:00,15669.799
2025-01-27 17:00:00,15087.747
2025-01-27 18:00:00,14903.765
2025-01-27 19:00:00,14372.99
2025-01-27 20:00:00,14002.757
2025-01-27 21:00:00,13673.525
2025-01-27 22:00:00,13024.943
2025-01-27 23:00:00,12970.907
2025-01-28 00:00:00,13392.291
2025-01-28 01:00:00,13817.417
2025-01-28 02:00:00,13464.455
2025-01-28 03:00:00,12766.543
2025-01-28 04:00:00,12875.112
2025-01-28 05:00:00,14030.349
2025-01-28 06:00:00,16171.578
2025-01-28 07:00:00,16798.306
2025-01-28 08:00:00,17447.276
2025-01-28 09:00:00,19422.366
2025-01-28 10:00:00,21046.095
2025-01-28 11:00:00,20869.546
2025-01-28 12:00:00,19869.423
2025-01-28 13:00:00,18701.614
2025-01-28 14:00:00,17867.744
2025-01-28 15:00:00,17334.254
2025-01-28 16:00:00,17074.249
2025-01-28 17:00:00,17297.967
2025-01-28 18:00:00,17054.121
2025-01-28 19:00:00,16389.293
2025-01-28 20:00:00,15332.603
2025-01-28 21:00:00,14080.964
2025-01-28 22:00:00,13401.505
2025-01-28 23:00:00,12895.969
2025-01-29 00:00:00,12759.958
2025-01-29 01:00:00,12979.801
2025-01-29 02:00:00,12838.775
2025-01-29 03:00:00,13419.377
2025-01-29 04:00:00,14027.595
2025-01-29 05:00:00,15272.791
2025-01-29 06:00:00,16997.227
2025-01-29 07:00:00,17676.266
2025-01-29 08:00:00,17684.988
2025-01-29 09:00:00,18111.424
2025-01-29 10:00:00,18330.538
2025-01-29 11:00:00,18424.133
2025-01-29 12:00:00,17622.43
2025-01-29 13:00:00,18035.331
2025-01-29 14:00:00,17844.787
2025-01-29 15:00:00,17453.689
2025-01-29 16:00:00,16056.184
2025-01-29 17:00:00,15040.472
2025-01-29 18:00:00,14694.223
2025-01-29 19:00:00,13943.093
2025-01-29 20:00:00,12400.394
2025-01-29 21:00:00,11361.906
2025-01-29 22:00:00,9870.15
2025-01-29 23:00:00,10153.391
2025-01-30 00:00:00,10056.766
2025-01-30 01:00:00,10045.574
2025-01-30 02:00:00,10029.752
2025-01-30 03:00:00,10484.428
2025-01-30 04:00:00,11755.439
2025-01-30 05:00:00,13720.302
2025-01-30 06:00:00,16655.718
2025-01-30 07:00:00,17740.894
2025-01-30 08:00:00,17623.849
2025-01-30 09:00:00,18175.179
2025-01-30 10:00:00,19027.88
2025-01-30 11:00:00,19996.584
2025-01-30 12:00:00,20279.795
2025-01-30 13:00:00,20227.082
2025-01-30 14:00:00,20463.574
2025-01-30 15:00:00,20278.853
2025-01-30 16:00:00,18903.071
2025-01-30 17:00:00,18750.396
2025-01-30 18:00:00,18270.963
2025-01-30 19:00:00,18372.756
2025-01-30 20:00:00,17515.098
2025-01-30 21:00:00,15686.323
2025-01-30 22:00:00,14087.662
2025-01-30 23:00:00,13738.51
2025-01-31 00:00:00,13860.467
2025-01-31 01:00:00,13542.851
2025-01-31 02:00:00,13177.982
2025-01-31 03:00:00,13452.459
2025-01-31 04:00:00,14306.03
2025-01-31 05:00:00,15982.814
2025-01-31 06:00:00,18014.509
2025-01-31 07:00:00,18330.676
2025-01-31 08:00:00,19240.146
2025-01-31 09:00:00,20624.036
2025-01-31 10:00:00,22400.565
2025-01-31 11:00:00,22682.017
2025-01-31 12:00:00,22966.459
2025-01-31 13:00:00,22707.032
2025-01-31 14:00:00,22667.04
2025-01-31 15:00:00,18923.007
2025-01-31 16:00:00,17145.392
2025-01-31 17:00:00,17031.226
2025-01-31 18:00:00,16900.966
2025-01-31 19:00:00,16645.245
2025-01-31 20:00:00,16468.767
2025-01-31 21:00:00,16055.844
2025-01-31 22:00:00,14589.335
2025-01-31 23:00:00,13585.091
2025-02-01 00:00:00,12949.742
2025-02-01 01:00:00,12872.0
2025-02-01 02:00:00,12767.033
2025-02-01 03:00:00,12648.751
2025-02-01 04:00:00,12704.373
2025-02-01 05:00:00,13035.679
2025-02-01 06:00:00,14212.333
2025-02-01 07:00:00,14807.966
2025-02-01 08:00:00,17317.213
2025-02-01 09:00:00,21156.659
2025-02-01 10:00:00,21186.555
2025-02-01 11:00:00,21835.878
2025-02-01 12:00:00,21754.39
2025-02-01 13:00:00,21401.657
2025-02-01 14:00:00,20577.846
2025-02-01 15:00:00,19232.864
2025-02-01 16:00:00,15755.579
2025-02-01 17:00:00,15884.889
2025-02-01 18:00:00,15821.78
2025-02-01 19:00:00,15973.253
2025-02-01 20:00:00,15732.272
2025-02-01 21:00:00,15087.422
2025-02-01 22:00:00,13959.693
2025-02-01 23:00:00,14012.333
2025-02-02 00:00:00,13047.643
2025-02-02 01:00:00,12421.471
2025-02-02 02:00:00,11928.367
2025-02-02 03:00:00,11811.464
2025-02-02 04:00:00,12032.697
2025-02-02 05:00:00,12489.618
2025-02-02 06:00:00,13024.424
2025-02-02 07:00:00,13537.504
2025-02-02 08:00:00,18506.282
2025-02-02 09:00:00,22378.062
2025-02-02 10:00:00,24667.085
2025-02-02 11:00:00,23774.285
2025-02-02 12:00:00,22556.328
2025-02-02 13:00:00,21405.853
2025-02-02 14:00:00,20152.42
2025-02-02 15:00:00,18804.015
2025-02-02 16:00:00,16483.671
2025-02-02 17:00:00,16742.684
2025-02-02 18:00:00,16975.235
2025-02-02 19:00:00,16920.953
2025-02-02 20:00:00,16831.955
2025-02-02 21:00:00,16730.801
2025-02-02 22:00:00,14421.236
2025-02-02 23:00:00,13753.539
2025-02-03 00:00:00,13895.582
2025-02-03 01:00:00,14244.158
2025-02-03 02:00:00,14360.674
2025-02-03 03:00:00,14236.223
2025-02-03 04:00:00,15182.998
2025-02-03 05:00:00,17344.324
2025-02-03 06:00:00,17996.199
2025-02-03 07:00:00,18381.034
2025-02-03 08:00:00,22213.341
2025-02-03 09:00:00,25379.889
2025-02-03 10:00:00,26522.754
2025-02-03 11:00:00,25662.172
2025-02-03 12:00:00,25430.756
2025-02-03 13:00:00,24894.665
2025-02-03 14:00:00,24081.288
2025-02-03 15:00:00,22186.851
2025-02-03 16:00:00,19035.565
2025-02-03 17:00:00,19206.511
2025-02-03 18:00:00,19155.23
2025-02-03 19:00:00,19090.163
2025-02-03 20:00:00,19075.512
2025-02-03 21:00:00,18492.397
2025-02-03 22:00:00,16704.713
2025-02-03 23:00:00,15996.26
2025-02-04 00:00:00,14856.394
2025-02-04 01:00:00,14795.902
2025-02-04 02:00:00,15129.337
2025-02-04 03:00:00,15881.047
2025-02-04 04:00:00,17229.077
2025-02-04 05:00:00,19513.962
2025-02-04 06:00:00,20349.172
2025-02-04 07:00:00,21233.492
2025-02-04 08:00:00,21846.714
2025-02-04 09:00:00,22190.072
2025-02-04 10:00:00,21956.651
2025-02-04 11:00:00,22219.933
2025-02-04 12:00:00,22427.541
2025-02-04 13:00:00,22998.279
2025-02-04 14:00:00,22522.817
2025-02-04 15:00:00,22569.461
2025-02-04 16:00:00,22362.486
2025-02-04 17:00:00,22093.183
2025-02-04 18:00:00,22200.177
2025-02-04 19:00:00,21268.999
2025-02-04 20:00:00,19298.904
2025-02-04 21:00:00,17915.59
2025-02-04 22:00:00,16992.921
2025-02-04 23:00:00,16093.38
2025-02-05 00:00:00,15627.916
2025-02-05 01:00:00,15063.33
2025-02-05 02:00:00,14162.653
2025-02-05 03:00:00,14002.803
2025-02-05 04:00:00,14457.972
2025-02-05 05:00:00,15924.32
2025-02-05 06:00:00,17793.75
2025-02-05 07:00:00,17579.969
2025-02-05 08:00:00,17992.339
2025-02-05 09:00:00,19464.126
2025-02-05 10:00:00,20971.658
2025-02-05 11:00:00,22078.097
2025-02-05 12:00:00,23048.192
2025-02-05 13:00:00,22374.932
2025-02-05 14:00:00,21076.598
2025-02-05 15:00:00,19370.912
2025-02-05 16:00:00,17639.427
2025-02-05 17:00:00,17161.224
2025-02-05 18:00:00,16981.476
2025-02-05 19:00:00,16851.731
2025-02-05 20:00:00,16700.178
2025-02-05 21:00:00,16256.56
2025-02-05 22:00:00,15503.125
2025-02-05 23:00:00,15441.425
2025-02-06 00:00:00,15393.153
2025-02-06 01:00:00,15407.574
2025-02-06 02:00:00,15678.083
2025-02-06 03:00:00,16005.925
2025-02-06 04:00:00,16282.741
2025-02-06 05:00:00,17216.769
2025-02-06 06:00:00,17770.739
2025-02-06 07:00:00,18246.918
2025-02-06 08:00:00,19003.212
2025-02-06 09:00:00,20558.794
2025-02-06 10:00:00,22093.29
2025-02-06 11:00:00,24025.682
2025-02-06 12:00:00,24604.885
2025-02-06 13:00:00,24415.119
2025-02-06 14:00:00,25452.268
2025-02-06 15:00:00,23882.098
2025-02-06 16:00:00,21291.099
2025-02-06 17:00:00,21082.229
2025-02-06 18:00:00,21419.791
2025-02-06 19:00:00,21490.895
2025-02-06 20:00:00,19940.754
2025-02-06 21:00:00,18403.137
2025-02-06 22:00:00,16455.39
2025-02-06 23:00:00,14596.141
2025-02-07 00:00:00,14281.977
2025-02-07 01:00:00,15280.816
2025-02-07 02:00:00,16117.682
2025-02-07 03:00:00,16429.526
2025-02-07 04:00:00,17211.304
2025-02-07 05:00:00,18582.404
2025-02-07 06:00:00,19719.913
2025-02-07 07:00:00,20132.157
2025-02-07 08:00:00,21080.405
2025-02-07 09:00:00,21781.75
2025-02-07 10:00:00,22302.508
2025-02-07 11:00:00,23347.378
2025-02-07 12:00:00,23468.457
2025-02-07 13:00:00,22329.914
2025-02-07 14:00:00,21931.932
2025-02-07 15:00:00,21184.338
2025-02-07 16:00:00,20749.758
2025-02-07 17:00:00,20310.855
2025-02-07 18:00:00,19862.837
2025-02-07 19:00:00,18901.322
2025-02-07 20:00:00,17957.228
2025-02-07 21:00:00,17411.869
2025-02-07 22:00:00,16544.248
2025-02-07 23:00:00,15586.966
2025-02-08 00:00:00,14653.354
2025-02-08 01:00:00,14119.557
2025-02-08 02:00:00,14018.917
2025-02-08 03:00:00,13998.418
2025-02-08 04:00:00,14508.956
2025-02-08 05:00:00,14889.355
2025-02-08 06:00:00,15765.325
2025-02-08 07:00:00,16145.281
2025-02-08 08:00:00,16930.593
2025-02-08 09:00:00,16936.196
2025-02-08 10:00:00,17329.946
2025-02-08 11:00:00,17631.806
2025-02-08 12:00:00,17447.865
2025-02-08 13:00:00,16782.998
2025-02-08 14:00:00,16739.765
2025-02-08 15:00:00,16896.235
2025-02-08 16:00:00,16461.625
2025-02-08 17:00:00,16172.737
2025-02-08 18:00:00,15836.547
2025-02-08 19:00:00,15701.14
2025-02-08 20:00:00,15260.318
2025-02-08 21:00:00,15094.614
2025-02-08 22:00:00,14427.611
2025-02-08 23:00:00,12067.752
2025-02-09 00:00:00,10999.573
2025-02-09 01:00:00,10527.022
2025-02-09 02:00:00,9856.024
2025-02-09 03:00:00,9544.524
2025-02-09 04:00:00,9758.406
2025-02-09 05:00:00,9919.688
2025-02-09 06:00:00,10626.543
2025-02-09 07:00:00,11101.115
2025-02-09 08:00:00,12280.956
2025-02-09 09:00:00,14289.85
2025-02-09 10:00:00,16262.797
2025-02-09 11:00:00,17039.302
2025-02-09 12:00:00,18155.328
2025-02-09 13:00:00,17827.416
2025-02-09 14:00:00,17277.634
2025-02-09 15:00:00,17334.998
2025-02-09 16:00:00,15889.111
2025-02-09 17:00:00,16125.828
2025-02-09 18:00:00,15855.79
2025-02-09 19:00:00,15866.226
2025-02-09 20:00:00,15799.314
2025-02-09 21:00:00,15721.592
2025-02-09 22:00:00,15113.816
2025-02-09 23:00:00,14214.412
2025-02-10 00:00:00,13943.785
2025-02-10 01:00:00,13651.182
2025-02-10 02:00:00,13931.44
2025-02-10 03:00:00,14619.57
2025-02-10 04:00:00,16046.323
2025-02-10 05:00:00,17672.2
2025-02-10 06:00:00,19370.535
2025-02-10 07:00:00,19828.965
2025-02-10 08:00:00,20467.175
2025-02-10 09:00:00,21255.825
2025-02-10 10:00:00,21647.083
2025-02-10 11:00:00,21652.787
2025-02-10 12:00:00,21312.998
2025-02-10 13:00:00,21187.557
2025-02-10 14:00:00,20432.257
2025-02-10 15:00:00,19759.153
2025-02-10 16:00:00,19092.994
2025-02-10 17:00:00,18970.616
2025-02-10 18:00:00,18560.051
2025-02-10 19:00:00,18056.487
2025-02-10 20:00:00,17390.192
2025-02-10 21:00:00,16153.252
2025-02-10 22:00:00,15379.265
2025-02-10 23:00:00,15008.502
2025-02-11 00:00:00,14569.921
2025-02-11 01:00:00,14139.669
2025-02-11 02:00:00,13942.623
2025-02-11 03:00:00,13936.459
2025-02-11 04:00:00,14449.034
2025-02-11 05:00:00,15635.799
2025-02-11 06:00:00,18065.358
2025-02-11 07:00:00,19262.854
2025-02-11 08:00:00,20162.569
2025-02-11 09:00:00,20143.123
2025-02-11 10:00:00,20149.676
2025-02-11 11:00:00,20185.886
2025-02-11 12:00:00,19919.844
2025-02-11 13:00:00,19479.349
2025-02-11 14:00:00,19051.223
2025-02-11 15:00:00,18342.315
2025-02-11 16:00:00,17969.543
2025-02-11 17:00:00,17529.595
2025-02-11 18:00:00,17168.344
2025-02-11 19:00:00,16342.543
2025-02-11 20:00:00,15664.26
2025-02-11 21:00:00,14078.964
2025-02-11 22:00:00,12540.161
2025-02-11 23:00:00,12167.337
2025-02-12 00:00:00,11933.98
2025-02-12 01:00:00,11393.458
2025-02-12 02:00:00,11180.034
2025-02-12 03:00:00,11306.933
2025-02-12 04:00:00,12234.12
2025-02-12 05:00:00,14250.565
2025-02-12 06:00:00,15555.137
2025-02-12 07:00:00,15976.809
2025-02-12 08:00:00,16219.89
2025-02-12 09:00:00,17383.738
2025-02-12 10:00:00,18113.289
2025-02-12 11:00:00,18663.237
2025-02-12 12:00:00,18937.739
2025-02-12 13:00:00,18224.77
2025-02-12 14:00:00,17617.34
2025-02-12 15:00:00,17144.808
2025-02-12 16:00:00,16676.513
2025-02-12 17:00:00,16693.749
2025-02-12 18:00:00,16374.711
2025-02-12 19:00:00,16292.091
2025-02-12 20:00:00,16316.754
2025-02-12 21:00:00,16131.687
2025-02-12 22:00:00,15679.321
2025-02-12 23:00:00,15068.125
2025-02-13 00:00:00,15281.114
2025-02-13 01:00:00,15713.337
2025-02-13 02:00:00,16070.576
2025-02-13 03:00:00,16363.836
2025-02-13 04:00:00,16847.664
2025-02-13 05:00:00,18628.522
2025-02-13 06:00:00,19899.939
2025-02-13 07:00:00,20057.248
2025-02-13 08:00:00,20315.112
2025-02-13 09:00:00,20572.612
2025-02-13 10:00:00,21430.502
2025-02-13 11:00:00,22354.382
2025-02-13 12:00:00,21751.998
2025-02-13 13:00:00,21244.424
2025-02-13 14:00:00,21269.623
2025-02-13 15:00:00,20112.679
2025-02-13 16:00:00,18691.329
2025-02-13 17:00:00,17817.455
2025-02-13 18:00:00,17202.101
2025-02-13 19:00:00,16441.457
2025-02-13 20:00:00,15882.433
2025-02-13 21:00:00,15439.999
2025-02-13 22:00:00,14457.899
2025-02-13 23:00:00,14193.904
2025-02-14 00:00:00,14162.453
2025-02-14 01:00:00,14021.472
2025-02-14 02:00:00,13952.024
2025-02-14 03:00:00,14166.416
2025-02-14 04:00:00,14513.457
2025-02-14 05:00:00,15562.182
2025-02-14 06:00:00,16154.407
2025-02-14 07:00:00,16493.502
2025-02-14 08:00:00,17959.143
2025-02-14 09:00:00,20318.148
2025-02-14 10:00:00,21466.346
2025-02-14 11:00:00,21961.889
2025-02-14 12:00:00,20686.319
2025-02-14 13:00:00,19314.666
2025-02-14 14:00:00,18282.198
2025-02-14 15:00:00,17579.03
2025-02-14 16:00:00,16329.839
2025-02-14 17:00:00,16241.222
2025-02-14 18:00:00,16470.549
2025-02-14 19:00:00,16244.079
2025-02-14 20:00:00,15902.264
2025-02-14 21:00:00,15880.575
2025-02-14 22:00:00,15610.294
2025-02-14 23:00:00,15034.584
2025-02-15 00:00:00,14370.89
2025-02-15 01:00:00,14038.877
2025-02-15 02:00:00,14130.195
2025-02-15 03:00:00,14076.601
2025-02-15 04:00:00,14144.524
2025-02-15 05:00:00,14494.466
2025-02-15 06:00:00,15163.212
2025-02-15 07:00:00,16058.95
2025-02-15 08:00:00,17426.171
2025-02-15 09:00:00,18799.714
2025-02-15 10:00:00,20054.426
2025-02-15 11:00:00,20354.956
2025-02-15 12:00:00,19755.356
2025-02-15 13:00:00,18912.477
2025-02-15 14:00:00,17899.139
2025-02-15 15:00:00,17185.396
2025-02-15 16:00:00,16358.644
2025-02-15 17:00:00,16242.34
2025-02-15 18:00:00,16286.523
2025-02-15 19:00:00,16185.907
2025-02-15 20:00:00,15765.451
2025-02-15 21:00:00,15206.541
2025-02-15 22:00:00,14594.062
2025-02-15 23:00:00,14608.575
2025-02-16 00:00:00,14042.306
2025-02-16 01:00:00,13393.62
2025-02-16 02:00:00,13050.272
2025-02-16 03:00:00,13329.231
2025-02-16 04:00:00,13115.393
2025-02-16 05:00:00,13625.902
2025-02-16 06:00:00,14654.273
2025-02-16 07:00:00,15830.654
2025-02-16 08:00:00,18648.872
2025-02-16 09:00:00,21632.146
2025-02-16 10:00:00,24010.594
2025-02-16 11:00:00,26177.304
2025-02-16 12:00:00,27078.61
2025-02-16 13:00:00,26588.936
2025-02-16 14:00:00,25801.754
2025-02-16 15:00:00,24651.337
2025-02-16 16:00:00,21543.86
2025-02-16 17:00:00,19687.956
2025-02-16 18:00:00,19641.441
2025-02-16 19:00:00,19374.211
2025-02-16 20:00:00,19282.69
2025-02-16 21:00:00,18562.142
2025-02-16 22:00:00,16779.478
2025-02-16 23:00:00,15510.606
2025-02-17 00:00:00,15206.312
2025-02-17 01:00:00,15063.79
2025-02-17 02:00:00,14905.618
2025-02-17 03:00:00,15297.344
2025-02-17 04:00:00,15604.704
2025-02-17 05:00:00,16874.503
2025-02-17 06:00:00,17268.073
2025-02-17 07:00:00,18408.514
2025-02-17 08:00:00,23878.233
2025-02-17 09:00:00,26766.522
2025-02-17 10:00:00,27895.915
2025-02-17 11:00:00,28169.818
2025-02-17 12:00:00,27353.144
2025-02-17 13:00:00,26624.811
2025-02-17 14:00:00,25279.172
2025-02-17 15:00:00,22752.5
2025-02-17 16:00:00,19016.071
2025-02-17 17:00:00,17328.802
2025-02-17 18:00:00,17419.947
2025-02-17 19:00:00,17742.426
2025-02-17 20:00:00,17960.337
2025-02-17 21:00:00,17701.319
2025-02-17 22:00:00,17400.978
2025-02-17 23:00:00,16869.999
2025-02-18 00:00:00,15845.53
2025-02-18 01:00:00,15857.077
2025-02-18 02:00:00,15760.479
2025-02-18 03:00:00,16478.843
2025-02-18 04:00:00,17395.558
2025-02-18 05:00:00,18619.724
2025-02-18 06:00:00,19090.82
2025-02-18 07:00:00,19950.517
2025-02-18 08:00:00,23653.294
2025-02-18 09:00:00,25231.931
2025-02-18 10:00:00,25418.559
2025-02-18 11:00:00,26292.878
2025-02-18 12:00:00,26584.402
2025-02-18 13:00:00,26370.224
2025-02-18 14:00:00,26209.566
2025-02-18 15:00:00,25014.967
2025-02-18 16:00:00,23560.825
2025-02-18 17:00:00,21978.495
2025-02-18 18:00:00,21774.019
2025-02-18 19:00:00,21457.081
2025-02-18 20:00:00,19727.455
2025-02-18 21:00:00,17207.976
2025-02-18 22:00:00,15294.105
2025-02-18 23:00:00,14717.07
2025-02-19 00:00:00,14614.121
2025-02-19 01:00:00,14915.972
2025-02-19 02:00:00,15124.393
2025-02-19 03:00:00,15174.313
2025-02-19 04:00:00,15598.623
2025-02-19 05:00:00,17250.138
2025-02-19 06:00:00,18828.714
2025-02-19 07:00:00,20146.704
2025-02-19 08:00:00,22976.673
2025-02-19 09:00:00,23422.109
2025-02-19 10:00:00,24591.826
2025-02-19 11:00:00,23742.239
2025-02-19 12:00:00,23324.889
2025-02-19 13:00:00,23955.603
2025-02-19 14:00:00,21372.045
2025-02-19 15:00:00,19053.619
2025-02-19 16:00:00,17491.686
2025-02-19 17:00:00,15967.617
2025-02-19 18:00:00,16207.828
2025-02-19 19:00:00,15685.906
2025-02-19 20:00:00,14050.476
2025-02-19 21:00:00,13038.476
2025-02-19 22:00:00,11764.398
2025-02-19 23:00:00,10537.638
2025-02-20 00:00:00,9699.955
2025-02-20 01:00:00,9284.968
2025-02-20 02:00:00,8906.111
2025-02-20 03:00:00,8813.978
2025-02-20 04:00:00,9814.187
2025-02-20 05:00:00,11322.158
2025-02-20 06:00:00,12789.24
2025-02-20 07:00:00,13333.209
2025-02-20 08:00:00,14762.216
2025-02-20 09:00:00,15966.373
2025-02-20 10:00:00,17374.188
2025-02-20 11:00:00,19281.259
2025-02-20 12:00:00,19139.122
2025-02-20 13:00:00,17787.868
2025-02-20 14:00:00,16449.018
2025-02-20 15:00:00,15842.609
2025-02-20 16:00:00,15593.605
2025-02-20 17:00:00,15290.748
2025-02-20 18:00:00,15422.13
2025-02-20 19:00:00,15048.606
2025-02-20 20:00:00,14230.737
2025-02-20 21:00:00,13991.738
2025-02-20 22:00:00,13192.926
2025-02-20 23:00:00,12653.215
2025-02-21 00:00:00,11769.408
2025-02-21 01:00:00,10582.9
2025-02-21 02:00:00,9930.373
2025-02-21 03:00:00,9645.397
2025-02-21 04:00:00,10088.423
2025-02-21 05:00:00,11175.256
2025-02-21 06:00:00,11909.759
2025-02-21 07:00:00,12491.238
2025-02-21 08:00:00,14925.297
2025-02-21 09:00:00,18415.019
2025-02-21 10:00:00,21158.98
2025-02-21 11:00:00,23451.974
2025-02-21 12:00:00,23502.875
2025-02-21 13:00:00,21676.13
2025-02-21 14:00:00,18547.469
2025-02-21 15:00:00,16162.056
2025-02-21 16:00:00,14209.314
2025-02-21 17:00:00,13335.405
2025-02-21 18:00:00,12794.32
2025-02-21 19:00:00,12716.996
2025-02-21 20:00:00,12184.056
2025-02-21 21:00:00,11227.51
2025-02-21 22:00:00,10480.0
2025-02-21 23:00:00,9415.807
2025-02-22 00:00:00,9020.54
2025-02-22 01:00:00,9100.419
2025-02-22 02:00:00,9356.001
2025-02-22 03:00:00,9428.183
2025-02-22 04:00:00,9484.172
2025-02-22 05:00:00,9754.472
2025-02-22 06:00:00,10187.636
2025-02-22 07:00:00,10688.317
2025-02-22 08:00:00,11934.995
2025-02-22 09:00:00,12791.832
2025-02-22 10:00:00,13213.388
2025-02-22 11:00:00,13316.966
2025-02-22 12:00:00,13143.209
2025-02-22 13:00:00,12050.613
2025-02-22 14:00:00,10764.61
2025-02-22 15:00:00,11119.856
2025-02-22 16:00:00,11160.742
2025-02-22 17:00:00,11479.375
2025-02-22 18:00:00,11827.369
2025-02-22 19:00:00,11645.725
2025-02-22 20:00:00,11115.264
2025-02-22 21:00:00,10973.992
2025-02-22 22:00:00,9906.008
2025-02-22 23:00:00,8721.916
2025-02-23 00:00:00,8357.26
2025-02-23 01:00:00,8140.812
2025-02-23 02:00:00,8157.588
2025-02-23 03:00:00,7826.116
2025-02-23 04:00:00,7818.016
2025-02-23 05:00:00,8124.103
2025-02-23 06:00:00,9196.024
2025-02-23 07:00:00,9904.942
2025-02-23 08:00:00,11113.924
2025-02-23 09:00:00,13518.326
2025-02-23 10:00:00,17582.923
2025-02-23 11:00:00,22015.827
2025-02-23 12:00:00,24165.525
2025-02-23 13:00:00,23739.348
2025-02-23 14:00:00,20867.679
2025-02-23 15:00:00,17521.776
2025-02-23 16:00:00,14668.8
2025-02-23 17:00:00,13004.065
2025-02-23 18:00:00,12835.334
2025-02-23 19:00:00,12889.32
2025-02-23 20:00:00,12824.592
2025-02-23 21:00:00,12986.173
2025-02-23 22:00:00,12924.756
2025-02-23 23:00:00,12526.363
2025-02-24 00:00:00,12585.109
2025-02-24 01:00:00,12777.572
2025-02-24 02:00:00,12739.178
2025-02-24 03:00:00,12847.288
2025-02-24 04:00:00,13005.432
2025-02-24 05:00:00,13549.065
2025-02-24 06:00:00,14515.569
2025-02-24 07:00:00,15544.995
2025-02-24 08:00:00,16661.391
2025-02-24 09:00:00,17360.7
2025-02-24 10:00:00,18220.841
2025-02-24 11:00:00,18137.087
2025-02-24 12:00:00,17691.803
2025-02-24 13:00:00,16795.756
2025-02-24 14:00:00,17161.563
2025-02-24 15:00:00,17050.781
2025-02-24 16:00:00,17153.997
2025-02-24 17:00:00,16797.115
2025-02-24 18:00:00,16244.371
2025-02-24 19:00:00,15764.13
2025-02-24 20:00:00,14989.385
2025-02-24 21:00:00,13909.271
2025-02-24 22:00:00,12674.507
2025-02-24 23:00:00,11599.967
2025-02-25 00:00:00,11003.122
2025-02-25 01:00:00,10554.705
2025-02-25 02:00:00,10280.61
2025-02-25 03:00:00,10094.702
2025-02-25 04:00:00,11267.6
2025-02-25 05:00:00,14033.931
2025-02-25 06:00:00,14874.97
2025-02-25 07:00:00,15405.563
2025-02-25 08:00:00,16239.713
2025-02-25 09:00:00,18161.788
2025-02-25 10:00:00,18859.526
2025-02-25 11:00:00,18719.231
2025-02-25 12:00:00,18686.907
2025-02-25 13:00:00,17898.541
2025-02-25 14:00:00,16745.471
2025-02-25 15:00:00,15995.65
2025-02-25 16:00:00,15100.406
2025-02-25 17:00:00,14810.054
2025-02-25 18:00:00,14691.225
2025-02-25 19:00:00,14672.146
2025-02-25 20:00:00,14661.518
2025-02-25 21:00:00,14332.609
2025-02-25 22:00:00,13949.052
2025-02-25 23:00:00,13705.291
2025-02-26 00:00:00,13648.98
2025-02-26 01:00:00,13812.141
2025-02-26 02:00:00,14116.291
2025-02-26 03:00:00,14063.816
2025-02-26 04:00:00,13867.303
2025-02-26 05:00:00,14142.151
2025-02-26 06:00:00,14480.646
2025-02-26 07:00:00,15227.652
2025-02-26 08:00:00,17962.668
2025-02-26 09:00:00,20743.346
2025-02-26 10:00:00,23236.276
2025-02-26 11:00:00,24819.176
2025-02-26 12:00:00,24426.464
2025-02-26 13:00:00,23233.811
2025-02-26 14:00:00,23148.734
2025-02-26 15:00:00,21221.803
2025-02-26 16:00:00,19862.642
2025-02-26 17:00:00,19135.112
2025-02-26 18:00:00,19177.663
2025-02-26 19:00:00,19577.708
2025-02-26 20:00:00,18830.036
2025-02-26 21:00:00,17430.342
2025-02-26 22:00:00,16263.742
2025-02-26 23:00:00,15685.332
2025-02-27 00:00:00,14763.093
2025-02-27 01:00:00,14222.924
2025-02-27 02:00:00,13604.976
2025-02-27 03:00:00,13211.924
2025-02-27 04:00:00,13440.977
2025-02-27 05:00:00,14658.964
2025-02-27 06:00:00,15178.048
2025-02-27 07:00:00,15908.204
2025-02-27 08:00:00,17140.308
2025-02-27 09:00:00,18889.023
2025-02-27 10:00:00,20631.989
2025-02-27 11:00:00,21877.34
2025-02-27 12:00:00,21230.16
2025-02-27 13:00:00,22141.776
2025-02-27 14:00:00,21262.894
2025-02-27 15:00:00,19889.498
2025-02-27 16:00:00,18789.788
2025-02-27 17:00:00,18527.714
2025-02-27 18:00:00,18559.149
2025-02-27 19:00:00,19400.849
2025-02-27 20:00:00,19284.004
2025-02-27 21:00:00,19389.078
2025-02-27 22:00:00,19071.562
2025-02-27 23:00:00,17418.502
2025-02-28 00:00:00,16840.012
2025-02-28 01:00:00,16515.393
2025-02-28 02:00:00,16147.812
2025-02-28 03:00:00,15237.617
2025-02-28 04:00:00,15356.66
2025-02-28 05:00:00,15993.587
2025-02-28 06:00:00,16446.753
2025-02-28 07:00:00,17501.889
2025-02-28 08:00:00,18964.358
2025-02-28 09:00:00,21485.715
2025-02-28 10:00:00,21881.918
2025-02-28 11:00:00,22753.987
2025-02-28 12:00:00,23263.716
2025-02-28 13:00:00,21965.216
2025-02-28 14:00:00,21384.458
2025-02-28 15:00:00,20231.747
2025-02-28 16:00:00,18093.28
2025-02-28 17:00:00,16164.792
2025-02-28 18:00:00,15637.188
2025-02-28 19:00:00,15155.843
2025-02-28 20:00:00,14895.28
2025-02-28 21:00:00,14699.637
2025-02-28 22:00:00,13733.948
2025-02-28 23:00:00,13839.212
2025-03-01 00:00:00,13461.574
2025-03-01 01:00:00,13546.262
2025-03-01 02:00:00,13489.734
2025-03-01 03:00:00,13554.099
2025-03-01 04:00:00,13523.517
2025-03-01 05:00:00,13304.729
2025-03-01 06:00:00,13661.679
2025-03-01 07:00:00,14582.485
2025-03-01 08:00:00,16105.04
2025-03-01 09:00:00,17385.669
2025-03-01 10:00:00,17419.343
2025-03-01 11:00:00,18543.105
2025-03-01 12:00:00,18390.633
2025-03-01 13:00:00,17578.565
2025-03-01 14:00:00,16378.118
2025-03-01 15:00:00,16417.991
2025-03-01 16:00:00,16026.177
2025-03-01 17:00:00,14359.686
2025-03-01 18:00:00,14140.551
2025-03-01 19:00:00,13697.856
2025-03-01 20:00:00,13624.594
2025-03-01 21:00:00,13209.315
2025-03-01 22:00:00,11290.353
2025-03-01 23:00:00,9907.901
2025-03-02 00:00:00,9593.815
2025-03-02 01:00:00,9022.337
2025-03-02 02:00:00,9149.394
2025-03-02 03:00:00,9081.145
2025-03-02 04:00:00,9063.818
2025-03-02 05:00:00,9427.558
2025-03-02 06:00:00,9888.063
2025-03-02 07:00:00,11033.471
2025-03-02 08:00:00,12859.189
2025-03-02 09:00:00,14503.927
2025-03-02 10:00:00,17116.58
2025-03-02 11:00:00,19652.694
2025-03-02 12:00:00,19105.868
2025-03-02 13:00:00,17553.39
2025-03-02 14:00:00,16441.85
2025-03-02 15:00:00,14082.026
2025-03-02 16:00:00,13613.99
2025-03-02 17:00:00,11722.358
2025-03-02 18:00:00,11623.792
2025-03-02 19:00:00,11729.421
2025-03-02 20:00:00,11729.431
2025-03-02 21:00:00,11565.851
2025-03-02 22:00:00,10897.317
2025-03-02 23:00:00,10579.491
2025-03-03 00:00:00,10757.866
2025-03-03 01:00:00,10580.693
2025-03-03 02:00:00,10617.224
2025-03-03 03:00:00,10906.19
2025-03-03 04:00:00,11852.591
2025-03-03 05:00:00,13275.58
2025-03-03 06:00:00,13802.587
2025-03-03 07:00:00,16922.603
2025-03-03 08:00:00,19274.84
2025-03-03 09:00:00,18141.779
2025-03-03 10:00:00,19707.689
2025-03-03 11:00:00,21286.971
2025-03-03 12:00:00,19791.292
2025-03-03 13:00:00,20463.238
2025-03-03 14:00:00,19003.897
2025-03-03 15:00:00,17613.139
2025-03-03 16:00:00,16561.182
2025-03-03 17:00:00,14018.389
2025-03-03 18:00:00,13824.966
2025-03-03 19:00:00,13511.643
2025-03-03 20:00:00,13389.829
2025-03-03 21:00:00,12644.18
2025-03-03 22:00:00,11691.148
2025-03-03 23:00:00,11836.844
2025-03-04 00:00:00,11682.692
2025-03-04 01:00:00,11553.187
2025-03-04 02:00:00,11706.039
2025-03-04 03:00:00,12185.256
2025-03-04 04:00:00,12768.26
2025-03-04 05:00:00,13840.501
2025-03-04 06:00:00,14046.008
2025-03-04 07:00:00,15150.794
2025-03-04 08:00:00,16744.306
2025-03-04 09:00:00,17508.932
2025-03-04 10:00:00,19807.206
2025-03-04 11:00:00,20014.36
2025-03-04 12:00:00,21720.185
2025-03-04 13:00:00,20478.675
2025-03-04 14:00:00,18402.699
2025-03-04 15:00:00,16807.719
2025-03-04 16:00:00,17133.87
2025-03-04 17:00:00,14535.756
2025-03-04 18:00:00,14479.409
2025-03-04 19:00:00,14035.583
2025-03-04 20:00:00,13057.059
2025-03-04 21:00:00,11145.031
2025-03-04 22:00:00,10107.297
2025-03-04 23:00:00,9132.414
2025-03-05 00:00:00,9018.311
2025-03-05 01:00:00,9008.251
2025-03-05 02:00:00,8803.683
2025-03-05 03:00:00,9369.092
2025-03-05 04:00:00,10483.464
2025-03-05 05:00:00,11758.435
2025-03-05 06:00:00,11769.294
2025-03-05 07:00:00,14443.006
2025-03-05 08:00:00,16902.211
2025-03-05 09:00:00,17317.229
2025-03-05 10:00:00,15864.322
2025-03-05 11:00:00,15092.199
2025-03-05 12:00:00,14305.266
2025-03-05 13:00:00,14079.291
2025-03-05 14:00:00,15442.715
2025-03-05 15:00:00,17804.061
2025-03-05 16:00:00,23357.244
2025-03-05 17:00:00,21337.562
2025-03-05 18:00:00,19570.834
2025-03-05 19:00:00,16942.191
2025-03-05 20:00:00,14325.472
2025-03-05 21:00:00,11095.59
2025-03-05 22:00:00,9858.221
2025-03-05 23:00:00,9447.066
2025-03-06 00:00:00,8965.099
2025-03-06 01:00:00,8994.675
2025-03-06 02:00:00,8963.244
2025-03-06 03:00:00,9239.869
2025-03-06 04:00:00,10167.223
2025-03-06 05:00:00,11887.249
2025-03-06 06:00:00,12353.24
2025-03-06 07:00:00,13746.415
2025-03-06 08:00:00,15354.964
2025-03-06 09:00:00,17732.9
2025-03-06 10:00:00,19544.582
2025-03-06 11:00:00,18947.594
2025-03-06 12:00:00,19665.652
2025-03-06 13:00:00,20442.143
2025-03-06 14:00:00,19098.938
2025-03-06 15:00:00,18838.949
2025-03-06 16:00:00,18110.156
2025-03-06 17:00:00,15352.051
2025-03-06 18:00:00,14869.639
2025-03-06 19:00:00,14427.528
2025-03-06 20:00:00,13579.147
2025-03-06 21:00:00,12657.701
2025-03-06 22:00:00,11065.312
2025-03-06 23:00:00,10204.013
2025-03-07 00:00:00,10293.418
2025-03-07 01:00:00,9915.559
2025-03-07 02:00:00,9857.087
2025-03-07 03:00:00,10179.154
2025-03-07 04:00:00,11092.399
2025-03-07 05:00:00,12682.25
2025-03-07 06:00:00,13164.261
2025-03-07 07:00:00,14269.752
2025-03-07 08:00:00,16217.303
2025-03-07 09:00:00,18417.559
2025-03-07 10:00:00,20449.448
2025-03-07 11:00:00,21420.532
2025-03-07 12:00:00,21293.486
2025-03-07 13:00:00,20469.371
2025-03-07 14:00:00,19482.563
2025-03-07 15:00:00,18332.227
2025-03-07 16:00:00,16452.256
2025-03-07 17:00:00,14077.131
2025-03-07 18:00:00,13751.252
2025-03-07 19:00:00,13658.899
2025-03-07 20:00:00,14089.055
2025-03-07 21:00:00,13334.937
2025-03-07 22:00:00,12091.9
2025-03-07 23:00:00,12534.588
2025-03-08 00:00:00,13054.055
2025-03-08 01:00:00,13100.68
2025-03-08 02:00:00,12852.466
2025-03-08 03:00:00,12742.312
2025-03-08 04:00:00,12605.713
2025-03-08 05:00:00,11894.452
2025-03-08 06:00:00,11429.326
2025-03-08 07:00:00,11483.589
2025-03-08 08:00:00,13937.885
2025-03-08 09:00:00,16969.647
2025-03-08 10:00:00,19509.523
2025-03-08 11:00:00,19221.495
2025-03-08 12:00:00,19434.148
2025-03-08 13:00:00,20414.513
2025-03-08 14:00:00,18948.902
2025-03-08 15:00:00,17276.523
2025-03-08 16:00:00,16674.612
2025-03-08 17:00:00,13806.428
2025-03-08 18:00:00,12928.137
2025-03-08 19:00:00,11044.104
2025-03-08 20:00:00,10473.386
2025-03-08 21:00:00,10828.144
2025-03-08 22:00:00,10259.825
2025-03-08 23:00:00,9495.873
2025-03-09 00:00:00,9114.583
2025-03-09 01:00:00,8714.144
2025-03-09 02:00:00,8707.281
2025-03-09 03:00:00,8738.889
2025-03-09 04:00:00,9034.533
2025-03-09 05:00:00,8433.179
2025-03-09 06:00:00,7660.433
2025-03-09 07:00:00,9485.038
2025-03-09 08:00:00,13411.819
2025-03-09 09:00:00,17109.824
2025-03-09 10:00:00,17868.877
2025-03-09 11:00:00,18799.79
2025-03-09 12:00:00,18840.155
2025-03-09 13:00:00,17737.929
2025-03-09 14:00:00,16677.585
2025-03-09 15:00:00,14633.735
2025-03-09 16:00:00,14268.826
2025-03-09 17:00:00,13845.035
2025-03-09 18:00:00,14380.303
2025-03-09 19:00:00,14417.842
2025-03-09 20:00:00,14419.396
2025-03-09 21:00:00,13868.634
2025-03-09 22:00:00,13094.088
2025-03-09 23:00:00,12031.526
2025-03-10 00:00:00,11414.216
2025-03-10 01:00:00,11308.206
2025-03-10 02:00:00,11436.441
2025-03-10 03:00:00,11875.845
2025-03-10 04:00:00,13113.922
2025-03-10 05:00:00,13975.887
2025-03-10 06:00:00,14546.88
2025-03-10 07:00:00,17111.819
2025-03-10 08:00:00,19190.724
2025-03-10 09:00:00,20627.491
2025-03-10 10:00:00,21956.194
2025-03-10 11:00:00,22935.95
2025-03-10 12:00:00,23119.083
2025-03-10 13:00:00,22742.532
2025-03-10 14:00:00,21730.644
2025-03-10 15:00:00,20478.114
2025-03-10 16:00:00,18827.874
2025-03-10 17:00:00,16241.65
2025-03-10 18:00:00,16002.533
2025-03-10 19:00:00,15926.1
2025-03-10 20:00:00,15429.584
2025-03-10 21:00:00,14783.151
2025-03-10 22:00:00,13728.267
2025-03-10 23:00:00,14155.475
2025-03-11 00:00:00,14039.104
2025-03-11 01:00:00,14128.601
2025-03-11 02:00:00,14586.574
2025-03-11 03:00:00,15305.082
2025-03-11 04:00:00,15417.094
2025-03-11 05:00:00,17042.799
2025-03-11 06:00:00,18007.635
2025-03-11 07:00:00,18622.116
2025-03-11 08:00:00,19464.262
2025-03-11 09:00:00,19505.064
2025-03-11 10:00:00,20262.598
2025-03-11 11:00:00,21393.489
2025-03-11 12:00:00,23937.815
2025-03-11 13:00:00,23076.418
2025-03-11 14:00:00,22267.816
2025-03-11 15:00:00,23055.246
2025-03-11 16:00:00,21290.025
2025-03-11 17:00:00,19553.945
2025-03-11 18:00:00,18306.715
2025-03-11 19:00:00,17522.353
2025-03-11 20:00:00,16815.001
2025-03-11 21:00:00,15678.451
2025-03-11 22:00:00,14832.936
2025-03-11 23:00:00,13948.892
2025-03-12 00:00:00,13764.243
2025-03-12 01:00:00,13857.338
2025-03-12 02:00:00,13918.682
2025-03-12 03:00:00,14222.631
2025-03-12 04:00:00,14982.009
2025-03-12 05:00:00,15841.699
2025-03-12 06:00:00,16420.868
2025-03-12 07:00:00,18299.818
2025-03-12 08:00:00,21368.118
2025-03-12 09:00:00,23624.132
2025-03-12 10:00:00,24712.178
2025-03-12 11:00:00,25155.723
2025-03-12 12:00:00,24251.997
2025-03-12 13:00:00,23689.66
2025-03-12 14:00:00,22099.693
2025-03-12 15:00:00,20957.993
2025-03-12 16:00:00,19589.302
2025-03-12 17:00:00,16476.356
2025-03-12 18:00:00,15544.858
2025-03-12 19:00:00,15419.605
2025-03-12 20:00:00,15292.049
2025-03-12 21:00:00,14945.365
2025-03-12 22:00:00,14711.277
2025-03-12 23:00:00,14182.013
2025-03-13 00:00:00,13906.468
2025-03-13 01:00:00,13833.266
2025-03-13 02:00:00,13905.276
2025-03-13 03:00:00,13966.334
2025-03-13 04:00:00,14463.653
2025-03-13 05:00:00,15662.936
2025-03-13 06:00:00,16402.794
2025-03-13 07:00:00,19012.61
2025-03-13 08:00:00,20942.292
2025-03-13 09:00:00,22962.773
2025-03-13 10:00:00,23297.441
2025-03-13 11:00:00,23419.006
2025-03-13 12:00:00,23316.448
2025-03-13 13:00:00,23598.799
2025-03-13 14:00:00,22715.985
2025-03-13 15:00:00,23241.702
2025-03-13 16:00:00,21562.931
2025-03-13 17:00:00,19058.754
2025-03-13 18:00:00,17890.525
2025-03-13 19:00:00,16913.488
2025-03-13 20:00:00,16508.595
2025-03-13 21:00:00,15589.688
2025-03-13 22:00:00,15306.17
2025-03-13 23:00:00,14970.097
2025-03-14 00:00:00,14834.534
2025-03-14 01:00:00,14776.24
2025-03-14 02:00:00,14919.661
2025-03-14 03:00:00,15057.977
2025-03-14 04:00:00,15201.993
2025-03-14 05:00:00,15762.019
2025-03-14 06:00:00,16471.673
2025-03-14 07:00:00,19835.843
2025-03-14 08:00:00,22063.035
2025-03-14 09:00:00,23408.478
2025-03-14 10:00:00,24043.815
2025-03-14 11:00:00,23861.696
2025-03-14 12:00:00,24437.414
2025-03-14 13:00:00,23580.522
2025-03-14 14:00:00,23346.511
2025-03-14 15:00:00,23109.942
2025-03-14 16:00:00,22423.965
2025-03-14 17:00:00,20683.718
2025-03-14 18:00:00,19295.383
2025-03-14 19:00:00,19194.713
2025-03-14 20:00:00,17478.756
2025-03-14 21:00:00,16296.36
2025-03-14 22:00:00,14660.069
2025-03-14 23:00:00,13434.467
2025-03-15 00:00:00,11633.824
2025-03-15 01:00:00,11535.531
2025-03-15 02:00:00,11411.118
2025-03-15 03:00:00,11985.264
2025-03-15 04:00:00,12318.348
2025-03-15 05:00:00,13017.924
2025-03-15 06:00:00,13848.646
2025-03-15 07:00:00,16555.52
2025-03-15 08:00:00,20396.895
2025-03-15 09:00:00,23126.803
2025-03-15 10:00:00,24887.176
2025-03-15 11:00:00,24341.845
2025-03-15 12:00:00,23261.34
2025-03-15 13:00:00,21455.271
2025-03-15 14:00:00,21902.972
2025-03-15 15:00:00,21336.985
2025-03-15 16:00:00,21832.259
2025-03-15 17:00:00,20880.823
2025-03-15 18:00:00,19030.854
2025-03-15 19:00:00,17569.281
2025-03-15 20:00:00,16011.165
2025-03-15 21:00:00,14844.399
2025-03-15 22:00:00,12998.749
2025-03-15 23:00:00,11566.666
2025-03-16 00:00:00,10301.873
2025-03-16 01:00:00,9507.034
2025-03-16 02:00:00,8985.796
2025-03-16 03:00:00,9091.326
2025-03-16 04:00:00,9373.648
2025-03-16 05:00:00,9463.877
2025-03-16 06:00:00,9555.092
2025-03-16 07:00:00,13136.726
2025-03-16 08:00:00,15857.615
2025-03-16 09:00:00,18350.224
2025-03-16 10:00:00,19648.888
2025-03-16 11:00:00,19594.296
2025-03-16 12:00:00,19336.182
2025-03-16 13:00:00,19716.093
2025-03-16 14:00:00,18781.111
2025-03-16 15:00:00,16702.263
2025-03-16 16:00:00,16947.392
2025-03-16 17:00:00,16103.683
2025-03-16 18:00:00,14851.153
2025-03-16 19:00:00,13707.21
2025-03-16 20:00:00,12096.469
2025-03-16 21:00:00,11301.093
2025-03-16 22:00:00,10646.749
2025-03-16 23:00:00,10639.675
2025-03-17 00:00:00,10150.402
2025-03-17 01:00:00,9460.487
2025-03-17 02:00:00,9410.673
2025-03-17 03:00:00,10766.052
2025-03-17 04:00:00,12892.993
2025-03-17 05:00:00,15496.576
2025-03-17 06:00:00,16542.877
2025-03-17 07:00:00,18966.094
2025-03-17 08:00:00,20185.654
2025-03-17 09:00:00,23374.049
2025-03-17 10:00:00,24922.812
2025-03-17 11:00:00,25133.924
2025-03-17 12:00:00,25702.134
2025-03-17 13:00:00,26226.873
2025-03-17 14:00:00,23933.998
2025-03-17 15:00:00,23862.624
2025-03-17 16:00:00,23702.027
2025-03-17 17:00:00,20551.388
2025-03-17 18:00:00,18594.02
2025-03-17 19:00:00,18132.843
2025-03-17 20:00:00,17447.413
2025-03-17 21:00:00,15462.967
2025-03-17 22:00:00,14240.276
2025-03-17 23:00:00,13883.847
2025-03-18 00:00:00,13208.934
2025-03-18 01:00:00,12868.358
2025-03-18 02:00:00,12229.294
2025-03-18 03:00:00,12173.714
2025-03-18 04:00:00,12779.924
2025-03-18 05:00:00,13948.791
2025-03-18 06:00:00,14899.123
2025-03-18 07:00:00,17394.747
2025-03-18 08:00:00,18824.857
2025-03-18 09:00:00,21525.339
2025-03-18 10:00:00,22255.035
2025-03-18 11:00:00,23919.039
2025-03-18 12:00:00,24662.582
2025-03-18 13:00:00,25522.875
2025-03-18 14:00:00,24330.174
2025-03-18 15:00:00,23268.634
2025-03-18 16:00:00,23243.095
2025-03-18 17:00:00,19968.728
2025-03-18 18:00:00,18079.351
2025-03-18 19:00:00,17469.499
2025-03-18 20:00:00,16358.738
2025-03-18 21:00:00,15097.229
2025-03-18 22:00:00,13873.065
2025-03-18 23:00:00,13155.589
2025-03-19 00:00:00,12593.02
2025-03-19 01:00:00,12405.268
2025-03-19 02:00:00,12130.656
2025-03-19 03:00:00,12764.016
2025-03-19 04:00:00,14024.908
2025-03-19 05:00:00,14686.883
2025-03-19 06:00:00,15607.387
2025-03-19 07:00:00,17169.166
2025-03-19 08:00:00,17600.345
2025-03-19 09:00:00,19409.343
2025-03-19 10:00:00,21326.786
2025-03-19 11:00:00,20544.893
2025-03-19 12:00:00,20592.397
2025-03-19 13:00:00,20979.019
2025-03-19 14:00:00,19261.184
2025-03-19 15:00:00,18322.539
2025-03-19 16:00:00,18182.721
2025-03-19 17:00:00,15623.853
2025-03-19 18:00:00,14778.282
2025-03-19 19:00:00,14557.154
2025-03-19 20:00:00,14612.556
2025-03-19 21:00:00,14323.146
2025-03-19 22:00:00,12776.199
2025-03-19 23:00:00,11540.935
2025-03-20 00:00:00,10966.981
2025-03-20 01:00:00,10852.188
2025-03-20 02:00:00,11094.003
2025-03-20 03:00:00,11552.32
2025-03-20 04:00:00,12785.396
2025-03-20 05:00:00,13713.384
2025-03-20 06:00:00,14474.328
2025-03-20 07:00:00,15200.045
2025-03-20 08:00:00,15065.848
2025-03-20 09:00:00,17313.969
2025-03-20 10:00:00,19296.029
2025-03-20 11:00:00,20210.832
2025-03-20 12:00:00,20322.981
2025-03-20 13:00:00,19201.058
2025-03-20 14:00:00,17720.557
2025-03-20 15:00:00,17961.171
2025-03-20 16:00:00,16742.21
2025-03-20 17:00:00,15694.331
2025-03-20 18:00:00,15120.973
2025-03-20 19:00:00,15242.902
2025-03-20 20:00:00,15232.103
2025-03-20 21:00:00,14240.597
2025-03-20 22:00:00,13132.033
2025-03-20 23:00:00,12168.459
2025-03-21 00:00:00,11565.077
2025-03-21 01:00:00,11198.181
2025-03-21 02:00:00,11264.449
2025-03-21 03:00:00,11664.373
2025-03-21 04:00:00,12389.611
2025-03-21 05:00:00,12713.701
2025-03-21 06:00:00,13859.345
2025-03-21 07:00:00,16152.939
2025-03-21 08:00:00,18428.321
2025-03-21 09:00:00,21164.986
2025-03-21 10:00:00,24370.289
2025-03-21 11:00:00,24766.454
2025-03-21 12:00:00,25282.313
2025-03-21 13:00:00,24279.215
2025-03-21 14:00:00,23257.091
2025-03-21 15:00:00,19507.529
2025-03-21 16:00:00,16191.022
2025-03-21 17:00:00,12779.034
2025-03-21 18:00:00,11503.722
2025-03-21 19:00:00,11658.494
2025-03-21 20:00:00,11745.569
2025-03-21 21:00:00,11475.583
2025-03-21 22:00:00,11290.407
2025-03-21 23:00:00,10715.053
2025-03-22 00:00:00,10358.223
2025-03-22 01:00:00,9876.433
2025-03-22 02:00:00,9558.445
2025-03-22 03:00:00,9363.744
2025-03-22 04:00:00,8974.67
2025-03-22 05:00:00,8495.334
2025-03-22 06:00:00,9840.183
2025-03-22 07:00:00,13043.151
2025-03-22 08:00:00,15285.948
2025-03-22 09:00:00,17740.5
2025-03-22 10:00:00,19672.028
2025-03-22 11:00:00,21449.584
2025-03-22 12:00:00,20553.752
2025-03-22 13:00:00,17615.756
2025-03-22 14:00:00,15274.322
2025-03-22 15:00:00,13943.441
2025-03-22 16:00:00,11858.155
2025-03-22 17:00:00,10671.463
2025-03-22 18:00:00,10391.14
2025-03-22 19:00:00,9947.355
2025-03-22 20:00:00,9666.57
2025-03-22 21:00:00,8908.231
2025-03-22 22:00:00,9258.577
2025-03-22 23:00:00,8148.492
2025-03-23 00:00:00,7433.148
2025-03-23 01:00:00,7206.415
2025-03-23 02:00:00,6983.419
2025-03-23 03:00:00,6720.721
2025-03-23 04:00:00,6075.397
2025-03-23 05:00:00,5962.013
2025-03-23 06:00:00,6338.189
2025-03-23 07:00:00,7938.646
2025-03-23 08:00:00,10320.923
2025-03-23 09:00:00,12553.157
2025-03-23 10:00:00,13251.33
2025-03-23 11:00:00,15303.555
2025-03-23 12:00:00,16014.213
2025-03-23 13:00:00,14567.394
2025-03-23 14:00:00,13008.506
2025-03-23 15:00:00,11625.337
2025-03-23 16:00:00,10995.19
2025-03-23 17:00:00,10709.918
2025-03-23 18:00:00,10498.546
2025-03-23 19:00:00,10223.567
2025-03-23 20:00:00,10096.096
2025-03-23 21:00:00,10303.388
2025-03-23 22:00:00,10084.984
2025-03-23 23:00:00,10244.295
2025-03-24 00:00:00,10436.048
2025-03-24 01:00:00,10588.282
2025-03-24 02:00:00,10910.113
2025-03-24 03:00:00,11338.61
2025-03-24 04:00:00,11704.907
2025-03-24 05:00:00,12477.512
2025-03-24 06:00:00,13557.288
2025-03-24 07:00:00,14964.742
2025-03-24 08:00:00,16445.379
2025-03-24 09:00:00,19595.295
2025-03-24 10:00:00,23260.521
2025-03-24 11:00:00,23568.1
2025-03-24 12:00:00,23240.174
2025-03-24 13:00:00,22512.715
2025-03-24 14:00:00,21882.731
2025-03-24 15:00:00,19983.386
2025-03-24 16:00:00,17702.691
2025-03-24 17:00:00,16270.457
2025-03-24 18:00:00,14917.517
2025-03-24 19:00:00,14172.534
2025-03-24 20:00:00,13395.349
2025-03-24 21:00:00,12949.92
2025-03-24 22:00:00,12421.034
2025-03-24 23:00:00,12012.66
2025-03-25 00:00:00,11748.147
2025-03-25 01:00:00,11865.077
2025-03-25 02:00:00,12164.374
2025-03-25 03:00:00,12428.69
2025-03-25 04:00:00,12715.745
2025-03-25 05:00:00,14014.989
2025-03-25 06:00:00,15114.619
2025-03-25 07:00:00,16979.333
2025-03-25 08:00:00,18196.713
2025-03-25 09:00:00,19376.756
2025-03-25 10:00:00,21383.307
2025-03-25 11:00:00,22721.98
2025-03-25 12:00:00,22002.837
2025-03-25 13:00:00,19640.933
2025-03-25 14:00:00,17424.802
2025-03-25 15:00:00,15906.463
2025-03-25 16:00:00,15169.215
2025-03-25 17:00:00,14794.525
2025-03-25 18:00:00,14955.263
2025-03-25 19:00:00,14887.84
2025-03-25 20:00:00,14725.293
2025-03-25 21:00:00,13486.317
2025-03-25 22:00:00,11345.092
2025-03-25 23:00:00,10634.272
2025-03-26 00:00:00,10409.506
2025-03-26 01:00:00,10318.901
2025-03-26 02:00:00,10198.645
2025-03-26 03:00:00,10289.408
2025-03-26 04:00:00,10768.353
2025-03-26 05:00:00,11975.016
2025-03-26 06:00:00,13221.33
2025-03-26 07:00:00,14547.641
2025-03-26 08:00:00,15511.972
2025-03-26 09:00:00,16753.123
2025-03-26 10:00:00,17243.952
2025-03-26 11:00:00,17621.932
2025-03-26 12:00:00,18308.785
2025-03-26 13:00:00,17304.44
2025-03-26 14:00:00,16452.145
2025-03-26 15:00:00,16007.323
2025-03-26 16:00:00,15228.142
2025-03-26 17:00:00,14295.903
2025-03-26 18:00:00,12822.395
2025-03-26 19:00:00,12686.487
2025-03-26 20:00:00,12494.045
2025-03-26 21:00:00,12146.669
2025-03-26 22:00:00,10899.725
2025-03-26 23:00:00,10453.098
2025-03-27 00:00:00,10425.042
2025-03-27 01:00:00,10337.52
2025-03-27 02:00:00,10543.092
2025-03-27 03:00:00,10417.416
2025-03-27 04:00:00,11082.635
2025-03-27 05:00:00,12076.995
2025-03-27 06:00:00,14062.205
2025-03-27 07:00:00,16649.245
2025-03-27 08:00:00,18188.104
2025-03-27 09:00:00,20447.687
2025-03-27 10:00:00,22650.583
2025-03-27 11:00:00,23524.014
2025-03-27 12:00:00,23362.109
2025-03-27 13:00:00,21892.101
2025-03-27 14:00:00,19409.511
2025-03-27 15:00:00,17231.663
2025-03-27 16:00:00,16695.832
2025-03-27 17:00:00,14624.536
2025-03-27 18:00:00,13590.27
2025-03-27 19:00:00,13597.958
2025-03-27 20:00:00,13033.762
2025-03-27 21:00:00,12344.812
2025-03-27 22:00:00,10688.274
2025-03-27 23:00:00,9744.898
2025-03-28 00:00:00,8886.36
2025-03-28 01:00:00,8125.703
2025-03-28 02:00:00,7858.798
2025-03-28 03:00:00,8499.534
2025-03-28 04:00:00,10041.447
2025-03-28 05:00:00,11310.661
2025-03-28 06:00:00,12792.407
2025-03-28 07:00:00,14959.945
2025-03-28 08:00:00,16736.557
2025-03-28 09:00:00,18022.913
2025-03-28 10:00:00,18250.449
2025-03-28 11:00:00,19505.806
2025-03-28 12:00:00,19895.4
2025-03-28 13:00:00,19415.831
2025-03-28 14:00:00,16994.602
2025-03-28 15:00:00,14704.436
2025-03-28 16:00:00,13648.314
2025-03-28 17:00:00,13156.135
2025-03-28 18:00:00,12502.107
2025-03-28 19:00:00,12293.0
2025-03-28 20:00:00,12347.771
2025-03-28 21:00:00,11837.054
2025-03-28 22:00:00,10245.695
2025-03-28 23:00:00,8604.132
2025-03-29 00:00:00,8506.846
2025-03-29 01:00:00,8267.945
2025-03-29 02:00:00,8136.186
2025-03-29 03:00:00,7984.397
2025-03-29 04:00:00,7591.971
2025-03-29 05:00:00,7455.963
2025-03-29 06:00:00,8612.425
2025-03-29 07:00:00,12156.048
2025-03-29 08:00:00,16652.406
2025-03-29 09:00:00,19486.259
2025-03-29 10:00:00,20900.422
2025-03-29 11:00:00,19087.8
2025-03-29 12:00:00,22702.134
2025-03-29 13:00:00,22307.969
2025-03-29 14:00:00,19381.864
2025-03-29 15:00:00,15711.49
2025-03-29 16:00:00,12982.204
2025-03-29 17:00:00,11503.594
2025-03-29 18:00:00,10545.212
2025-03-29 19:00:00,11254.158
2025-03-29 20:00:00,10863.419
2025-03-29 21:00:00,10607.183
2025-03-29 22:00:00,11146.451
2025-03-29 23:00:00,11480.997
2025-03-30 00:00:00,12425.183
2025-03-30 01:00:00,11581.359
2025-03-30 02:00:00,12964.207
2025-03-30 03:00:00,12850.52
2025-03-30 04:00:00,12559.994
2025-03-30 05:00:00,12778.703
2025-03-30 06:00:00,13538.05
2025-03-30 07:00:00,15439.052
2025-03-30 08:00:00,18227.339
2025-03-30 09:00:00,21023.936
2025-03-30 10:00:00,22548.467
2025-03-30 11:00:00,23490.253
2025-03-30 12:00:00,23899.282
2025-03-30 13:00:00,22522.725
2025-03-30 14:00:00,20877.682
2025-03-30 15:00:00,19449.905
2025-03-30 16:00:00,16319.992
2025-03-30 17:00:00,13992.825
2025-03-30 18:00:00,12676.65
2025-03-30 19:00:00,12803.047
2025-03-30 20:00:00,12490.186
2025-03-30 21:00:00,12372.411
2025-03-30 22:00:00,11634.323
2025-03-30 23:00:00,10567.831
2025-03-31 00:00:00,9688.152
2025-03-31 01:00:00,9544.716
2025-03-31 02:00:00,9080.248
2025-03-31 03:00:00,10011.579
2025-03-31 04:00:00,11783.106
2025-03-31 05:00:00,13057.964
2025-03-31 06:00:00,13818.795
2025-03-31 07:00:00,16019.837
2025-03-31 08:00:00,17654.683
2025-03-31 09:00:00,20077.792
2025-03-31 10:00:00,21528.959
2025-03-31 11:00:00,23416.997
2025-03-31 12:00:00,23567.773
2025-03-31 13:00:00,23254.533
2025-03-31 14:00:00,21537.225
2025-03-31 15:00:00,19933.994
2025-03-31 16:00:00,18854.59
2025-03-31 17:00:00,16277.81
2025-03-31 18:00:00,13985.781
2025-03-31 19:00:00,13162.691
2025-03-31 20:00:00,12410.781
2025-03-31 21:00:00,10712.501
2025-03-31 22:00:00,9444.831
2025-03-31 23:00:00,9462.668
2025-04-01 00:00:00,9410.522
2025-04-01 01:00:00,9094.111
2025-04-01 02:00:00,9460.859
2025-04-01 03:00:00,10211.819
2025-04-01 04:00:00,12654.747
2025-04-01 05:00:00,13544.218
2025-04-01 06:00:00,15365.72
2025-04-01 07:00:00,16784.905
2025-04-01 08:00:00,17126.985
2025-04-01 09:00:00,20643.801
2025-04-01 10:00:00,23408.22
2025-04-01 11:00:00,23753.273
2025-04-01 12:00:00,24746.394
2025-04-01 13:00:00,23875.381
2025-04-01 14:00:00,23757.508
2025-04-01 15:00:00,21566.25
2025-04-01 16:00:00,20227.267
2025-04-01 17:00:00,18522.37
2025-04-01 18:00:00,15644.562
2025-04-01 19:00:00,13128.637
2025-04-01 20:00:00,10392.312
2025-04-01 21:00:00,9113.54
2025-04-01 22:00:00,8256.915
2025-04-01 23:00:00,7307.521
2025-04-02 00:00:00,6193.904
2025-04-02 01:00:00,5914.239
2025-04-02 02:00:00,5998.8
2025-04-02 03:00:00,6857.309
2025-04-02 04:00:00,9350.609
2025-04-02 05:00:00,10887.352
2025-04-02 06:00:00,13249.531
2025-04-02 07:00:00,16815.239
2025-04-02 08:00:00,21515.308
2025-04-02 09:00:00,24248.892
2025-04-02 10:00:00,26452.431
2025-04-02 11:00:00,27379.856
2025-04-02 12:00:00,27495.067
2025-04-02 13:00:00,26494.649
2025-04-02 14:00:00,24223.175
2025-04-02 15:00:00,21522.755
2025-04-02 16:00:00,18431.418
2025-04-02 17:00:00,15360.239
2025-04-02 18:00:00,12467.663
2025-04-02 19:00:00,11714.932
2025-04-02 20:00:00,10929.834
2025-04-02 21:00:00,10225.495
2025-04-02 22:00:00,10221.012
2025-04-02 23:00:00,9690.629
2025-04-03 00:00:00,9225.139
2025-04-03 01:00:00,9138.04
2025-04-03 02:00:00,9077.038
2025-04-03 03:00:00,9434.464
2025-04-03 04:00:00,11527.666
2025-04-03 05:00:00,12241.297
2025-04-03 06:00:00,14282.693
2025-04-03 07:00:00,16803.982
2025-04-03 08:00:00,20288.426
2025-04-03 09:00:00,21652.059
2025-04-03 10:00:00,23128.084
2025-04-03 11:00:00,24140.148
2025-04-03 12:00:00,24360.516
2025-04-03 13:00:00,23625.806
2025-04-03 14:00:00,22851.131
2025-04-03 15:00:00,20357.675
2025-04-03 16:00:00,18208.381
2025-04-03 17:00:00,14414.939
2025-04-03 18:00:00,11307.305
2025-04-03 19:00:00,10948.51
2025-04-03 20:00:00,10157.27
2025-04-03 21:00:00,9018.449
2025-04-03 22:00:00,9588.366
2025-04-03 23:00:00,9511.541
2025-04-04 00:00:00,8862.941
2025-04-04 01:00:00,8638.0
2025-04-04 02:00:00,8607.596
2025-04-04 03:00:00,9191.165
2025-04-04 04:00:00,10293.177
2025-04-04 05:00:00,10906.619
2025-04-04 06:00:00,12892.087
2025-04-04 07:00:00,13558.303
2025-04-04 08:00:00,16325.453
2025-04-04 09:00:00,19546.562
2025-04-04 10:00:00,21886.79
2025-04-04 11:00:00,23423.661
2025-04-04 12:00:00,23183.463
2025-04-04 13:00:00,22491.568
2025-04-04 14:00:00,21325.677
2025-04-04 15:00:00,19169.71
2025-04-04 16:00:00,18232.821
2025-04-04 17:00:00,15799.615
2025-04-04 18:00:00,13448.788
2025-04-04 19:00:00,12220.961
2025-04-04 20:00:00,11020.686
2025-04-04 21:00:00,9659.34
2025-04-04 22:00:00,8960.484
2025-04-04 23:00:00,8279.199
2025-04-05 00:00:00,7184.9
2025-04-05 01:00:00,6286.142
2025-04-05 02:00:00,6251.694
2025-04-05 03:00:00,6817.257
2025-04-05 04:00:00,7355.938
2025-04-05 05:00:00,7846.152
2025-04-05 06:00:00,10722.351
2025-04-05 07:00:00,15964.575
2025-04-05 08:00:00,20481.747
2025-04-05 09:00:00,23839.782
2025-04-05 10:00:00,25656.381
2025-04-05 11:00:00,26772.399
2025-04-05 12:00:00,26771.175
2025-04-05 13:00:00,25572.835
2025-04-05 14:00:00,23735.705
2025-04-05 15:00:00,21846.621
2025-04-05 16:00:00,18606.53
2025-04-05 17:00:00,15123.485
2025-04-05 18:00:00,12277.75
2025-04-05 19:00:00,11133.625
2025-04-05 20:00:00,10167.217
2025-04-05 21:00:00,9952.553
2025-04-05 22:00:00,9729.075
2025-04-05 23:00:00,9385.203
2025-04-06 00:00:00,8830.104
2025-04-06 01:00:00,8445.928
2025-04-06 02:00:00,8287.433
2025-04-06 03:00:00,8639.337
2025-04-06 04:00:00,8701.101
2025-04-06 05:00:00,8661.474
2025-04-06 06:00:00,11187.634
2025-04-06 07:00:00,16223.975
2025-04-06 08:00:00,19215.916
2025-04-06 09:00:00,21831.602
2025-04-06 10:00:00,23605.393
2025-04-06 11:00:00,24455.89
2025-04-06 12:00:00,24208.236
2025-04-06 13:00:00,22707.589
2025-04-06 14:00:00,20169.497
2025-04-06 15:00:00,19351.038
2025-04-06 16:00:00,16662.96
2025-04-06 17:00:00,15138.511
2025-04-06 18:00:00,12935.399
2025-04-06 19:00:00,11929.101
2025-04-06 20:00:00,11515.023
2025-04-06 21:00:00,10082.219
2025-04-06 22:00:00,9062.773
2025-04-06 23:00:00,8635.858
2025-04-07 00:00:00,8361.051
2025-04-07 01:00:00,8250.335
2025-04-07 02:00:00,8353.797
2025-04-07 03:00:00,9711.906
2025-04-07 04:00:00,11572.937
2025-04-07 05:00:00,12741.544
2025-04-07 06:00:00,15115.364
2025-04-07 07:00:00,16862.528
2025-04-07 08:00:00,18008.905
2025-04-07 09:00:00,19959.973
2025-04-07 10:00:00,22193.372
2025-04-07 11:00:00,23117.18
2025-04-07 12:00:00,23143.088
2025-04-07 13:00:00,22158.834
2025-04-07 14:00:00,20926.203
2025-04-07 15:00:00,21111.049
2025-04-07 16:00:00,20985.639
2025-04-07 17:00:00,18315.449
2025-04-07 18:00:00,16437.834
2025-04-07 19:00:00,15623.385
2025-04-07 20:00:00,14209.794
2025-04-07 21:00:00,13581.984
2025-04-07 22:00:00,12565.906
2025-04-07 23:00:00,12278.872
2025-04-08 00:00:00,11849.047
2025-04-08 01:00:00,11560.431
2025-04-08 02:00:00,11863.795
2025-04-08 03:00:00,12524.44
2025-04-08 04:00:00,13073.638
2025-04-08 05:00:00,13563.068
2025-04-08 06:00:00,15862.123
2025-04-08 07:00:00,18120.917
2025-04-08 08:00:00,18623.256
2025-04-08 09:00:00,19870.87
2025-04-08 10:00:00,21655.037
2025-04-08 11:00:00,22207.188
2025-04-08 12:00:00,22336.925
2025-04-08 13:00:00,21109.213
2025-04-08 14:00:00,20300.359
2025-04-08 15:00:00,20044.131
2025-04-08 16:00:00,19978.471
2025-04-08 17:00:00,17468.556
2025-04-08 18:00:00,15615.348
2025-04-08 19:00:00,14810.691
2025-04-08 20:00:00,14515.935
2025-04-08 21:00:00,13518.421
2025-04-08 22:00:00,12238.353
2025-04-08 23:00:00,11559.406
2025-04-09 00:00:00,11378.657
2025-04-09 01:00:00,11176.368
2025-04-09 02:00:00,11074.913
2025-04-09 03:00:00,11819.827
2025-04-09 04:00:00,13274.746
2025-04-09 05:00:00,14346.947
2025-04-09 06:00:00,15448.905
2025-04-09 07:00:00,16870.261
2025-04-09 08:00:00,17071.128
2025-04-09 09:00:00,18898.232
2025-04-09 10:00:00,21429.803
2025-04-09 11:00:00,21553.962
2025-04-09 12:00:00,22093.508
2025-04-09 13:00:00,23320.804
2025-04-09 14:00:00,22012.287
2025-04-09 15:00:00,19703.962
2025-04-09 16:00:00,19309.44
2025-04-09 17:00:00,18938.411
2025-04-09 18:00:00,17367.038
2025-04-09 19:00:00,15699.539
2025-04-09 20:00:00,14479.298
2025-04-09 21:00:00,12942.738
2025-04-09 22:00:00,12467.924
2025-04-09 23:00:00,12019.116
2025-04-10 00:00:00,11930.8
2025-04-10 01:00:00,11936.672
2025-04-10 02:00:00,12357.741
2025-04-10 03:00:00,12576.615
2025-04-10 04:00:00,14091.709
2025-04-10 05:00:00,14873.231
2025-04-10 06:00:00,15593.106
2025-04-10 07:00:00,16189.048
2025-04-10 08:00:00,16429.705
2025-04-10 09:00:00,16627.214
2025-04-10 10:00:00,17915.307
2025-04-10 11:00:00,19038.233
2025-04-10 12:00:00,20428.944
2025-04-10 13:00:00,20757.341
2025-04-10 14:00:00,20541.541
2025-04-10 15:00:00,17902.133
2025-04-10 16:00:00,16521.356
2025-04-10 17:00:00,14598.138
2025-04-10 18:00:00,12304.5
2025-04-10 19:00:00,11375.121
2025-04-10 20:00:00,10459.025
2025-04-10 21:00:00,9675.066
2025-04-10 22:00:00,9557.418
2025-04-10 23:00:00,9415.257
2025-04-11 00:00:00,9300.491
2025-04-11 01:00:00,9204.7
2025-04-11 02:00:00,9431.538
2025-04-11 03:00:00,9270.461
2025-04-11 04:00:00,9529.075
2025-04-11 05:00:00,10534.57
2025-04-11 06:00:00,12487.532
2025-04-11 07:00:00,14333.84
2025-04-11 08:00:00,17239.412
2025-04-11 09:00:00,19091.205
2025-04-11 10:00:00,21372.247
2025-04-11 11:00:00,22289.54
2025-04-11 12:00:00,21899.992
2025-04-11 13:00:00,20213.853
2025-04-11 14:00:00,17256.623
2025-04-11 15:00:00,15471.125
2025-04-11 16:00:00,13664.723
2025-04-11 17:00:00,11763.187
2025-04-11 18:00:00,9681.983
2025-04-11 19:00:00,9110.781
2025-04-11 20:00:00,8913.673
2025-04-11 21:00:00,8427.169
2025-04-11 22:00:00,8495.383
2025-04-11 23:00:00,8442.782
2025-04-12 00:00:00,8381.442
2025-04-12 01:00:00,8482.479
2025-04-12 02:00:00,8420.913
2025-04-12 03:00:00,8779.027
2025-04-12 04:00:00,9035.263
2025-04-12 05:00:00,9581.333
2025-04-12 06:00:00,11263.784
2025-04-12 07:00:00,13025.737
2025-04-12 08:00:00,16554.557
2025-04-12 09:00:00,18393.049
2025-04-12 10:00:00,20520.633
2025-04-12 11:00:00,21847.712
2025-04-12 12:00:00,22417.07
2025-04-12 13:00:00,21687.317
2025-04-12 14:00:00,19768.905
2025-04-12 15:00:00,19212.2
2025-04-12 16:00:00,17450.186
2025-04-12 17:00:00,14841.127
2025-04-12 18:00:00,11826.503
2025-04-12 19:00:00,10723.001
2025-04-12 20:00:00,9707.139
2025-04-12 21:00:00,8890.81
2025-04-12 22:00:00,8309.199
2025-04-12 23:00:00,8002.25
2025-04-13 00:00:00,7421.779
2025-04-13 01:00:00,7201.857
2025-04-13 02:00:00,6905.589
2025-04-13 03:00:00,7176.452
2025-04-13 04:00:00,7026.32
2025-04-13 05:00:00,7604.666
2025-04-13 06:00:00,9199.025
2025-04-13 07:00:00,11760.87
2025-04-13 08:00:00,14356.404
2025-04-13 09:00:00,17628.293
2025-04-13 10:00:00,18663.952
2025-04-13 11:00:00,20069.903
2025-04-13 12:00:00,21113.733
2025-04-13 13:00:00,20869.192
2025-04-13 14:00:00,18962.133
2025-04-13 15:00:00,17238.429
2025-04-13 16:00:00,15871.196
2025-04-13 17:00:00,14522.319
2025-04-13 18:00:00,13099.549
2025-04-13 19:00:00,12635.729
2025-04-13 20:00:00,11737.969
2025-04-13 21:00:00,11052.273
2025-04-13 22:00:00,11384.451
2025-04-13 23:00:00,10913.762
2025-04-14 00:00:00,10545.183
2025-04-14 01:00:00,10056.775
2025-04-14 02:00:00,9808.181
2025-04-14 03:00:00,10230.907
2025-04-14 04:00:00,10866.065
2025-04-14 05:00:00,11794.492
2025-04-14 06:00:00,13243.283
2025-04-14 07:00:00,14876.433
2025-04-14 08:00:00,17038.093
2025-04-14 09:00:00,19295.995
2025-04-14 10:00:00,20529.568
2025-04-14 11:00:00,20320.144
2025-04-14 12:00:00,20433.181
2025-04-14 13:00:00,18783.082
2025-04-14 14:00:00,17171.122
2025-04-14 15:00:00,16494.153
2025-04-14 16:00:00,14782.528
2025-04-14 17:00:00,12570.301
2025-04-14 18:00:00,11171.671
2025-04-14 19:00:00,11133.75
2025-04-14 20:00:00,10335.043
2025-04-14 21:00:00,9588.521
2025-04-14 22:00:00,8886.224
2025-04-14 23:00:00,8455.134
2025-04-15 00:00:00,8167.108
2025-04-15 01:00:00,8119.047
2025-04-15 02:00:00,8278.566
2025-04-15 03:00:00,9153.694
2025-04-15 04:00:00,10374.594
2025-04-15 05:00:00,11862.678
2025-04-15 06:00:00,14041.213
2025-04-15 07:00:00,16007.896
2025-04-15 08:00:00,18096.337
2025-04-15 09:00:00,19187.344
2025-04-15 10:00:00,20911.893
2025-04-15 11:00:00,17840.019
2025-04-15 12:00:00,17926.183
2025-04-15 13:00:00,15178.298
2025-04-15 14:00:00,14375.676
2025-04-15 15:00:00,14277.786
2025-04-15 16:00:00,12660.158
2025-04-15 17:00:00,11535.155
2025-04-15 18:00:00,10226.049
2025-04-15 19:00:00,9880.085
2025-04-15 20:00:00,9158.639
2025-04-15 21:00:00,8599.189
2025-04-15 22:00:00,8318.11
2025-04-15 23:00:00,8330.023
2025-04-16 00:00:00,9048.23
2025-04-16 01:00:00,9342.756
2025-04-16 02:00:00,10030.312
2025-04-16 03:00:00,10755.132
2025-04-16 04:00:00,11883.402
2025-04-16 05:00:00,13045.708
2025-04-16 06:00:00,13329.469
2025-04-16 07:00:00,13047.211
2025-04-16 08:00:00,13143.634
2025-04-16 09:00:00,13139.188
2025-04-16 10:00:00,14175.136
2025-04-16 11:00:00,14231.261
2025-04-16 12:00:00,14252.332
2025-04-16 13:00:00,13415.675
2025-04-16 14:00:00,13038.747
2025-04-16 15:00:00,13045.482
2025-04-16 16:00:00,13068.055
2025-04-16 17:00:00,11882.884
2025-04-16 18:00:00,11014.1
2025-04-16 19:00:00,10913.015
2025-04-16 20:00:00,10461.189
2025-04-16 21:00:00,9410.929
2025-04-16 22:00:00,7825.222
2025-04-16 23:00:00,7622.775
2025-04-17 00:00:00,7484.561
2025-04-17 01:00:00,7164.354
2025-04-17 02:00:00,7635.176
2025-04-17 03:00:00,8329.998
2025-04-17 04:00:00,9223.326
2025-04-17 05:00:00,9916.69
2025-04-17 06:00:00,10589.835
2025-04-17 07:00:00,11314.731
2025-04-17 08:00:00,12255.352
2025-04-17 09:00:00,12871.388
2025-04-17 10:00:00,13483.713
2025-04-17 11:00:00,14016.784
2025-04-17 12:00:00,14569.187
2025-04-17 13:00:00,13818.322
2025-04-17 14:00:00,12507.892
2025-04-17 15:00:00,12363.061
2025-04-17 16:00:00,11719.341
2025-04-17 17:00:00,11158.892
2025-04-17 18:00:00,10771.664
2025-04-17 19:00:00,10318.242
2025-04-17 20:00:00,9523.9
2025-04-17 21:00:00,9267.755
2025-04-17 22:00:00,9273.215
2025-04-17 23:00:00,8808.431
2025-04-18 00:00:00,8309.558
2025-04-18 01:00:00,8221.022
2025-04-18 02:00:00,8209.629
2025-04-18 03:00:00,8423.787
2025-04-18 04:00:00,8802.431
2025-04-18 05:00:00,9466.969
2025-04-18 06:00:00,10752.015
2025-04-18 07:00:00,11981.927
2025-04-18 08:00:00,13010.801
2025-04-18 09:00:00,13743.651
2025-04-18 10:00:00,14715.116
2025-04-18 11:00:00,17080.642
2025-04-18 12:00:00,18504.593
2025-04-18 13:00:00,18614.258
2025-04-18 14:00:00,17654.017
2025-04-18 15:00:00,17408.103
2025-04-18 16:00:00,16608.766
2025-04-18 17:00:00,14633.695
2025-04-18 18:00:00,12980.05
2025-04-18 19:00:00,12653.302
2025-04-18 20:00:00,11623.134
2025-04-18 21:00:00,10252.597
2025-04-18 22:00:00,8602.779
2025-04-18 23:00:00,7504.014
2025-04-19 00:00:00,6910.336
2025-04-19 01:00:00,6654.383
2025-04-19 02:00:00,6739.123
2025-04-19 03:00:00,6906.268
2025-04-19 04:00:00,7466.41
2025-04-19 05:00:00,8306.318
2025-04-19 06:00:00,10630.806
2025-04-19 07:00:00,13431.98
2025-04-19 08:00:00,16473.207
2025-04-19 09:00:00,18760.003
2025-04-19 10:00:00,19504.24
2025-04-19 11:00:00,21379.192
2025-04-19 12:00:00,22465.366
2025-04-19 13:00:00,21967.331
2025-04-19 14:00:00,22388.64
2025-04-19 15:00:00,19744.129
2025-04-19 16:00:00,17416.482
2025-04-19 17:00:00,15093.152
2025-04-19 18:00:00,12431.931
2025-04-19 19:00:00,11178.108
2025-04-19 20:00:00,10465.859
2025-04-19 21:00:00,9939.124
2025-04-19 22:00:00,9484.769
2025-04-19 23:00:00,8951.854
2025-04-20 00:00:00,8647.953
2025-04-20 01:00:00,8584.776
2025-04-20 02:00:00,8418.238
2025-04-20 03:00:00,8410.341
2025-04-20 04:00:00,8442.392
2025-04-20 05:00:00,8652.555
2025-04-20 06:00:00,9543.952
2025-04-20 07:00:00,10992.929
2025-04-20 08:00:00,13061.528
2025-04-20 09:00:00,15570.508
2025-04-20 10:00:00,17282.403
2025-04-20 11:00:00,18908.13
2025-04-20 12:00:00,18685.918
2025-04-20 13:00:00,17162.617
2025-04-20 14:00:00,13966.01
2025-04-20 15:00:00,13971.808
2025-04-20 16:00:00,12831.764
2025-04-20 17:00:00,11860.814
2025-04-20 18:00:00,10435.485
2025-04-20 19:00:00,9724.905
2025-04-20 20:00:00,9148.649
2025-04-20 21:00:00,8633.023
2025-04-20 22:00:00,8434.406
2025-04-20 23:00:00,8405.92
2025-04-21 00:00:00,8025.145
2025-04-21 01:00:00,7558.388
2025-04-21 02:00:00,7528.541
2025-04-21 03:00:00,7606.952
2025-04-21 04:00:00,7664.174
2025-04-21 05:00:00,7820.767
2025-04-21 06:00:00,8497.629
2025-04-21 07:00:00,9170.41
2025-04-21 08:00:00,9943.81
2025-04-21 09:00:00,11570.484
2025-04-21 10:00:00,12304.885
2025-04-21 11:00:00,11062.309
2025-04-21 12:00:00,10687.693
2025-04-21 13:00:00,9843.995
2025-04-21 14:00:00,9901.169
2025-04-21 15:00:00,11775.21
2025-04-21 16:00:00,12246.27
2025-04-21 17:00:00,10788.254
2025-04-21 18:00:00,10035.28
2025-04-21 19:00:00,10162.881
2025-04-21 20:00:00,10512.146
2025-04-21 21:00:00,10141.732
2025-04-21 22:00:00,9211.575
2025-04-21 23:00:00,9197.999
2025-04-22 00:00:00,9199.462
2025-04-22 01:00:00,9256.193
2025-04-22 02:00:00,9342.559
2025-04-22 03:00:00,10017.902
2025-04-22 04:00:00,11284.999
2025-04-22 05:00:00,11738.13
2025-04-22 06:00:00,12676.357
2025-04-22 07:00:00,14173.752
2025-04-22 08:00:00,14516.463
2025-04-22 09:00:00,15341.707
2025-04-22 10:00:00,17325.875
2025-04-22 11:00:00,18378.757
2025-04-22 12:00:00,20196.114
2025-04-22 13:00:00,20050.219
2025-04-22 14:00:00,19112.022
2025-04-22 15:00:00,18040.704
2025-04-22 16:00:00,15748.467
2025-04-22 17:00:00,13324.648
2025-04-22 18:00:00,11258.114
2025-04-22 19:00:00,11056.461
2025-04-22 20:00:00,11201.795
2025-04-22 21:00:00,10768.242
2025-04-22 22:00:00,10283.731
2025-04-22 23:00:00,10008.733
2025-04-23 00:00:00,9862.97
2025-04-23 01:00:00,9790.816
2025-04-23 02:00:00,9767.192
2025-04-23 03:00:00,10090.277
2025-04-23 04:00:00,10648.992
2025-04-23 05:00:00,11283.939
2025-04-23 06:00:00,12715.463
2025-04-23 07:00:00,14401.2
2025-04-23 08:00:00,15023.939
2025-04-23 09:00:00,15083.764
2025-04-23 10:00:00,15340.772
2025-04-23 11:00:00,15008.537
2025-04-23 12:00:00,14899.577
2025-04-23 13:00:00,15518.455
2025-04-23 14:00:00,14707.711
2025-04-23 15:00:00,15015.226
2025-04-23 16:00:00,13792.052
2025-04-23 17:00:00,13312.734
2025-04-23 18:00:00,12428.825
2025-04-23 19:00:00,12261.33
2025-04-23 20:00:00,12273.723
2025-04-23 21:00:00,11527.106
2025-04-23 22:00:00,11279.204
2025-04-23 23:00:00,11063.063
2025-04-24 00:00:00,11028.725
2025-04-24 01:00:00,11357.662
2025-04-24 02:00:00,11756.206
2025-04-24 03:00:00,12483.843
2025-04-24 04:00:00,14618.063
2025-04-24 05:00:00,15557.759
2025-04-24 06:00:00,16245.553
2025-04-24 07:00:00,16619.25
2025-04-24 08:00:00,16370.01
2025-04-24 09:00:00,16769.615
2025-04-24 10:00:00,17080.697
2025-04-24 11:00:00,16644.054
2025-04-24 12:00:00,17160.089
2025-04-24 13:00:00,17791.029
2025-04-24 14:00:00,17918.115
2025-04-24 15:00:00,17470.856
2025-04-24 16:00:00,17857.537
2025-04-24 17:00:00,16714.568
2025-04-24 18:00:00,15241.837
2025-04-24 19:00:00,14571.825
2025-04-24 20:00:00,13681.751
2025-04-24 21:00:00,12065.902
2025-04-24 22:00:00,11334.2
2025-04-24 23:00:00,10471.06
2025-04-25 00:00:00,9920.072
2025-04-25 01:00:00,9629.598
2025-04-25 02:00:00,9916.046
2025-04-25 03:00:00,10545.217
2025-04-25 04:00:00,12461.898
2025-04-25 05:00:00,13524.575
2025-04-25 06:00:00,14809.599
2025-04-25 07:00:00,16138.601
2025-04-25 08:00:00,16453.61
2025-04-25 09:00:00,17137.993
2025-04-25 10:00:00,17427.262
2025-04-25 11:00:00,18374.518
2025-04-25 12:00:00,18557.235
2025-04-25 13:00:00,17427.575
2025-04-25 14:00:00,16589.231
2025-04-25 15:00:00,16382.511
2025-04-25 16:00:00,17110.836
2025-04-25 17:00:00,15121.302
2025-04-25 18:00:00,12603.606
2025-04-25 19:00:00,11684.8
2025-04-25 20:00:00,11270.228
2025-04-25 21:00:00,10243.776
2025-04-25 22:00:00,9269.369
2025-04-25 23:00:00,8779.13
2025-04-26 00:00:00,8390.117
2025-04-26 01:00:00,8258.695
2025-04-26 02:00:00,8335.964
2025-04-26 03:00:00,8135.918
2025-04-26 04:00:00,8243.738
2025-04-26 05:00:00,9161.948
2025-04-26 06:00:00,10479.849
2025-04-26 07:00:00,11762.709
2025-04-26 08:00:00,14912.478
2025-04-26 09:00:00,16864.924
2025-04-26 10:00:00,19299.437
2025-04-26 11:00:00,20408.153
2025-04-26 12:00:00,19496.38
2025-04-26 13:00:00,18282.35
2025-04-26 14:00:00,16702.772
2025-04-26 15:00:00,15464.861
2025-04-26 16:00:00,13095.572
2025-04-26 17:00:00,11474.131
2025-04-26 18:00:00,9133.77
2025-04-26 19:00:00,7977.057
2025-04-26 20:00:00,7628.894
2025-04-26 21:00:00,7049.38
2025-04-26 22:00:00,6416.419
2025-04-26 23:00:00,6025.936
2025-04-27 00:00:00,5260.161
2025-04-27 01:00:00,4668.164
2025-04-27 02:00:00,4590.073
2025-04-27 03:00:00,4427.899
2025-04-27 04:00:00,4519.311
2025-04-27 05:00:00,5552.504
2025-04-27 06:00:00,8464.556
2025-04-27 07:00:00,12410.421
2025-04-27 08:00:00,16140.449
2025-04-27 09:00:00,19098.987
2025-04-27 10:00:00,20908.262
2025-04-27 11:00:00,21681.485
2025-04-27 12:00:00,21128.878
2025-04-27 13:00:00,19952.755
2025-04-27 14:00:00,17971.171
2025-04-27 15:00:00,14945.762
2025-04-27 16:00:00,12684.559
2025-04-27 17:00:00,11819.719
2025-04-27 18:00:00,9605.99
2025-04-27 19:00:00,8479.305
2025-04-27 20:00:00,7972.014
2025-04-27 21:00:00,7389.507
2025-04-27 22:00:00,6527.669
2025-04-27 23:00:00,6358.993
2025-04-28 00:00:00,6458.016
2025-04-28 01:00:00,6528.687
2025-04-28 02:00:00,7017.838
2025-04-28 03:00:00,8205.4
2025-04-28 04:00:00,9221.546
2025-04-28 05:00:00,10826.574
2025-04-28 06:00:00,13639.6
2025-04-28 07:00:00,13602.114
2025-04-28 08:00:00,15632.358
2025-04-28 09:00:00,16860.336
2025-04-28 10:00:00,18591.339
2025-04-28 11:00:00,19490.829
2025-04-28 12:00:00,19446.258
2025-04-28 13:00:00,18343.184
2025-04-28 14:00:00,17833.756
2025-04-28 15:00:00,15913.231
2025-04-28 16:00:00,15065.107
2025-04-28 17:00:00,12685.513
2025-04-28 18:00:00,10479.604
2025-04-28 19:00:00,9234.798
2025-04-28 20:00:00,8817.803
2025-04-28 21:00:00,8600.628
2025-04-28 22:00:00,8223.248
2025-04-28 23:00:00,7400.776
2025-04-29 00:00:00,7299.205
2025-04-29 01:00:00,7387.855
2025-04-29 02:00:00,7493.842
2025-04-29 03:00:00,7666.156
2025-04-29 04:00:00,8775.751
2025-04-29 05:00:00,10560.718
2025-04-29 06:00:00,13169.335
2025-04-29 07:00:00,14160.928
2025-04-29 08:00:00,16162.937
2025-04-29 09:00:00,16986.301
2025-04-29 10:00:00,18880.087
2025-04-29 11:00:00,19720.956
2025-04-29 12:00:00,19647.528
2025-04-29 13:00:00,18843.648
2025-04-29 14:00:00,18541.277
2025-04-29 15:00:00,16867.484
2025-04-29 16:00:00,16836.194
2025-04-29 17:00:00,14239.946
2025-04-29 18:00:00,11597.092
2025-04-29 19:00:00,10709.719
2025-04-29 20:00:00,10480.314
2025-04-29 21:00:00,10225.671
2025-04-29 22:00:00,9811.079
2025-04-29 23:00:00,9492.252
2025-04-30 00:00:00,9456.663
2025-04-30 01:00:00,8979.8
2025-04-30 02:00:00,8807.478
2025-04-30 03:00:00,8967.508
2025-04-30 04:00:00,9256.535
2025-04-30 05:00:00,10890.0
2025-04-30 06:00:00,13458.621
2025-04-30 07:00:00,13663.06
2025-04-30 08:00:00,15729.021
2025-04-30 09:00:00,17170.861
2025-04-30 10:00:00,18864.655
2025-04-30 11:00:00,19679.625
2025-04-30 12:00:00,19292.812
2025-04-30 13:00:00,18583.988
2025-04-30 14:00:00,18540.664
2025-04-30 15:00:00,16430.238
2025-04-30 16:00:00,15718.755
2025-04-30 17:00:00,13328.025
2025-04-30 18:00:00,10774.026
2025-04-30 19:00:00,9665.54
2025-04-30 20:00:00,9324.258
2025-04-30 21:00:00,9048.868
2025-04-30 22:00:00,8327.047
2025-04-30 23:00:00,7640.219
2025-05-01 00:00:00,7324.334
2025-05-01 01:00:00,7183.759
2025-05-01 02:00:00,7020.864
2025-05-01 03:00:00,6965.023
2025-05-01 04:00:00,7135.982
2025-05-01 05:00:00,8471.032
2025-05-01 06:00:00,9642.505
2025-05-01 07:00:00,11403.858
2025-05-01 08:00:00,14587.676
2025-05-01 09:00:00,17073.587
2025-05-01 10:00:00,18613.22
2025-05-01 11:00:00,19228.747
2025-05-01 12:00:00,18992.157
2025-05-01 13:00:00,17751.683
2025-05-01 14:00:00,15374.624
2025-05-01 15:00:00,14034.613
2025-05-01 16:00:00,12195.615
2025-05-01 17:00:00,10609.692
2025-05-01 18:00:00,8459.829
2025-05-01 19:00:00,7767.22
2025-05-01 20:00:00,7566.453
2025-05-01 21:00:00,7110.664
2025-05-01 22:00:00,5922.305
2025-05-01 23:00:00,5027.041
2025-05-02 00:00:00,4819.111
2025-05-02 01:00:00,4540.562
2025-05-02 02:00:00,4811.583
2025-05-02 03:00:00,5413.628
2025-05-02 04:00:00,5636.861
2025-05-02 05:00:00,7386.952
2025-05-02 06:00:00,9755.562
2025-05-02 07:00:00,10824.557
2025-05-02 08:00:00,12945.932
2025-05-02 09:00:00,13760.305
2025-05-02 10:00:00,13162.523
2025-05-02 11:00:00,14062.794
2025-05-02 12:00:00,17142.562
2025-05-02 13:00:00,18956.859
2025-05-02 14:00:00,19197.824
2025-05-02 15:00:00,16509.84
2025-05-02 16:00:00,15400.575
2025-05-02 17:00:00,13339.823
2025-05-02 18:00:00,11115.446
2025-05-02 19:00:00,10057.182
2025-05-02 20:00:00,9855.652
2025-05-02 21:00:00,9491.825
2025-05-02 22:00:00,7752.331
2025-05-02 23:00:00,7083.508
2025-05-03 00:00:00,6715.264
2025-05-03 01:00:00,6543.562
2025-05-03 02:00:00,6416.613
2025-05-03 03:00:00,6402.505
2025-05-03 04:00:00,6114.166
2025-05-03 05:00:00,7483.27
2025-05-03 06:00:00,8884.398
2025-05-03 07:00:00,11626.028
2025-05-03 08:00:00,14808.493
2025-05-03 09:00:00,17308.677
2025-05-03 10:00:00,18034.629
2025-05-03 11:00:00,18550.443
2025-05-03 12:00:00,19013.23
2025-05-03 13:00:00,16894.758
2025-05-03 14:00:00,15903.33
2025-05-03 15:00:00,17124.059
2025-05-03 16:00:00,16335.091
2025-05-03 17:00:00,14478.181
2025-05-03 18:00:00,13008.673
2025-05-03 19:00:00,11303.193
2025-05-03 20:00:00,10433.668
2025-05-03 21:00:00,9664.961
2025-05-03 22:00:00,8259.648
2025-05-03 23:00:00,7194.27
2025-05-04 00:00:00,6958.273
2025-05-04 01:00:00,6915.132
2025-05-04 02:00:00,6997.858
2025-05-04 03:00:00,8198.268
2025-05-04 04:00:00,7748.917
2025-05-04 05:00:00,8623.711
2025-05-04 06:00:00,11182.388
2025-05-04 07:00:00,13292.433
2025-05-04 08:00:00,15092.354
2025-05-04 09:00:00,18162.221
2025-05-04 10:00:00,19378.09
2025-05-04 11:00:00,21538.182
2025-05-04 12:00:00,19424.847
2025-05-04 13:00:00,20205.338
2025-05-04 14:00:00,19720.226
2025-05-04 15:00:00,17187.501
2025-05-04 16:00:00,15285.747
2025-05-04 17:00:00,14052.364
2025-05-04 18:00:00,11567.094
2025-05-04 19:00:00,9688.269
2025-05-04 20:00:00,8613.75
2025-05-04 21:00:00,7683.796
2025-05-04 22:00:00,7101.656
2025-05-04 23:00:00,6594.614
2025-05-05 00:00:00,6353.131
2025-05-05 01:00:00,6121.186
2025-05-05 02:00:00,6078.458
2025-05-05 03:00:00,6926.337
2025-05-05 04:00:00,8252.209
2025-05-05 05:00:00,10202.412
2025-05-05 06:00:00,12943.647
2025-05-05 07:00:00,17479.823
2025-05-05 08:00:00,22071.807
2025-05-05 09:00:00,23073.389
2025-05-05 10:00:00,24308.599
2025-05-05 11:00:00,25179.638
2025-05-05 12:00:00,24571.827
2025-05-05 13:00:00,24598.047
2025-05-05 14:00:00,23298.072
2025-05-05 15:00:00,21662.609
2025-05-05 16:00:00,20594.795
2025-05-05 17:00:00,17749.878
2025-05-05 18:00:00,15305.366
2025-05-05 19:00:00,13078.265
2025-05-05 20:00:00,11590.182
2025-05-05 21:00:00,10608.166
2025-05-05 22:00:00,9707.762
2025-05-05 23:00:00,9021.066
2025-05-06 00:00:00,8503.737
2025-05-06 01:00:00,8604.536
2025-05-06 02:00:00,9231.59
2025-05-06 03:00:00,9627.253
2025-05-06 04:00:00,10218.374
2025-05-06 05:00:00,12136.256
2025-05-06 06:00:00,14400.394
2025-05-06 07:00:00,15443.001
2025-05-06 08:00:00,16986.554
2025-05-06 09:00:00,18297.989
2025-05-06 10:00:00,18378.279
2025-05-06 11:00:00,18084.076
2025-05-06 12:00:00,18566.981
2025-05-06 13:00:00,18155.956
2025-05-06 14:00:00,17088.054
2025-05-06 15:00:00,16562.928
2025-05-06 16:00:00,16599.521
2025-05-06 17:00:00,16449.408
2025-05-06 18:00:00,14685.649
2025-05-06 19:00:00,13352.543
2025-05-06 20:00:00,12313.278
2025-05-06 21:00:00,11553.728
2025-05-06 22:00:00,10965.925
2025-05-06 23:00:00,9891.708
2025-05-07 00:00:00,9208.11
2025-05-07 01:00:00,8945.82
2025-05-07 02:00:00,8881.869
2025-05-07 03:00:00,9190.602
2025-05-07 04:00:00,9901.361
2025-05-07 05:00:00,11342.432
2025-05-07 06:00:00,13940.913
2025-05-07 07:00:00,16387.656
2025-05-07 08:00:00,16664.493
2025-05-07 09:00:00,17377.424
2025-05-07 10:00:00,18515.589
2025-05-07 11:00:00,20986.642
2025-05-07 12:00:00,20997.543
2025-05-07 13:00:00,20212.256
2025-05-07 14:00:00,20013.271
2025-05-07 15:00:00,18737.469
2025-05-07 16:00:00,18992.613
2025-05-07 17:00:00,16845.931
2025-05-07 18:00:00,14321.188
2025-05-07 19:00:00,12327.119
2025-05-07 20:00:00,11764.868
2025-05-07 21:00:00,11603.852
2025-05-07 22:00:00,10793.87
2025-05-07 23:00:00,10206.19
2025-05-08 00:00:00,9620.921
2025-05-08 01:00:00,9271.461
2025-05-08 02:00:00,9077.138
2025-05-08 03:00:00,9168.239
2025-05-08 04:00:00,9982.783
2025-05-08 05:00:00,12073.275
2025-05-08 06:00:00,14388.826
2025-05-08 07:00:00,16537.886
2025-05-08 08:00:00,17937.955
2025-05-08 09:00:00,20680.403
2025-05-08 10:00:00,22583.675
2025-05-08 11:00:00,22543.538
2025-05-08 12:00:00,21858.58
2025-05-08 13:00:00,19753.628
2025-05-08 14:00:00,18423.203
2025-05-08 15:00:00,17358.435
2025-05-08 16:00:00,16920.926
2025-05-08 17:00:00,15289.007
2025-05-08 18:00:00,13260.038
2025-05-08 19:00:00,11258.618
2025-05-08 20:00:00,10190.694
2025-05-08 21:00:00,9909.584
2025-05-08 22:00:00,9360.777
2025-05-08 23:00:00,9042.428
2025-05-09 00:00:00,8591.767
2025-05-09 01:00:00,8399.261
2025-05-09 02:00:00,8300.393
2025-05-09 03:00:00,8463.007
2025-05-09 04:00:00,8744.701
2025-05-09 05:00:00,10917.299
2025-05-09 06:00:00,13319.039
2025-05-09 07:00:00,14319.461
2025-05-09 08:00:00,17957.902
2025-05-09 09:00:00,21138.277
2025-05-09 10:00:00,21338.476
2025-05-09 11:00:00,22331.577
2025-05-09 12:00:00,21250.842
2025-05-09 13:00:00,19623.621
2025-05-09 14:00:00,20399.306
2025-05-09 15:00:00,19593.629
2025-05-09 16:00:00,19199.166
2025-05-09 17:00:00,17343.418
2025-05-09 18:00:00,14850.602
2025-05-09 19:00:00,12313.213
2025-05-09 20:00:00,11294.45
2025-05-09 21:00:00,10402.247
2025-05-09 22:00:00,9162.025
2025-05-09 23:00:00,8096.484
2025-05-10 00:00:00,7719.431
2025-05-10 01:00:00,7060.021
2025-05-10 02:00:00,6503.621
2025-05-10 03:00:00,6223.2
2025-05-10 04:00:00,6536.21
2025-05-10 05:00:00,7984.001
2025-05-10 06:00:00,10327.755
2025-05-10 07:00:00,13393.875
2025-05-10 08:00:00,15502.105
2025-05-10 09:00:00,18307.735
2025-05-10 10:00:00,20346.58
2025-05-10 11:00:00,21474.095
2025-05-10 12:00:00,21470.476
2025-05-10 13:00:00,20701.805
2025-05-10 14:00:00,18856.566
2025-05-10 15:00:00,18148.757
2025-05-10 16:00:00,17134.305
2025-05-10 17:00:00,15912.664
2025-05-10 18:00:00,14083.799
2025-05-10 19:00:00,11688.597
2025-05-10 20:00:00,10243.31
2025-05-10 21:00:00,8910.586
2025-05-10 22:00:00,8236.594
2025-05-10 23:00:00,8103.786
2025-05-11 00:00:00,7132.324
2025-05-11 01:00:00,6518.1
2025-05-11 02:00:00,5903.648
2025-05-11 03:00:00,5485.493
2025-05-11 04:00:00,5085.997
2025-05-11 05:00:00,6972.597
2025-05-11 06:00:00,10649.181
2025-05-11 07:00:00,13688.94
2025-05-11 08:00:00,16793.557
2025-05-11 09:00:00,19768.212
2025-05-11 10:00:00,22107.574
2025-05-11 11:00:00,23010.633
2025-05-11 12:00:00,22380.996
2025-05-11 13:00:00,20740.064
2025-05-11 14:00:00,17987.331
2025-05-11 15:00:00,15356.202
2025-05-11 16:00:00,13781.328
2025-05-11 17:00:00,12618.259
2025-05-11 18:00:00,10455.705
2025-05-11 19:00:00,8625.041
2025-05-11 20:00:00,8630.327
2025-05-11 21:00:00,8774.799
2025-05-11 22:00:00,8105.553
2025-05-11 23:00:00,8285.688
2025-05-12 00:00:00,7867.156
2025-05-12 01:00:00,7776.118
2025-05-12 02:00:00,7584.59
2025-05-12 03:00:00,7722.576
2025-05-12 04:00:00,9241.88
2025-05-12 05:00:00,11945.129
2025-05-12 06:00:00,14814.768
2025-05-12 07:00:00,16911.442
2025-05-12 08:00:00,18272.442
2025-05-12 09:00:00,21087.131
2025-05-12 10:00:00,23222.122
2025-05-12 11:00:00,24427.419
2025-05-12 12:00:00,24435.337
2025-05-12 13:00:00,23219.971
2025-05-12 14:00:00,21162.743
2025-05-12 15:00:00,21353.288
2025-05-12 16:00:00,19780.635
2025-05-12 17:00:00,18156.532
2025-05-12 18:00:00,15520.319
2025-05-12 19:00:00,12401.094
2025-05-12 20:00:00,10714.175
2025-05-12 21:00:00,8930.589
2025-05-12 22:00:00,8299.401
2025-05-12 23:00:00,7989.204
2025-05-13 00:00:00,7634.522
2025-05-13 01:00:00,7806.911
2025-05-13 02:00:00,8656.229
2025-05-13 03:00:00,9897.79
2025-05-13 04:00:00,11429.001
2025-05-13 05:00:00,13659.031
2025-05-13 06:00:00,15071.38
2025-05-13 07:00:00,16318.072
2025-05-13 08:00:00,19342.2
2025-05-13 09:00:00,20635.826
2025-05-13 10:00:00,22872.885
2025-05-13 11:00:00,23490.042
2025-05-13 12:00:00,23093.374
2025-05-13 13:00:00,21903.805
2025-05-13 14:00:00,22028.094
2025-05-13 15:00:00,19587.584
2025-05-13 16:00:00,17960.954
2025-05-13 17:00:00,16873.369
2025-05-13 18:00:00,15323.645
2025-05-13 19:00:00,13479.462
2025-05-13 20:00:00,12422.67
2025-05-13 21:00:00,11242.665
2025-05-13 22:00:00,10656.457
2025-05-13 23:00:00,9899.895
2025-05-14 00:00:00,9167.425
2025-05-14 01:00:00,8676.152
2025-05-14 02:00:00,8321.663
2025-05-14 03:00:00,8280.374
2025-05-14 04:00:00,9147.067
2025-05-14 05:00:00,11344.94
2025-05-14 06:00:00,12805.303
2025-05-14 07:00:00,13970.013
2025-05-14 08:00:00,17138.315
2025-05-14 09:00:00,18792.741
2025-05-14 10:00:00,21555.947
2025-05-14 11:00:00,23189.163
2025-05-14 12:00:00,23178.668
2025-05-14 13:00:00,23458.373
2025-05-14 14:00:00,22887.581
2025-05-14 15:00:00,21245.971
2025-05-14 16:00:00,19226.772
2025-05-14 17:00:00,18205.732
2025-05-14 18:00:00,15803.146
2025-05-14 19:00:00,13746.164
2025-05-14 20:00:00,13158.064
2025-05-14 21:00:00,11215.819
2025-05-14 22:00:00,9938.295
2025-05-14 23:00:00,9308.341
2025-05-15 00:00:00,9055.759
2025-05-15 01:00:00,8711.919
2025-05-15 02:00:00,9120.297
2025-05-15 03:00:00,9345.587
2025-05-15 04:00:00,10087.164
2025-05-15 05:00:00,11842.427
2025-05-15 06:00:00,13644.943
2025-05-15 07:00:00,15042.255
2025-05-15 08:00:00,17993.065
2025-05-15 09:00:00,19650.858
2025-05-15 10:00:00,22328.523
2025-05-15 11:00:00,24511.71
2025-05-15 12:00:00,25013.377
2025-05-15 13:00:00,24660.844
2025-05-15 14:00:00,23380.518
2025-05-15 15:00:00,21484.645
2025-05-15 16:00:00,19929.755
2025-05-15 17:00:00,18216.938
2025-05-15 18:00:00,17080.404
2025-05-15 19:00:00,14309.778
2025-05-15 20:00:00,12548.089
2025-05-15 21:00:00,11104.596
2025-05-15 22:00:00,9842.977
2025-05-15 23:00:00,8752.23
2025-05-16 00:00:00,7742.834
2025-05-16 01:00:00,6967.001
2025-05-16 02:00:00,6730.211
2025-05-16 03:00:00,7013.92
2025-05-16 04:00:00,7977.771
2025-05-16 05:00:00,10386.967
2025-05-16 06:00:00,13239.4
2025-05-16 07:00:00,16164.288
2025-05-16 08:00:00,18412.589
2025-05-16 09:00:00,19715.768
2025-05-16 10:00:00,21539.842
2025-05-16 11:00:00,22524.709
2025-05-16 12:00:00,22170.067
2025-05-16 13:00:00,20810.486
2025-05-16 14:00:00,18976.219
2025-05-16 15:00:00,17893.969
2025-05-16 16:00:00,16440.316
2025-05-16 17:00:00,15317.791
2025-05-16 18:00:00,13923.89
2025-05-16 19:00:00,12378.414
2025-05-16 20:00:00,11299.522
2025-05-16 21:00:00,10052.623
2025-05-16 22:00:00,8194.117
2025-05-16 23:00:00,7484.197
2025-05-17 00:00:00,6716.097
2025-05-17 01:00:00,6391.713
2025-05-17 02:00:00,6265.038
2025-05-17 03:00:00,6130.343
2025-05-17 04:00:00,6494.75
2025-05-17 05:00:00,7986.802
2025-05-17 06:00:00,11896.475
2025-05-17 07:00:00,16225.086
2025-05-17 08:00:00,19011.928
2025-05-17 09:00:00,20482.65
2025-05-17 10:00:00,21729.757
2025-05-17 11:00:00,23316.229
2025-05-17 12:00:00,23376.208
2025-05-17 13:00:00,22730.485
2025-05-17 14:00:00,21021.165
2025-05-17 15:00:00,19512.421
2025-05-17 16:00:00,16059.477
2025-05-17 17:00:00,13906.238
2025-05-17 18:00:00,11935.599
2025-05-17 19:00:00,10298.195
2025-05-17 20:00:00,10062.385
2025-05-17 21:00:00,9095.921
2025-05-17 22:00:00,8244.742
2025-05-17 23:00:00,7686.064
2025-05-18 00:00:00,7399.689
2025-05-18 01:00:00,6873.682
2025-05-18 02:00:00,6557.245
2025-05-18 03:00:00,6086.345
2025-05-18 04:00:00,5517.528
2025-05-18 05:00:00,5987.094
2025-05-18 06:00:00,7717.311
2025-05-18 07:00:00,9843.882
2025-05-18 08:00:00,12118.825
2025-05-18 09:00:00,13539.568
2025-05-18 10:00:00,13952.85
2025-05-18 11:00:00,13675.508
2025-05-18 12:00:00,14890.109
2025-05-18 13:00:00,17004.875
2025-05-18 14:00:00,14603.76
2025-05-18 15:00:00,15927.499
2025-05-18 16:00:00,14377.864
2025-05-18 17:00:00,12845.736
2025-05-18 18:00:00,10978.685
2025-05-18 19:00:00,8844.176
2025-05-18 20:00:00,8326.838
2025-05-18 21:00:00,7850.377
2025-05-18 22:00:00,7127.141
2025-05-18 23:00:00,6841.799
2025-05-19 00:00:00,6666.598
2025-05-19 01:00:00,6711.661
2025-05-19 02:00:00,6982.386
2025-05-19 03:00:00,7254.018
2025-05-19 04:00:00,8191.624
2025-05-19 05:00:00,10641.837
2025-05-19 06:00:00,13839.511
2025-05-19 07:00:00,15850.35
2025-05-19 08:00:00,17917.894
2025-05-19 09:00:00,20446.277
2025-05-19 10:00:00,22638.11
2025-05-19 11:00:00,23358.77
2025-05-19 12:00:00,23248.445
2025-05-19 13:00:00,22683.528
2025-05-19 14:00:00,21811.758
2025-05-19 15:00:00,21088.631
2025-05-19 16:00:00,19009.85
2025-05-19 17:00:00,16837.494
2025-05-19 18:00:00,14582.805
2025-05-19 19:00:00,12352.75
2025-05-19 20:00:00,10615.495
2025-05-19 21:00:00,9072.536
2025-05-19 22:00:00,8482.909
2025-05-19 23:00:00,8265.183
2025-05-20 00:00:00,8074.04
2025-05-20 01:00:00,7753.867
2025-05-20 02:00:00,7544.148
2025-05-20 03:00:00,7685.016
2025-05-20 04:00:00,8563.584
2025-05-20 05:00:00,10992.387
2025-05-20 06:00:00,13463.828
2025-05-20 07:00:00,15245.178
2025-05-20 08:00:00,18107.885
2025-05-20 09:00:00,21221.924
2025-05-20 10:00:00,19898.516
2025-05-20 11:00:00,20687.359
2025-05-20 12:00:00,21130.758
2025-05-20 13:00:00,23418.999
2025-05-20 14:00:00,22007.494
2025-05-20 15:00:00,21201.007
2025-05-20 16:00:00,18703.832
2025-05-20 17:00:00,16288.334
2025-05-20 18:00:00,13198.239
2025-05-20 19:00:00,10813.069
2025-05-20 20:00:00,9336.519
2025-05-20 21:00:00,8530.149
2025-05-20 22:00:00,8204.964
2025-05-20 23:00:00,7550.092
2025-05-21 00:00:00,7217.092
2025-05-21 01:00:00,7337.748
2025-05-21 02:00:00,7638.15
2025-05-21 03:00:00,8010.541
2025-05-21 04:00:00,9142.65
2025-05-21 05:00:00,11325.743
2025-05-21 06:00:00,13835.651
2025-05-21 07:00:00,15961.212
2025-05-21 08:00:00,17754.644
2025-05-21 09:00:00,19562.642
2025-05-21 10:00:00,18376.955
2025-05-21 11:00:00,19841.317
2025-05-21 12:00:00,19741.139
2025-05-21 13:00:00,19382.318
2025-05-21 14:00:00,18521.108
2025-05-21 15:00:00,19853.335
2025-05-21 16:00:00,17681.377
2025-05-21 17:00:00,16226.883
2025-05-21 18:00:00,14631.362
2025-05-21 19:00:00,12536.942
2025-05-21 20:00:00,11405.389
2025-05-21 21:00:00,10506.832
2025-05-21 22:00:00,10220.039
2025-05-21 23:00:00,9767.749
2025-05-22 00:00:00,9358.863
2025-05-22 01:00:00,8439.099
2025-05-22 02:00:00,8454.477
2025-05-22 03:00:00,9252.207
2025-05-22 04:00:00,9826.047
2025-05-22 05:00:00,12219.765
2025-05-22 06:00:00,14804.955
2025-05-22 07:00:00,18010.001
2025-05-22 08:00:00,19775.656
2025-05-22 09:00:00,21802.818
2025-05-22 10:00:00,24509.901
2025-05-22 11:00:00,26181.868
2025-05-22 12:00:00,25914.907
2025-05-22 13:00:00,24873.567
2025-05-22 14:00:00,22617.749
2025-05-22 15:00:00,20802.273
2025-05-22 16:00:00,18643.115
2025-05-22 17:00:00,16458.872
2025-05-22 18:00:00,14908.206
2025-05-22 19:00:00,12461.813
2025-05-22 20:00:00,11707.717
2025-05-22 21:00:00,11118.803
2025-05-22 22:00:00,10449.58
2025-05-22 23:00:00,8897.281
2025-05-23 00:00:00,8964.368
2025-05-23 01:00:00,9221.221
2025-05-23 02:00:00,9315.021
2025-05-23 03:00:00,10124.905
2025-05-23 04:00:00,11152.279
2025-05-23 05:00:00,13552.588
2025-05-23 06:00:00,16230.925
2025-05-23 07:00:00,18656.305
2025-05-23 08:00:00,19786.352
2025-05-23 09:00:00,20307.731
2025-05-23 10:00:00,22718.88
2025-05-23 11:00:00,21653.37
2025-05-23 12:00:00,22503.479
2025-05-23 13:00:00,20919.37
2025-05-23 14:00:00,21878.22
2025-05-23 15:00:00,19225.207
2025-05-23 16:00:00,17965.358
2025-05-23 17:00:00,15355.223
2025-05-23 18:00:00,12303.951
2025-05-23 19:00:00,9759.666
2025-05-23 20:00:00,9074.455
2025-05-23 21:00:00,9076.899
2025-05-23 22:00:00,8246.753
2025-05-23 23:00:00,7526.876
2025-05-24 00:00:00,7480.57
2025-05-24 01:00:00,7416.468
2025-05-24 02:00:00,7506.445
2025-05-24 03:00:00,7650.907
2025-05-24 04:00:00,8462.464
2025-05-24 05:00:00,10418.673
2025-05-24 06:00:00,12598.457
2025-05-24 07:00:00,14296.159
2025-05-24 08:00:00,15305.19
2025-05-24 09:00:00,15326.446
2025-05-24 10:00:00,15536.757
2025-05-24 11:00:00,14807.061
2025-05-24 12:00:00,14226.086
2025-05-24 13:00:00,12907.978
2025-05-24 14:00:00,12735.399
2025-05-24 15:00:00,12822.296
2025-05-24 16:00:00,13031.845
2025-05-24 17:00:00,11774.134
2025-05-24 18:00:00,10918.383
2025-05-24 19:00:00,10286.785
2025-05-24 20:00:00,10134.964
2025-05-24 21:00:00,10236.872
2025-05-24 22:00:00,10265.593
2025-05-24 23:00:00,10374.136
2025-05-25 00:00:00,10507.989
2025-05-25 01:00:00,10714.189
2025-05-25 02:00:00,10642.087
2025-05-25 03:00:00,10884.951
2025-05-25 04:00:00,10918.786
2025-05-25 05:00:00,11918.726
2025-05-25 06:00:00,13208.11
2025-05-25 07:00:00,13879.224
2025-05-25 08:00:00,14946.859
2025-05-25 09:00:00,16614.185
2025-05-25 10:00:00,20682.757
2025-05-25 11:00:00,21206.209
2025-05-25 12:00:00,20502.492
2025-05-25 13:00:00,19555.899
2025-05-25 14:00:00,17075.199
2025-05-25 15:00:00,15213.078
2025-05-25 16:00:00,13084.338
2025-05-25 17:00:00,10732.126
2025-05-25 18:00:00,9162.921
2025-05-25 19:00:00,8021.906
2025-05-25 20:00:00,7710.98
2025-05-25 21:00:00,7132.709
2025-05-25 22:00:00,6850.903
2025-05-25 23:00:00,6455.202
2025-05-26 00:00:00,7017.225
2025-05-26 01:00:00,7450.685
2025-05-26 02:00:00,7361.388
2025-05-26 03:00:00,7046.069
2025-05-26 04:00:00,8668.19
2025-05-26 05:00:00,11148.173
2025-05-26 06:00:00,13979.069
2025-05-26 07:00:00,17504.43
2025-05-26 08:00:00,19551.272
2025-05-26 09:00:00,21213.188
2025-05-26 10:00:00,22901.554
2025-05-26 11:00:00,24998.241
2025-05-26 12:00:00,25007.419
2025-05-26 13:00:00,25184.335
2025-05-26 14:00:00,22435.239
2025-05-26 15:00:00,21416.124
2025-05-26 16:00:00,19501.695
2025-05-26 17:00:00,18296.502
2025-05-26 18:00:00,15646.179
2025-05-26 19:00:00,14198.319
2025-05-26 20:00:00,13265.829
2025-05-26 21:00:00,11827.234
2025-05-26 22:00:00,11192.138
2025-05-26 23:00:00,10957.272
2025-05-27 00:00:00,11195.307
2025-05-27 01:00:00,11507.94
2025-05-27 02:00:00,11909.492
2025-05-27 03:00:00,12441.308
2025-05-27 04:00:00,12913.809
2025-05-27 05:00:00,14070.276
2025-05-27 06:00:00,14763.095
2025-05-27 07:00:00,15572.429
2025-05-27 08:00:00,16207.811
2025-05-27 09:00:00,17374.221
2025-05-27 10:00:00,18781.879
2025-05-27 11:00:00,20266.729
2025-05-27 12:00:00,20812.028
2025-05-27 13:00:00,21483.104
2025-05-27 14:00:00,17499.998
2025-05-27 15:00:00,13697.658
2025-05-27 16:00:00,13275.559
2025-05-27 17:00:00,12981.429
2025-05-27 18:00:00,12941.16
2025-05-27 19:00:00,12822.018
2025-05-27 20:00:00,12123.779
2025-05-27 21:00:00,12069.344
2025-05-27 22:00:00,11794.056
2025-05-27 23:00:00,12156.773
2025-05-28 00:00:00,12039.184
2025-05-28 01:00:00,12144.219
2025-05-28 02:00:00,11885.583
2025-05-28 03:00:00,12057.485
2025-05-28 04:00:00,12397.528
2025-05-28 05:00:00,12763.401
2025-05-28 06:00:00,13980.079
2025-05-28 07:00:00,14740.282
2025-05-28 08:00:00,15046.417
2025-05-28 09:00:00,16555.523
2025-05-28 10:00:00,17257.957
2025-05-28 11:00:00,18556.431
2025-05-28 12:00:00,17815.743
2025-05-28 13:00:00,19292.21
2025-05-28 14:00:00,18704.01
2025-05-28 15:00:00,19066.173
2025-05-28 16:00:00,16563.895
2025-05-28 17:00:00,13760.702
2025-05-28 18:00:00,11369.388
2025-05-28 19:00:00,8971.231
2025-05-28 20:00:00,8081.383
2025-05-28 21:00:00,7513.167
2025-05-28 22:00:00,7321.281
2025-05-28 23:00:00,6304.048
2025-05-29 00:00:00,5837.655
2025-05-29 01:00:00,6033.836
2025-05-29 02:00:00,6045.744
2025-05-29 03:00:00,5960.506
2025-05-29 04:00:00,6463.547
2025-05-29 05:00:00,7185.664
2025-05-29 06:00:00,7626.315
2025-05-29 07:00:00,9263.88
2025-05-29 08:00:00,11042.424
2025-05-29 09:00:00,13563.96
2025-05-29 10:00:00,15183.291
2025-05-29 11:00:00,14477.46
2025-05-29 12:00:00,14969.542
2025-05-29 13:00:00,16571.156
2025-05-29 14:00:00,17217.714
2025-05-29 15:00:00,16600.634
2025-05-29 16:00:00,16696.648
2025-05-29 17:00:00,14527.103
2025-05-29 18:00:00,13179.415
2025-05-29 19:00:00,12014.329
2025-05-29 20:00:00,11682.028
2025-05-29 21:00:00,11390.508
2025-05-29 22:00:00,11174.532
2025-05-29 23:00:00,10804.673
2025-05-30 00:00:00,10046.29
2025-05-30 01:00:00,9188.428
2025-05-30 02:00:00,8394.353
2025-05-30 03:00:00,8200.348
2025-05-30 04:00:00,8998.933
2025-05-30 05:00:00,10908.044
2025-05-30 06:00:00,13628.334
2025-05-30 07:00:00,15696.761
2025-05-30 08:00:00,17250.096
2025-05-30 09:00:00,19018.088
2025-05-30 10:00:00,21290.266
2025-05-30 11:00:00,22743.049
2025-05-30 12:00:00,22900.743
2025-05-30 13:00:00,22843.793
2025-05-30 14:00:00,20045.24
2025-05-30 15:00:00,18277.256
2025-05-30 16:00:00,16231.607
2025-05-30 17:00:00,13928.468
2025-05-30 18:00:00,11131.845
2025-05-30 19:00:00,9080.923
2025-05-30 20:00:00,8333.046
2025-05-30 21:00:00,7832.777
2025-05-30 22:00:00,7724.701
2025-05-30 23:00:00,7413.007
2025-05-31 00:00:00,6630.522
2025-05-31 01:00:00,6223.852
2025-05-31 02:00:00,6323.415
2025-05-31 03:00:00,6164.862
2025-05-31 04:00:00,6494.742
2025-05-31 05:00:00,7192.793
2025-05-31 06:00:00,8966.634
2025-05-31 07:00:00,12103.343
2025-05-31 08:00:00,13601.611
2025-05-31 09:00:00,14589.548
2025-05-31 10:00:00,14917.726
2025-05-31 11:00:00,15360.886
2025-05-31 12:00:00,16840.313
2025-05-31 13:00:00,16884.53
2025-05-31 14:00:00,15473.926
2025-05-31 15:00:00,13703.704
2025-05-31 16:00:00,12551.076
2025-05-31 17:00:00,11272.99
2025-05-31 18:00:00,9825.914
2025-05-31 19:00:00,8926.816
2025-05-31 20:00:00,9088.288
2025-05-31 21:00:00,8462.9
2025-05-31 22:00:00,7703.392
2025-05-31 23:00:00,6503.316
2025-06-01 00:00:00,6176.714
2025-06-01 01:00:00,6457.929
2025-06-01 02:00:00,6204.228
2025-06-01 03:00:00,5779.214
2025-06-01 04:00:00,6473.151
2025-06-01 05:00:00,8631.747
2025-06-01 06:00:00,10990.439
2025-06-01 07:00:00,12504.492
2025-06-01 08:00:00,14763.827
2025-06-01 09:00:00,15658.067
2025-06-01 10:00:00,17410.968
2025-06-01 11:00:00,17476.436
2025-06-01 12:00:00,17516.964
2025-06-01 13:00:00,17402.316
2025-06-01 14:00:00,18864.293
2025-06-01 15:00:00,18896.76
2025-06-01 16:00:00,18101.978
2025-06-01 17:00:00,14870.918
2025-06-01 18:00:00,12494.697
2025-06-01 19:00:00,10496.905
2025-06-01 20:00:00,9478.867
2025-06-01 21:00:00,8867.869
2025-06-01 22:00:00,8493.394
2025-06-01 23:00:00,7631.449
2025-06-02 00:00:00,6839.531
2025-06-02 01:00:00,6239.561
2025-06-02 02:00:00,5930.029
2025-06-02 03:00:00,6410.279
2025-06-02 04:00:00,7622.867
2025-06-02 05:00:00,9759.057
2025-06-02 06:00:00,12458.663
2025-06-02 07:00:00,14217.042
2025-06-02 08:00:00,17169.278
2025-06-02 09:00:00,18424.544
2025-06-02 10:00:00,20551.142
2025-06-02 11:00:00,20754.902
2025-06-02 12:00:00,20875.463
2025-06-02 13:00:00,21549.624
2025-06-02 14:00:00,20823.144
2025-06-02 15:00:00,19515.669
2025-06-02 16:00:00,17331.718
2025-06-02 17:00:00,15043.196
2025-06-02 18:00:00,11957.099
2025-06-02 19:00:00,10383.731
2025-06-02 20:00:00,9860.735
2025-06-02 21:00:00,9638.484
2025-06-02 22:00:00,9061.3
2025-06-02 23:00:00,8226.023
2025-06-03 00:00:00,8432.102
2025-06-03 01:00:00,8105.668
2025-06-03 02:00:00,8725.904
2025-06-03 03:00:00,9568.598
2025-06-03 04:00:00,11492.98
2025-06-03 05:00:00,13643.605
2025-06-03 06:00:00,16024.924
2025-06-03 07:00:00,18547.472
2025-06-03 08:00:00,21497.146
2025-06-03 09:00:00,23999.046
2025-06-03 10:00:00,25155.411
2025-06-03 11:00:00,26405.501
2025-06-03 12:00:00,26250.571
2025-06-03 13:00:00,24215.881
2025-06-03 14:00:00,21567.085
2025-06-03 15:00:00,18944.134
2025-06-03 16:00:00,17439.445
2025-06-03 17:00:00,16778.527
2025-06-03 18:00:00,15158.322
2025-06-03 19:00:00,13882.367
2025-06-03 20:00:00,13078.402
2025-06-03 21:00:00,11120.054
2025-06-03 22:00:00,9912.607
2025-06-03 23:00:00,9210.785
2025-06-04 00:00:00,8985.003
2025-06-04 01:00:00,8565.557
2025-06-04 02:00:00,7758.932
2025-06-04 03:00:00,8180.716
2025-06-04 04:00:00,8679.505
2025-06-04 05:00:00,9944.198
2025-06-04 06:00:00,11618.478
2025-06-04 07:00:00,13146.354
2025-06-04 08:00:00,14986.521
2025-06-04 09:00:00,15825.428
2025-06-04 10:00:00,17863.13
2025-06-04 11:00:00,18427.415
2025-06-04 12:00:00,19648.106
2025-06-04 13:00:00,21673.789
2025-06-04 14:00:00,20748.582
2025-06-04 15:00:00,18147.101
2025-06-04 16:00:00,17658.82
2025-06-04 17:00:00,15694.58
2025-06-04 18:00:00,13896.56
2025-06-04 19:00:00,11956.739
2025-06-04 20:00:00,11137.759
2025-06-04 21:00:00,9669.219
2025-06-04 22:00:00,8595.71
2025-06-04 23:00:00,8385.855
2025-06-05 00:00:00,8361.227
2025-06-05 01:00:00,8428.888
2025-06-05 02:00:00,8610.097
2025-06-05 03:00:00,8755.887
2025-06-05 04:00:00,9867.757
2025-06-05 05:00:00,11923.871
2025-06-05 06:00:00,14491.832
2025-06-05 07:00:00,16531.702
2025-06-05 08:00:00,18653.206
2025-06-05 09:00:00,18804.391
2025-06-05 10:00:00,17167.724
2025-06-05 11:00:00,16516.217
2025-06-05 12:00:00,17699.211
2025-06-05 13:00:00,20032.931
2025-06-05 14:00:00,19885.792
2025-06-05 15:00:00,17312.616
2025-06-05 16:00:00,15680.359
2025-06-05 17:00:00,14183.933
2025-06-05 18:00:00,13338.428
2025-06-05 19:00:00,12636.65
2025-06-05 20:00:00,12537.404
2025-06-05 21:00:00,10663.118
2025-06-05 22:00:00,10574.157
2025-06-05 23:00:00,10178.357
2025-06-06 00:00:00,10334.492
2025-06-06 01:00:00,10438.844
2025-06-06 02:00:00,10439.964
2025-06-06 03:00:00,10662.181
2025-06-06 04:00:00,11786.978
2025-06-06 05:00:00,13783.464
2025-06-06 06:00:00,16152.135
2025-06-06 07:00:00,19130.48
2025-06-06 08:00:00,21149.565
2025-06-06 09:00:00,22524.14
2025-06-06 10:00:00,24055.238
2025-06-06 11:00:00,23984.56
2025-06-06 12:00:00,24153.585
2025-06-06 13:00:00,21658.14
2025-06-06 14:00:00,19980.255
2025-06-06 15:00:00,18798.238
2025-06-06 16:00:00,16972.404
2025-06-06 17:00:00,15031.014
2025-06-06 18:00:00,12498.076
2025-06-06 19:00:00,10246.665
2025-06-06 20:00:00,9104.131
2025-06-06 21:00:00,8819.813
2025-06-06 22:00:00,7990.625
2025-06-06 23:00:00,7672.957
2025-06-07 00:00:00,7074.421
2025-06-07 01:00:00,7297.316
2025-06-07 02:00:00,7174.112
2025-06-07 03:00:00,7303.815
2025-06-07 04:00:00,6991.053
2025-06-07 05:00:00,7818.694
2025-06-07 06:00:00,9284.986
2025-06-07 07:00:00,11359.734
2025-06-07 08:00:00,12242.072
2025-06-07 09:00:00,14597.467
2025-06-07 10:00:00,15924.426
2025-06-07 11:00:00,16508.519
2025-06-07 12:00:00,18124.857
2025-06-07 13:00:00,19161.532
2025-06-07 14:00:00,16996.049
2025-06-07 15:00:00,17256.411
2025-06-07 16:00:00,15510.474
2025-06-07 17:00:00,14659.796
2025-06-07 18:00:00,11915.844
2025-06-07 19:00:00,9479.673
2025-06-07 20:00:00,8555.112
2025-06-07 21:00:00,7093.775
2025-06-07 22:00:00,5361.886
2025-06-07 23:00:00,5663.241
2025-06-08 00:00:00,6829.549
2025-06-08 01:00:00,7841.015
2025-06-08 02:00:00,9089.438
2025-06-08 03:00:00,8821.864
2025-06-08 04:00:00,8403.953
2025-06-08 05:00:00,8824.04
2025-06-08 06:00:00,10669.47
2025-06-08 07:00:00,12984.354
2025-06-08 08:00:00,14430.339
2025-06-08 09:00:00,16634.884
2025-06-08 10:00:00,18489.468
2025-06-08 11:00:00,18666.495
2025-06-08 12:00:00,19305.445
2025-06-08 13:00:00,19511.089
2025-06-08 14:00:00,18553.777
2025-06-08 15:00:00,17066.345
2025-06-08 16:00:00,16906.438
2025-06-08 17:00:00,14265.107
2025-06-08 18:00:00,10889.728
2025-06-08 19:00:00,7958.767
2025-06-08 20:00:00,6901.137
2025-06-08 21:00:00,6752.289
2025-06-08 22:00:00,6377.114
2025-06-08 23:00:00,6296.969
2025-06-09 00:00:00,5738.636
2025-06-09 01:00:00,5285.33
2025-06-09 02:00:00,4934.233
2025-06-09 03:00:00,4696.153
2025-06-09 04:00:00,5054.963
2025-06-09 05:00:00,6931.129
2025-06-09 06:00:00,9951.878
2025-06-09 07:00:00,12510.684
2025-06-09 08:00:00,15362.185
2025-06-09 09:00:00,17362.26
2025-06-09 10:00:00,17319.071
2025-06-09 11:00:00,18234.265
2025-06-09 12:00:00,17180.305
2025-06-09 13:00:00,17296.686
2025-06-09 14:00:00,16925.475
2025-06-09 15:00:00,16582.538
2025-06-09 16:00:00,15405.327
2025-06-09 17:00:00,13435.187
2025-06-09 18:00:00,12048.388
2025-06-09 19:00:00,10558.994
2025-06-09 20:00:00,10260.308
2025-06-09 21:00:00,10059.923
2025-06-09 22:00:00,9211.524
2025-06-09 23:00:00,8395.721
2025-06-10 00:00:00,8758.715
2025-06-10 01:00:00,9188.749
2025-06-10 02:00:00,9329.475
2025-06-10 03:00:00,9904.303
2025-06-10 04:00:00,10866.507
2025-06-10 05:00:00,12223.907
2025-06-10 06:00:00,13931.065
2025-06-10 07:00:00,15168.363
2025-06-10 08:00:00,15896.431
2025-06-10 09:00:00,15674.401
2025-06-10 10:00:00,16447.025
2025-06-10 11:00:00,17015.077
2025-06-10 12:00:00,17851.063
2025-06-10 13:00:00,19175.221
2025-06-10 14:00:00,18997.2
2025-06-10 15:00:00,18684.949
2025-06-10 16:00:00,17696.658
2025-06-10 17:00:00,15054.379
2025-06-10 18:00:00,12770.875
2025-06-10 19:00:00,10018.022
2025-06-10 20:00:00,8151.697
2025-06-10 21:00:00,7176.857
2025-06-10 22:00:00,6708.26
2025-06-10 23:00:00,6301.402
2025-06-11 00:00:00,6055.89
2025-06-11 01:00:00,5931.094
2025-06-11 02:00:00,5864.85
2025-06-11 03:00:00,6172.792
2025-06-11 04:00:00,7432.947
2025-06-11 05:00:00,9605.497
2025-06-11 06:00:00,12013.137
2025-06-11 07:00:00,12473.76
2025-06-11 08:00:00,14127.239
2025-06-11 09:00:00,15149.717
2025-06-11 10:00:00,15560.041
2025-06-11 11:00:00,17196.646
2025-06-11 12:00:00,18648.206
2025-06-11 13:00:00,18700.749
2025-06-11 14:00:00,18895.456
2025-06-11 15:00:00,17158.731
2025-06-11 16:00:00,16573.081
2025-06-11 17:00:00,15581.419
2025-06-11 18:00:00,14014.94
2025-06-11 19:00:00,12216.123
2025-06-11 20:00:00,11686.017
2025-06-11 21:00:00,11039.732
2025-06-11 22:00:00,9211.326
2025-06-11 23:00:00,8989.442
2025-06-12 00:00:00,8858.42
2025-06-12 01:00:00,9052.951
2025-06-12 02:00:00,9019.268
2025-06-12 03:00:00,9141.169
2025-06-12 04:00:00,10661.014
2025-06-12 05:00:00,13186.145
2025-06-12 06:00:00,16154.494
2025-06-12 07:00:00,19544.565
2025-06-12 08:00:00,22492.104
2025-06-12 09:00:00,25300.948
2025-06-12 10:00:00,27760.294
2025-06-12 11:00:00,28878.008
2025-06-12 12:00:00,28673.742
2025-06-12 13:00:00,27094.837
2025-06-12 14:00:00,25071.727
2025-06-12 15:00:00,22646.809
2025-06-12 16:00:00,19489.794
2025-06-12 17:00:00,16633.862
2025-06-12 18:00:00,14018.144
2025-06-12 19:00:00,11159.502
2025-06-12 20:00:00,9699.962
2025-06-12 21:00:00,7803.773
2025-06-12 22:00:00,7099.57
2025-06-12 23:00:00,6793.449
2025-06-13 00:00:00,6673.916
2025-06-13 01:00:00,6549.003
2025-06-13 02:00:00,6474.966
2025-06-13 03:00:00,6556.311
2025-06-13 04:00:00,7491.905
2025-06-13 05:00:00,9696.452
2025-06-13 06:00:00,12487.503
2025-06-13 07:00:00,14434.929
2025-06-13 08:00:00,16023.516
2025-06-13 09:00:00,18064.92
2025-06-13 10:00:00,18371.025
2025-06-13 11:00:00,19020.336
2025-06-13 12:00:00,19371.1
2025-06-13 13:00:00,18571.018
2025-06-13 14:00:00,18112.574
2025-06-13 15:00:00,16434.661
2025-06-13 16:00:00,14765.08
2025-06-13 17:00:00,13236.087
2025-06-13 18:00:00,11258.959
2025-06-13 19:00:00,9759.157
2025-06-13 20:00:00,9661.992
2025-06-13 21:00:00,8909.973
2025-06-13 22:00:00,8475.518
2025-06-13 23:00:00,8018.945
2025-06-14 00:00:00,8040.739
2025-06-14 01:00:00,7406.191
2025-06-14 02:00:00,6402.363
2025-06-14 03:00:00,5680.771
2025-06-14 04:00:00,5479.912
2025-06-14 05:00:00,7037.167
2025-06-14 06:00:00,9973.496
2025-06-14 07:00:00,12157.404
2025-06-14 08:00:00,15422.537
2025-06-14 09:00:00,16606.026
2025-06-14 10:00:00,16236.193
2025-06-14 11:00:00,15612.9
2025-06-14 12:00:00,13635.324
2025-06-14 13:00:00,12433.328
2025-06-14 14:00:00,12204.859
2025-06-14 15:00:00,14321.998
2025-06-14 16:00:00,14535.737
2025-06-14 17:00:00,14552.728
2025-06-14 18:00:00,13311.944
2025-06-14 19:00:00,11671.775
2025-06-14 20:00:00,10488.749
2025-06-14 21:00:00,9121.922
2025-06-14 22:00:00,8553.099
2025-06-14 23:00:00,7582.108
2025-06-15 00:00:00,7193.038
2025-06-15 01:00:00,6887.394
2025-06-15 02:00:00,6370.998
2025-06-15 03:00:00,6002.096
2025-06-15 04:00:00,5922.938
2025-06-15 05:00:00,6622.858
2025-06-15 06:00:00,9398.33
2025-06-15 07:00:00,12480.729
2025-06-15 08:00:00,13897.317
2025-06-15 09:00:00,16680.607
2025-06-15 10:00:00,19564.156
2025-06-15 11:00:00,20725.427
2025-06-15 12:00:00,21469.491
2025-06-15 13:00:00,19839.975
2025-06-15 14:00:00,18933.641
2025-06-15 15:00:00,19429.062
2025-06-15 16:00:00,16945.637
2025-06-15 17:00:00,15075.791
2025-06-15 18:00:00,12648.414
2025-06-15 19:00:00,10317.835
2025-06-15 20:00:00,8914.103
2025-06-15 21:00:00,7750.245
2025-06-15 22:00:00,6559.189
2025-06-15 23:00:00,5525.358
2025-06-16 00:00:00,4899.729
2025-06-16 01:00:00,4515.429
2025-06-16 02:00:00,4924.322
2025-06-16 03:00:00,5464.474
2025-06-16 04:00:00,6661.906
2025-06-16 05:00:00,9030.292
2025-06-16 06:00:00,12027.682
2025-06-16 07:00:00,14059.109
2025-06-16 08:00:00,15018.819
2025-06-16 09:00:00,16890.529
2025-06-16 10:00:00,18070.007
2025-06-16 11:00:00,18420.186
2025-06-16 12:00:00,20713.931
2025-06-16 13:00:00,20953.505
2025-06-16 14:00:00,19783.539
2025-06-16 15:00:00,17436.774
2025-06-16 16:00:00,15873.294
2025-06-16 17:00:00,13455.538
2025-06-16 18:00:00,10848.698
2025-06-16 19:00:00,9039.359
2025-06-16 20:00:00,8055.376
2025-06-16 21:00:00,7313.145
2025-06-16 22:00:00,7186.327
2025-06-16 23:00:00,6558.852
2025-06-17 00:00:00,6579.08
2025-06-17 01:00:00,6526.702
2025-06-17 02:00:00,6583.162
2025-06-17 03:00:00,6791.121
2025-06-17 04:00:00,8162.279
2025-06-17 05:00:00,10894.479
2025-06-17 06:00:00,13275.445
2025-06-17 07:00:00,15829.631
2025-06-17 08:00:00,18757.17
2025-06-17 09:00:00,20061.652
2025-06-17 10:00:00,21769.873
2025-06-17 11:00:00,22472.17
2025-06-17 12:00:00,21612.903
2025-06-17 13:00:00,19418.022
2025-06-17 14:00:00,18452.902
2025-06-17 15:00:00,16466.409
2025-06-17 16:00:00,14882.383
2025-06-17 17:00:00,13434.723
2025-06-17 18:00:00,11260.467
2025-06-17 19:00:00,9879.974
2025-06-17 20:00:00,9007.932
2025-06-17 21:00:00,8785.788
2025-06-17 22:00:00,8729.139
2025-06-17 23:00:00,7743.272
2025-06-18 00:00:00,7179.913
2025-06-18 01:00:00,7087.429
2025-06-18 02:00:00,7128.949
2025-06-18 03:00:00,7189.643
2025-06-18 04:00:00,8246.583
2025-06-18 05:00:00,10525.941
2025-06-18 06:00:00,12598.215
2025-06-18 07:00:00,13553.464
2025-06-18 08:00:00,16412.704
2025-06-18 09:00:00,19100.075
2025-06-18 10:00:00,18751.587
2025-06-18 11:00:00,19339.48
2025-06-18 12:00:00,18881.203
2025-06-18 13:00:00,19261.128
2025-06-18 14:00:00,19195.039
2025-06-18 15:00:00,17427.209
2025-06-18 16:00:00,16596.256
2025-06-18 17:00:00,15208.195
2025-06-18 18:00:00,12449.59
2025-06-18 19:00:00,9978.849
2025-06-18 20:00:00,8705.726
2025-06-18 21:00:00,8402.399
2025-06-18 22:00:00,8124.338
2025-06-18 23:00:00,7614.022
2025-06-19 00:00:00,6988.732
2025-06-19 01:00:00,6596.942
2025-06-19 02:00:00,6469.121
2025-06-19 03:00:00,6618.391
2025-06-19 04:00:00,7802.014
2025-06-19 05:00:00,9095.996
2025-06-19 06:00:00,10279.515
2025-06-19 07:00:00,13156.146
2025-06-19 08:00:00,14812.703
2025-06-19 09:00:00,16913.907
2025-06-19 10:00:00,17453.189
2025-06-19 11:00:00,18487.547
2025-06-19 12:00:00,18498.878
2025-06-19 13:00:00,16875.318
2025-06-19 14:00:00,16246.57
2025-06-19 15:00:00,15741.48
2025-06-19 16:00:00,13871.071
2025-06-19 17:00:00,12752.646
2025-06-19 18:00:00,11948.455
2025-06-19 19:00:00,10661.303
2025-06-19 20:00:00,9567.044
2025-06-19 21:00:00,8945.792
2025-06-19 22:00:00,8475.539
2025-06-19 23:00:00,8071.303
2025-06-20 00:00:00,7954.275
2025-06-20 01:00:00,7981.254
2025-06-20 02:00:00,8075.659
2025-06-20 03:00:00,8209.668
2025-06-20 04:00:00,9384.944
2025-06-20 05:00:00,11479.601
2025-06-20 06:00:00,13664.624
2025-06-20 07:00:00,15023.23
2025-06-20 08:00:00,17430.347
2025-06-20 09:00:00,19795.548
2025-06-20 10:00:00,21571.402
2025-06-20 11:00:00,20104.422
2025-06-20 12:00:00,20557.554
2025-06-20 13:00:00,21276.644
2025-06-20 14:00:00,19847.786
2025-06-20 15:00:00,18304.923
2025-06-20 16:00:00,16446.025
2025-06-20 17:00:00,14369.465
2025-06-20 18:00:00,12280.031
2025-06-20 19:00:00,10117.67
2025-06-20 20:00:00,9369.838
2025-06-20 21:00:00,9295.642
2025-06-20 22:00:00,9591.392
2025-06-20 23:00:00,9295.529
2025-06-21 00:00:00,8233.089
2025-06-21 01:00:00,7653.12
2025-06-21 02:00:00,7194.04
2025-06-21 03:00:00,6922.151
2025-06-21 04:00:00,7007.884
2025-06-21 05:00:00,8369.212
2025-06-21 06:00:00,10474.986
2025-06-21 07:00:00,14056.245
2025-06-21 08:00:00,17224.413
2025-06-21 09:00:00,18204.298
2025-06-21 10:00:00,20089.288
2025-06-21 11:00:00,20868.434
2025-06-21 12:00:00,20599.646
2025-06-21 13:00:00,19276.094
2025-06-21 14:00:00,18798.219
2025-06-21 15:00:00,15984.655
2025-06-21 16:00:00,14066.777
2025-06-21 17:00:00,12375.619
2025-06-21 18:00:00,10499.726
2025-06-21 19:00:00,9149.281
2025-06-21 20:00:00,9076.068
2025-06-21 21:00:00,8818.122
2025-06-21 22:00:00,8266.731
2025-06-21 23:00:00,7134.969
2025-06-22 00:00:00,5984.864
2025-06-22 01:00:00,5825.883
2025-06-22 02:00:00,5916.804
2025-06-22 03:00:00,6235.688
2025-06-22 04:00:00,7582.089
2025-06-22 05:00:00,9183.305
2025-06-22 06:00:00,11320.494
2025-06-22 07:00:00,14424.04
2025-06-22 08:00:00,16789.069
2025-06-22 09:00:00,15729.646
2025-06-22 10:00:00,13683.052
2025-06-22 11:00:00,12114.068
2025-06-22 12:00:00,11705.854
2025-06-22 13:00:00,13491.72
2025-06-22 14:00:00,17506.221
2025-06-22 15:00:00,19189.498
2025-06-22 16:00:00,17275.32
2025-06-22 17:00:00,14744.944
2025-06-22 18:00:00,13082.263
2025-06-22 19:00:00,11672.553
2025-06-22 20:00:00,11335.677
2025-06-22 21:00:00,10946.168
2025-06-22 22:00:00,10668.503
2025-06-22 23:00:00,10780.075
2025-06-23 00:00:00,11025.329
2025-06-23 01:00:00,10499.453
2025-06-23 02:00:00,10523.345
2025-06-23 03:00:00,10587.293
2025-06-23 04:00:00,11304.969
2025-06-23 05:00:00,13163.629
2025-06-23 06:00:00,14082.706
2025-06-23 07:00:00,16298.098
2025-06-23 08:00:00,18175.932
2025-06-23 09:00:00,19306.407
2025-06-23 10:00:00,22458.951
2025-06-23 11:00:00,25191.869
2025-06-23 12:00:00,25929.172
2025-06-23 13:00:00,25479.598
2025-06-23 14:00:00,23119.54
2025-06-23 15:00:00,20352.86
2025-06-23 16:00:00,18663.951
2025-06-23 17:00:00,15280.165
2025-06-23 18:00:00,12759.821
2025-06-23 19:00:00,10434.248
2025-06-23 20:00:00,9053.832
2025-06-23 21:00:00,8011.717
2025-06-23 22:00:00,7121.224
2025-06-23 23:00:00,6614.21
2025-06-24 00:00:00,6325.857
2025-06-24 01:00:00,5966.173
2025-06-24 02:00:00,5988.678
2025-06-24 03:00:00,6381.392
2025-06-24 04:00:00,7501.5
2025-06-24 05:00:00,10076.07
2025-06-24 06:00:00,12491.362
2025-06-24 07:00:00,15573.345
2025-06-24 08:00:00,17187.473
2025-06-24 09:00:00,19642.739
2025-06-24 10:00:00,19763.028
2025-06-24 11:00:00,18374.785
2025-06-24 12:00:00,16432.193
2025-06-24 13:00:00,16019.705
2025-06-24 14:00:00,16311.462
2025-06-24 15:00:00,16786.387
2025-06-24 16:00:00,17126.469
2025-06-24 17:00:00,16386.458
2025-06-24 18:00:00,14708.354
2025-06-24 19:00:00,13043.034
2025-06-24 20:00:00,11931.033
2025-06-24 21:00:00,11071.663
2025-06-24 22:00:00,10065.362
2025-06-24 23:00:00,9236.889
2025-06-25 00:00:00,8779.112
2025-06-25 01:00:00,7944.913
2025-06-25 02:00:00,7619.786
2025-06-25 03:00:00,7396.074
2025-06-25 04:00:00,8353.782
2025-06-25 05:00:00,10220.235
2025-06-25 06:00:00,12600.417
2025-06-25 07:00:00,13723.64
2025-06-25 08:00:00,13843.502
2025-06-25 09:00:00,14162.414
2025-06-25 10:00:00,15682.18
2025-06-25 11:00:00,17575.106
2025-06-25 12:00:00,18526.438
2025-06-25 13:00:00,18766.391
2025-06-25 14:00:00,18042.634
2025-06-25 15:00:00,16730.309
2025-06-25 16:00:00,14296.738
2025-06-25 17:00:00,13042.142
2025-06-25 18:00:00,11549.338
2025-06-25 19:00:00,10106.544
2025-06-25 20:00:00,9521.879
2025-06-25 21:00:00,9267.806
2025-06-25 22:00:00,9571.577
2025-06-25 23:00:00,9772.809
2025-06-26 00:00:00,9916.447
2025-06-26 01:00:00,9725.723
2025-06-26 02:00:00,9439.159
2025-06-26 03:00:00,9677.22
2025-06-26 04:00:00,10402.804
2025-06-26 05:00:00,11232.209
2025-06-26 06:00:00,11885.625
2025-06-26 07:00:00,12182.15
2025-06-26 08:00:00,12669.694
2025-06-26 09:00:00,13149.315
2025-06-26 10:00:00,15444.355
2025-06-26 11:00:00,18039.221
2025-06-26 12:00:00,18980.353
2025-06-26 13:00:00,18903.09
2025-06-26 14:00:00,19672.542
2025-06-26 15:00:00,18755.652
2025-06-26 16:00:00,16812.205
2025-06-26 17:00:00,15499.835
2025-06-26 18:00:00,15189.936
2025-06-26 19:00:00,13509.999
2025-06-26 20:00:00,11701.983
2025-06-26 21:00:00,10374.905
2025-06-26 22:00:00,8398.584
2025-06-26 23:00:00,7176.319
2025-06-27 00:00:00,6405.901
2025-06-27 01:00:00,6043.782
2025-06-27 02:00:00,6271.63
2025-06-27 03:00:00,6784.84
2025-06-27 04:00:00,7468.577
2025-06-27 05:00:00,8096.843
2025-06-27 06:00:00,9551.603
2025-06-27 07:00:00,11961.792
2025-06-27 08:00:00,14248.512
2025-06-27 09:00:00,16564.823
2025-06-27 10:00:00,15992.71
2025-06-27 11:00:00,17480.761
2025-06-27 12:00:00,18560.369
2025-06-27 13:00:00,18107.097
2025-06-27 14:00:00,18276.931
2025-06-27 15:00:00,19569.124
2025-06-27 16:00:00,18284.432
2025-06-27 17:00:00,16859.482
2025-06-27 18:00:00,15316.395
2025-06-27 19:00:00,13981.836
2025-06-27 20:00:00,13215.386
2025-06-27 21:00:00,12634.04
2025-06-27 22:00:00,11855.951
2025-06-27 23:00:00,10264.574
2025-06-28 00:00:00,9204.594
2025-06-28 01:00:00,8576.507
2025-06-28 02:00:00,8248.24
2025-06-28 03:00:00,8079.12
2025-06-28 04:00:00,8991.244
2025-06-28 05:00:00,11421.859
2025-06-28 06:00:00,14712.341
2025-06-28 07:00:00,17612.562
2025-06-28 08:00:00,18935.096
2025-06-28 09:00:00,18669.09
2025-06-28 10:00:00,18178.077
2025-06-28 11:00:00,18509.678
2025-06-28 12:00:00,19061.303
2025-06-28 13:00:00,18782.207
2025-06-28 14:00:00,17933.143
2025-06-28 15:00:00,17538.087
2025-06-28 16:00:00,17262.995
2025-06-28 17:00:00,16142.316
2025-06-28 18:00:00,15247.434
2025-06-28 19:00:00,13160.162
2025-06-28 20:00:00,12185.251
2025-06-28 21:00:00,11169.917
2025-06-28 22:00:00,10316.972
2025-06-28 23:00:00,9871.255
2025-06-29 00:00:00,9015.366
2025-06-29 01:00:00,7685.92
2025-06-29 02:00:00,6876.924
2025-06-29 03:00:00,6340.307
2025-06-29 04:00:00,6681.854
2025-06-29 05:00:00,7698.4
2025-06-29 06:00:00,10064.474
2025-06-29 07:00:00,13462.168
2025-06-29 08:00:00,14655.983
2025-06-29 09:00:00,17285.258
2025-06-29 10:00:00,18235.524
2025-06-29 11:00:00,18971.736
2025-06-29 12:00:00,19208.368
2025-06-29 13:00:00,18706.543
2025-06-29 14:00:00,17975.81
2025-06-29 15:00:00,17324.57
2025-06-29 16:00:00,15158.929
2025-06-29 17:00:00,13595.416
2025-06-29 18:00:00,11564.142
2025-06-29 19:00:00,9630.361
2025-06-29 20:00:00,8725.42
2025-06-29 21:00:00,8568.613
2025-06-29 22:00:00,8312.019
2025-06-29 23:00:00,8220.524
2025-06-30 00:00:00,8295.863
2025-06-30 01:00:00,8237.225
2025-06-30 02:00:00,8307.081
2025-06-30 03:00:00,8589.81
2025-06-30 04:00:00,10136.868
2025-06-30 05:00:00,12463.363
2025-06-30 06:00:00,15744.308
2025-06-30 07:00:00,17509.278
2025-06-30 08:00:00,18239.5
2025-06-30 09:00:00,20493.703
2025-06-30 10:00:00,22647.238
2025-06-30 11:00:00,21556.875
2025-06-30 12:00:00,23090.358
2025-06-30 13:00:00,22042.745
2025-06-30 14:00:00,20722.714
2025-06-30 15:00:00,20367.756
2025-06-30 16:00:00,19022.357
2025-06-30 17:00:00,16153.06
2025-06-30 18:00:00,13259.651
2025-06-30 19:00:00,11716.307
2025-06-30 20:00:00,11145.53
2025-06-30 21:00:00,10696.46
2025-06-30 22:00:00,10723.733
2025-06-30 23:00:00,10644.293
2025-07-01 00:00:00,10783.434
2025-07-01 01:00:00,10710.679
2025-07-01 02:00:00,10338.719
2025-07-01 03:00:00,9899.148
2025-07-01 04:00:00,10455.847
2025-07-01 05:00:00,12285.45
2025-07-01 06:00:00,15203.691
2025-07-01 07:00:00,17898.366
2025-07-01 08:00:00,18576.733
2025-07-01 09:00:00,18849.469
2025-07-01 10:00:00,20367.704
2025-07-01 11:00:00,21245.76
2025-07-01 12:00:00,20856.449
2025-07-01 13:00:00,20148.876
2025-07-01 14:00:00,19417.246
2025-07-01 15:00:00,18870.827
2025-07-01 16:00:00,16404.388
2025-07-01 17:00:00,13306.842
2025-07-01 18:00:00,11255.205
2025-07-01 19:00:00,9680.77
2025-07-01 20:00:00,9342.642
2025-07-01 21:00:00,8672.491
2025-07-01 22:00:00,8020.411
2025-07-01 23:00:00,7454.164
2025-07-02 00:00:00,7086.985
2025-07-02 01:00:00,7039.012
2025-07-02 02:00:00,7259.364
2025-07-02 03:00:00,7228.665
2025-07-02 04:00:00,8636.903
2025-07-02 05:00:00,10472.629
2025-07-02 06:00:00,12797.848
2025-07-02 07:00:00,15265.288
2025-07-02 08:00:00,17216.747
2025-07-02 09:00:00,18481.356
2025-07-02 10:00:00,20811.444
2025-07-02 11:00:00,22243.788
2025-07-02 12:00:00,21887.924
2025-07-02 13:00:00,21411.979
2025-07-02 14:00:00,19833.597
2025-07-02 15:00:00,19060.08
2025-07-02 16:00:00,15650.13
2025-07-02 17:00:00,13904.802
2025-07-02 18:00:00,13292.079
2025-07-02 19:00:00,11938.301
2025-07-02 20:00:00,11367.619
2025-07-02 21:00:00,11231.584
2025-07-02 22:00:00,11836.534
2025-07-02 23:00:00,11550.598
2025-07-03 00:00:00,11433.738
2025-07-03 01:00:00,10937.038
2025-07-03 02:00:00,10590.925
2025-07-03 03:00:00,10228.247
2025-07-03 04:00:00,11457.44
2025-07-03 05:00:00,13708.61
2025-07-03 06:00:00,15989.596
2025-07-03 07:00:00,17880.041
2025-07-03 08:00:00,19373.799
2025-07-03 09:00:00,20331.091
2025-07-03 10:00:00,21393.894
2025-07-03 11:00:00,22350.597
2025-07-03 12:00:00,22159.311
2025-07-03 13:00:00,22387.374
2025-07-03 14:00:00,20550.812
2025-07-03 15:00:00,17819.652
2025-07-03 16:00:00,16733.122
2025-07-03 17:00:00,14632.504
2025-07-03 18:00:00,11695.913
2025-07-03 19:00:00,9234.572
2025-07-03 20:00:00,8327.998
2025-07-03 21:00:00,8133.252
2025-07-03 22:00:00,8130.48
2025-07-03 23:00:00,7924.752
2025-07-04 00:00:00,8054.156
2025-07-04 01:00:00,8161.919
2025-07-04 02:00:00,8273.372
2025-07-04 03:00:00,8822.798
2025-07-04 04:00:00,10250.21
2025-07-04 05:00:00,12782.446
2025-07-04 06:00:00,15909.907
2025-07-04 07:00:00,17676.243
2025-07-04 08:00:00,19754.209
2025-07-04 09:00:00,22479.66
2025-07-04 10:00:00,22589.16
2025-07-04 11:00:00,21994.077
2025-07-04 12:00:00,21333.269
2025-07-04 13:00:00,20118.752
2025-07-04 14:00:00,20306.946
2025-07-04 15:00:00,19056.258
2025-07-04 16:00:00,18754.95
2025-07-04 17:00:00,17578.926
2025-07-04 18:00:00,15700.971
2025-07-04 19:00:00,13451.04
2025-07-04 20:00:00,12785.91
2025-07-04 21:00:00,12735.351
2025-07-04 22:00:00,11184.795
2025-07-04 23:00:00,10159.165
2025-07-05 00:00:00,9423.184
2025-07-05 01:00:00,8831.522
2025-07-05 02:00:00,8583.01
2025-07-05 03:00:00,8515.33
2025-07-05 04:00:00,8582.717
2025-07-05 05:00:00,10697.102
2025-07-05 06:00:00,12222.992
2025-07-05 07:00:00,12849.851
2025-07-05 08:00:00,14455.266
2025-07-05 09:00:00,18279.669
2025-07-05 10:00:00,19735.472
2025-07-05 11:00:00,18043.001
2025-07-05 12:00:00,17719.486
2025-07-05 13:00:00,18983.773
2025-07-05 14:00:00,16936.538
2025-07-05 15:00:00,16959.48
2025-07-05 16:00:00,15452.349
2025-07-05 17:00:00,14261.668
2025-07-05 18:00:00,14230.803
2025-07-05 19:00:00,13403.545
2025-07-05 20:00:00,13220.322
2025-07-05 21:00:00,13052.844
2025-07-05 22:00:00,12956.846
2025-07-05 23:00:00,12337.183
2025-07-06 00:00:00,11826.458
2025-07-06 01:00:00,11275.28
2025-07-06 02:00:00,10205.188
2025-07-06 03:00:00,8932.792
2025-07-06 04:00:00,7692.634
2025-07-06 05:00:00,7843.232
2025-07-06 06:00:00,8936.198
2025-07-06 07:00:00,10192.727
2025-07-06 08:00:00,10918.61
2025-07-06 09:00:00,11110.384
2025-07-06 10:00:00,11110.898
2025-07-06 11:00:00,9461.337
2025-07-06 12:00:00,9625.863
2025-07-06 13:00:00,9976.962
2025-07-06 14:00:00,10826.091
2025-07-06 15:00:00,12455.367
2025-07-06 16:00:00,12190.055
2025-07-06 17:00:00,10739.868
2025-07-06 18:00:00,9549.168
2025-07-06 19:00:00,8757.711
2025-07-06 20:00:00,8523.532
2025-07-06 21:00:00,8505.279
2025-07-06 22:00:00,7762.078
2025-07-06 23:00:00,7898.633
2025-07-07 00:00:00,7996.749
2025-07-07 01:00:00,8390.949
2025-07-07 02:00:00,8895.378
2025-07-07 03:00:00,9662.757
2025-07-07 04:00:00,10904.135
2025-07-07 05:00:00,13144.984
2025-07-07 06:00:00,14875.867
2025-07-07 07:00:00,17532.462
2025-07-07 08:00:00,19322.467
2025-07-07 09:00:00,19364.864
2025-07-07 10:00:00,19722.786
2025-07-07 11:00:00,22185.195
2025-07-07 12:00:00,23362.077
2025-07-07 13:00:00,23866.082
2025-07-07 14:00:00,22736.116
2025-07-07 15:00:00,21243.513
2025-07-07 16:00:00,19937.756
2025-07-07 17:00:00,17908.17
2025-07-07 18:00:00,15384.11
2025-07-07 19:00:00,12616.854
2025-07-07 20:00:00,10454.91
2025-07-07 21:00:00,8730.045
2025-07-07 22:00:00,8475.787
2025-07-07 23:00:00,8626.09
2025-07-08 00:00:00,9022.726
2025-07-08 01:00:00,8668.626
2025-07-08 02:00:00,8600.785
2025-07-08 03:00:00,8746.647
2025-07-08 04:00:00,9939.954
2025-07-08 05:00:00,11775.874
2025-07-08 06:00:00,13716.529
2025-07-08 07:00:00,16146.649
2025-07-08 08:00:00,17135.344
2025-07-08 09:00:00,20547.046
2025-07-08 10:00:00,21487.287
2025-07-08 11:00:00,22155.777
2025-07-08 12:00:00,23401.788
2025-07-08 13:00:00,20520.592
2025-07-08 14:00:00,19167.914
2025-07-08 15:00:00,18385.645
2025-07-08 16:00:00,16856.835
2025-07-08 17:00:00,15215.61
2025-07-08 18:00:00,12833.666
2025-07-08 19:00:00,10864.273
2025-07-08 20:00:00,9636.222
2025-07-08 21:00:00,8847.446
2025-07-08 22:00:00,8434.581
2025-07-08 23:00:00,7922.049
2025-07-09 00:00:00,7941.415
2025-07-09 01:00:00,7819.807
2025-07-09 02:00:00,7659.547
2025-07-09 03:00:00,7635.573
2025-07-09 04:00:00,8531.435
2025-07-09 05:00:00,10207.847
2025-07-09 06:00:00,11702.321
2025-07-09 07:00:00,15636.424
2025-07-09 08:00:00,16716.769
2025-07-09 09:00:00,17004.336
2025-07-09 10:00:00,19284.826
2025-07-09 11:00:00,20101.09
2025-07-09 12:00:00,22028.484
2025-07-09 13:00:00,21593.023
2025-07-09 14:00:00,20021.069
2025-07-09 15:00:00,18600.628
2025-07-09 16:00:00,16791.344
2025-07-09 17:00:00,14393.408
2025-07-09 18:00:00,11394.483
2025-07-09 19:00:00,9339.51
2025-07-09 20:00:00,8454.774
2025-07-09 21:00:00,8086.544
2025-07-09 22:00:00,8290.194
2025-07-09 23:00:00,8468.346
2025-07-10 00:00:00,8422.647
2025-07-10 01:00:00,8627.346
2025-07-10 02:00:00,8757.817
2025-07-10 03:00:00,8720.313
2025-07-10 04:00:00,9590.324
2025-07-10 05:00:00,10967.455
2025-07-10 06:00:00,12271.158
2025-07-10 07:00:00,13273.323
2025-07-10 08:00:00,13027.263
2025-07-10 09:00:00,14290.344
2025-07-10 10:00:00,17298.332
2025-07-10 11:00:00,16820.405
2025-07-10 12:00:00,17150.878
2025-07-10 13:00:00,18626.152
2025-07-10 14:00:00,18627.512
2025-07-10 15:00:00,18682.659
2025-07-10 16:00:00,17702.685
2025-07-10 17:00:00,15292.49
2025-07-10 18:00:00,12427.529
2025-07-10 19:00:00,10368.866
2025-07-10 20:00:00,9268.997
2025-07-10 21:00:00,8844.849
2025-07-10 22:00:00,8064.557
2025-07-10 23:00:00,8129.699
2025-07-11 00:00:00,8007.957
2025-07-11 01:00:00,8016.381
2025-07-11 02:00:00,8095.935
2025-07-11 03:00:00,8300.055
2025-07-11 04:00:00,9120.543
2025-07-11 05:00:00,10239.936
2025-07-11 06:00:00,11596.126
2025-07-11 07:00:00,13535.456
2025-07-11 08:00:00,14008.575
2025-07-11 09:00:00,14342.391
2025-07-11 10:00:00,15161.141
2025-07-11 11:00:00,16800.386
2025-07-11 12:00:00,17850.322
2025-07-11 13:00:00,17843.436
2025-07-11 14:00:00,17557.298
2025-07-11 15:00:00,16870.415
2025-07-11 16:00:00,15729.765
2025-07-11 17:00:00,14679.755
2025-07-11 18:00:00,12602.057
2025-07-11 19:00:00,10486.524
2025-07-11 20:00:00,9480.656
2025-07-11 21:00:00,9079.212
2025-07-11 22:00:00,9066.592
2025-07-11 23:00:00,8780.094
2025-07-12 00:00:00,8600.268
2025-07-12 01:00:00,8705.959
2025-07-12 02:00:00,8693.333
2025-07-12 03:00:00,8151.125
2025-07-12 04:00:00,7542.273
2025-07-12 05:00:00,7963.559
2025-07-12 06:00:00,9235.788
2025-07-12 07:00:00,12234.81
2025-07-12 08:00:00,16026.885
2025-07-12 09:00:00,20286.306
2025-07-12 10:00:00,23023.774
2025-07-12 11:00:00,24077.828
2025-07-12 12:00:00,23613.531
2025-07-12 13:00:00,23296.501
2025-07-12 14:00:00,21028.497
2025-07-12 15:00:00,18991.685
2025-07-12 16:00:00,17739.111
2025-07-12 17:00:00,15331.427
2025-07-12 18:00:00,13478.982
2025-07-12 19:00:00,11638.012
2025-07-12 20:00:00,10928.07
2025-07-12 21:00:00,10723.448
2025-07-12 22:00:00,10469.282
2025-07-12 23:00:00,10171.11
2025-07-13 00:00:00,9789.32
2025-07-13 01:00:00,9531.689
2025-07-13 02:00:00,9314.837
2025-07-13 03:00:00,8699.292
2025-07-13 04:00:00,8758.947
2025-07-13 05:00:00,8875.997
2025-07-13 06:00:00,8214.286
2025-07-13 07:00:00,9153.07
2025-07-13 08:00:00,10117.461
2025-07-13 09:00:00,12579.083
2025-07-13 10:00:00,14048.228
2025-07-13 11:00:00,14079.791
2025-07-13 12:00:00,16062.114
2025-07-13 13:00:00,16153.338
2025-07-13 14:00:00,14985.407
2025-07-13 15:00:00,13390.912
2025-07-13 16:00:00,13687.139
2025-07-13 17:00:00,13489.764
2025-07-13 18:00:00,11909.568
2025-07-13 19:00:00,10461.435
2025-07-13 20:00:00,9810.384
2025-07-13 21:00:00,9720.456
2025-07-13 22:00:00,9513.428
2025-07-13 23:00:00,9384.304
2025-07-14 00:00:00,9275.858
2025-07-14 01:00:00,9237.299
2025-07-14 02:00:00,9369.686
2025-07-14 03:00:00,9600.703
2025-07-14 04:00:00,10516.672
2025-07-14 05:00:00,12261.773
2025-07-14 06:00:00,14373.594
2025-07-14 07:00:00,15795.489
2025-07-14 08:00:00,15811.404
2025-07-14 09:00:00,16718.496
2025-07-14 10:00:00,16960.966
2025-07-14 11:00:00,17970.091
2025-07-14 12:00:00,17340.41
2025-07-14 13:00:00,18848.391
2025-07-14 14:00:00,19091.932
2025-07-14 15:00:00,19438.999
2025-07-14 16:00:00,20308.359
2025-07-14 17:00:00,19153.443
2025-07-14 18:00:00,18338.592
2025-07-14 19:00:00,16977.91
2025-07-14 20:00:00,15951.167
2025-07-14 21:00:00,15568.88
2025-07-14 22:00:00,15229.276
2025-07-14 23:00:00,14081.238
2025-07-15 00:00:00,13823.283
2025-07-15 01:00:00,13362.881
2025-07-15 02:00:00,12928.271
2025-07-15 03:00:00,11635.757
2025-07-15 04:00:00,11446.112
2025-07-15 05:00:00,12963.144
2025-07-15 06:00:00,15849.89
2025-07-15 07:00:00,17814.505
2025-07-15 08:00:00,18915.074
2025-07-15 09:00:00,20856.482
2025-07-15 10:00:00,21262.554
2025-07-15 11:00:00,21159.52
2025-07-15 12:00:00,23811.307
2025-07-15 13:00:00,24001.538
2025-07-15 14:00:00,20696.557
2025-07-15 15:00:00,18982.648
2025-07-15 16:00:00,19396.004
2025-07-15 17:00:00,19667.834
2025-07-15 18:00:00,17414.375
2025-07-15 19:00:00,15918.856
2025-07-15 20:00:00,15005.999
2025-07-15 21:00:00,14356.003
2025-07-15 22:00:00,13921.975
2025-07-15 23:00:00,11793.206
2025-07-16 00:00:00,10469.668
2025-07-16 01:00:00,9205.961
2025-07-16 02:00:00,8704.419
2025-07-16 03:00:00,9593.719
2025-07-16 04:00:00,10131.13
2025-07-16 05:00:00,11590.099
2025-07-16 06:00:00,13596.571
2025-07-16 07:00:00,15711.055
2025-07-16 08:00:00,15824.083
2025-07-16 09:00:00,15689.618
2025-07-16 10:00:00,16069.336
2025-07-16 11:00:00,17764.395
2025-07-16 12:00:00,18443.332
2025-07-16 13:00:00,17618.055
2025-07-16 14:00:00,18204.406
2025-07-16 15:00:00,17894.326
2025-07-16 16:00:00,18007.704
2025-07-16 17:00:00,16693.363
2025-07-16 18:00:00,14032.315
2025-07-16 19:00:00,11810.196
2025-07-16 20:00:00,10721.485
2025-07-16 21:00:00,10573.036
2025-07-16 22:00:00,10246.53
2025-07-16 23:00:00,9636.292
2025-07-17 00:00:00,8810.323
2025-07-17 01:00:00,8674.519
2025-07-17 02:00:00,8675.172
2025-07-17 03:00:00,8892.028
2025-07-17 04:00:00,9895.625
2025-07-17 05:00:00,12015.812
2025-07-17 06:00:00,14451.339
2025-07-17 07:00:00,15103.863
2025-07-17 08:00:00,16031.211
2025-07-17 09:00:00,18053.357
2025-07-17 10:00:00,18807.497
2025-07-17 11:00:00,20821.297
2025-07-17 12:00:00,19482.665
2025-07-17 13:00:00,18846.759
2025-07-17 14:00:00,18302.034
2025-07-17 15:00:00,17201.036
2025-07-17 16:00:00,16747.199
2025-07-17 17:00:00,15369.545
2025-07-17 18:00:00,12943.169
2025-07-17 19:00:00,11233.059
2025-07-17 20:00:00,10903.699
2025-07-17 21:00:00,10859.721
2025-07-17 22:00:00,10673.964
2025-07-17 23:00:00,10342.023
2025-07-18 00:00:00,10315.248
2025-07-18 01:00:00,10196.439
2025-07-18 02:00:00,10303.567
2025-07-18 03:00:00,10429.234
2025-07-18 04:00:00,11054.876
2025-07-18 05:00:00,12654.618
2025-07-18 06:00:00,14639.122
2025-07-18 07:00:00,15504.194
2025-07-18 08:00:00,14673.508
2025-07-18 09:00:00,16255.63
2025-07-18 10:00:00,18281.514
2025-07-18 11:00:00,19314.955
2025-07-18 12:00:00,18337.596
2025-07-18 13:00:00,16409.261
2025-07-18 14:00:00,16964.309
2025-07-18 15:00:00,16759.129
2025-07-18 16:00:00,16869.843
2025-07-18 17:00:00,15339.4
2025-07-18 18:00:00,13209.354
2025-07-18 19:00:00,11997.099
2025-07-18 20:00:00,11914.591
2025-07-18 21:00:00,12343.54
2025-07-18 22:00:00,12771.706
2025-07-18 23:00:00,12486.474
2025-07-19 00:00:00,12509.612
2025-07-19 01:00:00,12442.012
2025-07-19 02:00:00,12405.91
2025-07-19 03:00:00,12256.111
2025-07-19 04:00:00,11893.735
2025-07-19 05:00:00,11945.835
2025-07-19 06:00:00,11898.616
2025-07-19 07:00:00,13966.99
2025-07-19 08:00:00,16332.17
2025-07-19 09:00:00,19997.711
2025-07-19 10:00:00,20525.913
2025-07-19 11:00:00,21312.045
2025-07-19 12:00:00,21312.164
2025-07-19 13:00:00,21267.809
2025-07-19 14:00:00,17211.213
2025-07-19 15:00:00,15663.283
2025-07-19 16:00:00,15950.461
2025-07-19 17:00:00,14998.843
2025-07-19 18:00:00,13293.841
2025-07-19 19:00:00,12837.714
2025-07-19 20:00:00,11927.275
2025-07-19 21:00:00,10909.194
2025-07-19 22:00:00,10975.069
2025-07-19 23:00:00,10802.609
2025-07-20 00:00:00,10438.943
2025-07-20 01:00:00,10212.328
2025-07-20 02:00:00,10124.866
2025-07-20 03:00:00,9904.884
2025-07-20 04:00:00,9729.692
2025-07-20 05:00:00,8708.111
2025-07-20 06:00:00,7707.115
2025-07-20 07:00:00,8586.609
2025-07-20 08:00:00,12699.489
2025-07-20 09:00:00,15889.358
2025-07-20 10:00:00,16567.857
2025-07-20 11:00:00,16914.945
2025-07-20 12:00:00,14438.154
2025-07-20 13:00:00,13925.844
2025-07-20 14:00:00,12355.981
2025-07-20 15:00:00,12151.603
2025-07-20 16:00:00,14706.325
2025-07-20 17:00:00,12703.952
2025-07-20 18:00:00,11578.625
2025-07-20 19:00:00,10547.451
2025-07-20 20:00:00,10320.55
2025-07-20 21:00:00,10144.94
2025-07-20 22:00:00,9784.923
2025-07-20 23:00:00,8384.366
2025-07-21 00:00:00,8278.502
2025-07-21 01:00:00,8621.947
2025-07-21 02:00:00,9258.179
2025-07-21 03:00:00,9578.008
2025-07-21 04:00:00,10135.123
2025-07-21 05:00:00,12435.189
2025-07-21 06:00:00,15551.122
2025-07-21 07:00:00,19192.572
2025-07-21 08:00:00,20924.352
2025-07-21 09:00:00,21196.866
2025-07-21 10:00:00,20914.028
2025-07-21 11:00:00,20939.053
2025-07-21 12:00:00,20036.431
2025-07-21 13:00:00,18856.342
2025-07-21 14:00:00,20064.92
2025-07-21 15:00:00,16916.74
2025-07-21 16:00:00,17941.642
2025-07-21 17:00:00,15777.619
2025-07-21 18:00:00,13314.476
2025-07-21 19:00:00,12483.085
2025-07-21 20:00:00,12087.316
2025-07-21 21:00:00,11849.845
2025-07-21 22:00:00,11282.374
2025-07-21 23:00:00,10800.535
2025-07-22 00:00:00,10634.927
2025-07-22 01:00:00,10769.237
2025-07-22 02:00:00,10913.458
2025-07-22 03:00:00,11645.451
2025-07-22 04:00:00,11916.904
2025-07-22 05:00:00,13115.418
2025-07-22 06:00:00,14478.083
2025-07-22 07:00:00,16085.525
2025-07-22 08:00:00,16693.842
2025-07-22 09:00:00,18038.609
2025-07-22 10:00:00,19647.458
2025-07-22 11:00:00,20320.913
2025-07-22 12:00:00,17801.102
2025-07-22 13:00:00,18927.441
2025-07-22 14:00:00,19088.587
2025-07-22 15:00:00,19563.618
2025-07-22 16:00:00,19588.402
2025-07-22 17:00:00,19189.037
2025-07-22 18:00:00,17085.13
2025-07-22 19:00:00,14909.63
2025-07-22 20:00:00,13770.729
2025-07-22 21:00:00,11687.732
2025-07-22 22:00:00,8518.134
2025-07-22 23:00:00,7550.481
2025-07-23 00:00:00,7171.003
2025-07-23 01:00:00,6955.276
2025-07-23 02:00:00,7152.765
2025-07-23 03:00:00,7276.709
2025-07-23 04:00:00,7555.481
2025-07-23 05:00:00,8659.559
2025-07-23 06:00:00,10701.327
2025-07-23 07:00:00,12585.748
2025-07-23 08:00:00,13391.603
2025-07-23 09:00:00,15065.225
2025-07-23 10:00:00,16168.169
2025-07-23 11:00:00,17541.821
2025-07-23 12:00:00,18477.724
2025-07-23 13:00:00,18215.884
2025-07-23 14:00:00,17506.393
2025-07-23 15:00:00,16691.036
2025-07-23 16:00:00,17373.143
2025-07-23 17:00:00,17229.771
2025-07-23 18:00:00,14612.397
2025-07-23 19:00:00,12691.116
2025-07-23 20:00:00,12442.537
2025-07-23 21:00:00,12154.196
2025-07-23 22:00:00,11730.167
2025-07-23 23:00:00,11315.949
2025-07-24 00:00:00,11119.874
2025-07-24 01:00:00,11072.908
2025-07-24 02:00:00,10682.082
2025-07-24 03:00:00,10453.475
2025-07-24 04:00:00,11273.832
2025-07-24 05:00:00,12872.243
2025-07-24 06:00:00,15100.668
2025-07-24 07:00:00,17195.597
2025-07-24 08:00:00,16996.547
2025-07-24 09:00:00,17618.724
2025-07-24 10:00:00,20032.387
2025-07-24 11:00:00,21652.537
2025-07-24 12:00:00,21156.241
2025-07-24 13:00:00,21349.119
2025-07-24 14:00:00,19147.099
2025-07-24 15:00:00,19609.181
2025-07-24 16:00:00,19076.967
2025-07-24 17:00:00,15901.697
2025-07-24 18:00:00,13986.695
2025-07-24 19:00:00,12242.484
2025-07-24 20:00:00,11835.401
2025-07-24 21:00:00,11664.998
2025-07-24 22:00:00,11534.637
2025-07-24 23:00:00,11806.569
2025-07-25 00:00:00,11718.434
2025-07-25 01:00:00,11640.821
2025-07-25 02:00:00,12027.319
2025-07-25 03:00:00,12285.053
2025-07-25 04:00:00,12616.66
2025-07-25 05:00:00,13378.825
2025-07-25 06:00:00,14451.678
2025-07-25 07:00:00,15161.481
2025-07-25 08:00:00,14431.259
2025-07-25 09:00:00,13388.738
2025-07-25 10:00:00,13316.158
2025-07-25 11:00:00,13891.753
2025-07-25 12:00:00,15409.998
2025-07-25 13:00:00,15542.093
2025-07-25 14:00:00,15866.57
2025-07-25 15:00:00,15588.635
2025-07-25 16:00:00,15506.543
2025-07-25 17:00:00,15752.396
2025-07-25 18:00:00,13363.696
2025-07-25 19:00:00,11749.644
2025-07-25 20:00:00,11384.212
2025-07-25 21:00:00,11225.68
2025-07-25 22:00:00,10815.717
2025-07-25 23:00:00,10574.223
2025-07-26 00:00:00,10709.632
2025-07-26 01:00:00,10811.821
2025-07-26 02:00:00,10455.75
2025-07-26 03:00:00,10213.956
2025-07-26 04:00:00,9637.394
2025-07-26 05:00:00,10365.096
2025-07-26 06:00:00,10831.803
2025-07-26 07:00:00,13233.104
2025-07-26 08:00:00,16160.425
2025-07-26 09:00:00,18476.568
2025-07-26 10:00:00,18532.807
2025-07-26 11:00:00,19180.175
2025-07-26 12:00:00,16468.391
2025-07-26 13:00:00,15426.672
2025-07-26 14:00:00,12516.84
2025-07-26 15:00:00,12066.065
2025-07-26 16:00:00,13082.642
2025-07-26 17:00:00,14653.973
2025-07-26 18:00:00,13435.476
2025-07-26 19:00:00,11966.448
2025-07-26 20:00:00,11463.822
2025-07-26 21:00:00,11384.012
2025-07-26 22:00:00,11410.321
2025-07-26 23:00:00,11331.547
2025-07-27 00:00:00,10700.869
2025-07-27 01:00:00,10019.676
2025-07-27 02:00:00,9551.106
2025-07-27 03:00:00,9222.345
2025-07-27 04:00:00,8588.197
2025-07-27 05:00:00,8993.418
2025-07-27 06:00:00,10387.1
2025-07-27 07:00:00,10755.394
2025-07-27 08:00:00,11944.084
2025-07-27 09:00:00,13860.726
2025-07-27 10:00:00,14471.079
2025-07-27 11:00:00,15077.643
2025-07-27 12:00:00,15017.839
2025-07-27 13:00:00,14585.454
2025-07-27 14:00:00,15239.352
2025-07-27 15:00:00,14223.748
2025-07-27 16:00:00,16877.303
2025-07-27 17:00:00,16566.428
2025-07-27 18:00:00,14425.936
2025-07-27 19:00:00,12785.641
2025-07-27 20:00:00,11660.206
2025-07-27 21:00:00,11676.675
2025-07-27 22:00:00,11660.715
2025-07-27 23:00:00,11584.539
2025-07-28 00:00:00,11816.829
2025-07-28 01:00:00,11378.22
2025-07-28 02:00:00,11500.69
2025-07-28 03:00:00,11805.877
2025-07-28 04:00:00,12158.802
2025-07-28 05:00:00,13274.711
2025-07-28 06:00:00,14735.667
2025-07-28 07:00:00,17008.075
2025-07-28 08:00:00,17953.675
2025-07-28 09:00:00,18424.102
2025-07-28 10:00:00,19358.21
2025-07-28 11:00:00,20405.402
2025-07-28 12:00:00,20899.116
2025-07-28 13:00:00,20808.504
2025-07-28 14:00:00,20629.229
2025-07-28 15:00:00,18207.237
2025-07-28 16:00:00,18855.747
2025-07-28 17:00:00,18132.1
2025-07-28 18:00:00,15482.908
2025-07-28 19:00:00,12645.673
2025-07-28 20:00:00,11338.978
2025-07-28 21:00:00,11092.046
2025-07-28 22:00:00,8713.621
2025-07-28 23:00:00,7598.516
2025-07-29 00:00:00,7268.865
2025-07-29 01:00:00,7143.759
2025-07-29 02:00:00,7447.218
2025-07-29 03:00:00,7562.496
2025-07-29 04:00:00,7942.997
2025-07-29 05:00:00,9205.785
2025-07-29 06:00:00,11226.648
2025-07-29 07:00:00,13724.225
2025-07-29 08:00:00,15248.983
2025-07-29 09:00:00,17193.154
2025-07-29 10:00:00,18497.915
2025-07-29 11:00:00,19585.488
2025-07-29 12:00:00,19751.956
2025-07-29 13:00:00,18835.786
2025-07-29 14:00:00,16113.5
2025-07-29 15:00:00,15338.628
2025-07-29 16:00:00,15521.458
2025-07-29 17:00:00,14737.828
2025-07-29 18:00:00,12593.38
2025-07-29 19:00:00,10903.263
2025-07-29 20:00:00,10173.913
2025-07-29 21:00:00,10021.033
2025-07-29 22:00:00,9073.519
2025-07-29 23:00:00,8148.049
2025-07-30 00:00:00,7821.074
2025-07-30 01:00:00,8015.04
2025-07-30 02:00:00,8235.179
2025-07-30 03:00:00,8495.38
2025-07-30 04:00:00,8950.636
2025-07-30 05:00:00,10380.204
2025-07-30 06:00:00,12623.821
2025-07-30 07:00:00,13957.892
2025-07-30 08:00:00,15236.883
2025-07-30 09:00:00,18822.732
2025-07-30 10:00:00,20642.054
2025-07-30 11:00:00,21666.096
2025-07-30 12:00:00,22432.548
2025-07-30 13:00:00,22274.92
2025-07-30 14:00:00,19656.466
2025-07-30 15:00:00,18545.38
2025-07-30 16:00:00,16807.496
2025-07-30 17:00:00,15870.992
2025-07-30 18:00:00,13701.401
2025-07-30 19:00:00,12638.41
2025-07-30 20:00:00,12156.821
2025-07-30 21:00:00,11509.571
2025-07-30 22:00:00,9880.898
2025-07-30 23:00:00,9522.916
2025-07-31 00:00:00,8900.329
2025-07-31 01:00:00,8852.99
2025-07-31 02:00:00,8368.605
2025-07-31 03:00:00,8127.896
2025-07-31 04:00:00,8393.366
2025-07-31 05:00:00,9177.926
2025-07-31 06:00:00,11143.777
2025-07-31 07:00:00,12045.724
2025-07-31 08:00:00,13335.681
2025-07-31 09:00:00,14936.148
2025-07-31 10:00:00,18070.376
2025-07-31 11:00:00,17271.396
2025-07-31 12:00:00,16704.433
2025-07-31 13:00:00,14671.555
2025-07-31 14:00:00,12433.136
2025-07-31 15:00:00,12750.593
2025-07-31 16:00:00,14079.357
2025-07-31 17:00:00,13746.218
2025-07-31 18:00:00,12305.715
2025-07-31 19:00:00,10680.272
2025-07-31 20:00:00,9757.619
2025-07-31 21:00:00,9119.645
2025-07-31 22:00:00,8736.605
2025-07-31 23:00:00,8568.97
2025-08-01 00:00:00,8591.332
2025-08-01 01:00:00,8697.905
2025-08-01 02:00:00,8913.248
2025-08-01 03:00:00,9054.123
2025-08-01 04:00:00,9758.499
2025-08-01 05:00:00,11203.486
2025-08-01 06:00:00,13439.136
2025-08-01 07:00:00,14417.632
2025-08-01 08:00:00,15565.26
2025-08-01 09:00:00,17672.088
2025-08-01 10:00:00,19703.333
2025-08-01 11:00:00,20306.281
2025-08-01 12:00:00,20243.847
2025-08-01 13:00:00,21465.174
2025-08-01 14:00:00,20839.001
2025-08-01 15:00:00,21007.201
2025-08-01 16:00:00,19264.779
2025-08-01 17:00:00,17872.777
2025-08-01 18:00:00,15565.553
2025-08-01 19:00:00,13388.985
2025-08-01 20:00:00,12444.739
2025-08-01 21:00:00,12142.922
2025-08-01 22:00:00,11556.125
2025-08-01 23:00:00,10285.752
2025-08-02 00:00:00,9474.874
2025-08-02 01:00:00,9590.602
2025-08-02 02:00:00,9731.817
2025-08-02 03:00:00,10093.406
2025-08-02 04:00:00,9849.576
2025-08-02 05:00:00,10786.008
2025-08-02 06:00:00,12191.864
2025-08-02 07:00:00,12839.172
2025-08-02 08:00:00,14913.968
2025-08-02 09:00:00,16122.477
2025-08-02 10:00:00,18287.071
2025-08-02 11:00:00,20446.66
2025-08-02 12:00:00,19636.537
2025-08-02 13:00:00,17768.733
2025-08-02 14:00:00,17790.068
2025-08-02 15:00:00,15336.448
2025-08-02 16:00:00,13566.617
2025-08-02 17:00:00,12754.413
2025-08-02 18:00:00,10474.863
2025-08-02 19:00:00,8318.971
2025-08-02 20:00:00,7406.738
2025-08-02 21:00:00,7170.141
2025-08-02 22:00:00,5898.589
2025-08-02 23:00:00,5831.881
2025-08-03 00:00:00,6033.392
2025-08-03 01:00:00,6611.854
2025-08-03 02:00:00,7004.328
2025-08-03 03:00:00,7122.729
2025-08-03 04:00:00,6586.363
2025-08-03 05:00:00,6991.52
2025-08-03 06:00:00,9185.337
2025-08-03 07:00:00,12711.798
2025-08-03 08:00:00,17290.998
2025-08-03 09:00:00,20327.011
2025-08-03 10:00:00,22143.147
2025-08-03 11:00:00,22995.593
2025-08-03 12:00:00,23099.951
2025-08-03 13:00:00,21615.414
2025-08-03 14:00:00,19817.486
2025-08-03 15:00:00,19062.351
2025-08-03 16:00:00,16297.935
2025-08-03 17:00:00,12375.94
2025-08-03 18:00:00,10378.14
2025-08-03 19:00:00,8923.873
2025-08-03 20:00:00,7833.737
2025-08-03 21:00:00,7047.256
2025-08-03 22:00:00,6584.327
2025-08-03 23:00:00,5952.502
2025-08-04 00:00:00,5252.254
2025-08-04 01:00:00,4639.799
2025-08-04 02:00:00,4157.718
2025-08-04 03:00:00,4264.23
2025-08-04 04:00:00,4924.933
2025-08-04 05:00:00,6268.029
2025-08-04 06:00:00,8765.504
2025-08-04 07:00:00,11165.317
2025-08-04 08:00:00,13674.128
2025-08-04 09:00:00,16365.538
2025-08-04 10:00:00,18440.786
2025-08-04 11:00:00,20958.26
2025-08-04 12:00:00,20524.427
2025-08-04 13:00:00,19051.359
2025-08-04 14:00:00,17160.153
2025-08-04 15:00:00,17080.702
2025-08-04 16:00:00,15273.752
2025-08-04 17:00:00,13674.939
2025-08-04 18:00:00,12713.421
2025-08-04 19:00:00,12310.205
2025-08-04 20:00:00,11835.132
2025-08-04 21:00:00,10210.914
2025-08-04 22:00:00,7887.818
2025-08-04 23:00:00,7453.57
2025-08-05 00:00:00,7000.008
2025-08-05 01:00:00,6985.92
2025-08-05 02:00:00,7052.346
2025-08-05 03:00:00,7133.778
2025-08-05 04:00:00,7507.283
2025-08-05 05:00:00,8697.894
2025-08-05 06:00:00,12508.912
2025-08-05 07:00:00,17928.498
2025-08-05 08:00:00,21566.65
2025-08-05 09:00:00,22437.655
2025-08-05 10:00:00,23359.74
2025-08-05 11:00:00,23586.61
2025-08-05 12:00:00,22567.39
2025-08-05 13:00:00,20785.814
2025-08-05 14:00:00,20609.271
2025-08-05 15:00:00,19795.948
2025-08-05 16:00:00,17195.303
2025-08-05 17:00:00,13962.674
2025-08-05 18:00:00,10789.786
2025-08-05 19:00:00,8836.476
2025-08-05 20:00:00,8037.921
2025-08-05 21:00:00,7931.059
2025-08-05 22:00:00,7311.311
2025-08-05 23:00:00,6581.888
2025-08-06 00:00:00,6361.502
2025-08-06 01:00:00,6184.344
2025-08-06 02:00:00,6099.534
2025-08-06 03:00:00,6400.07
2025-08-06 04:00:00,6404.744
2025-08-06 05:00:00,7834.488
2025-08-06 06:00:00,10353.977
2025-08-06 07:00:00,13482.3
2025-08-06 08:00:00,16069.681
2025-08-06 09:00:00,17123.532
2025-08-06 10:00:00,17016.941
2025-08-06 11:00:00,18587.633
2025-08-06 12:00:00,19060.565
2025-08-06 13:00:00,19054.444
2025-08-06 14:00:00,19788.951
2025-08-06 15:00:00,17901.24
2025-08-06 16:00:00,16089.514
2025-08-06 17:00:00,14196.237
2025-08-06 18:00:00,12078.273
2025-08-06 19:00:00,11395.951
2025-08-06 20:00:00,11262.103
2025-08-06 21:00:00,11166.757
2025-08-06 22:00:00,10610.467
2025-08-06 23:00:00,9704.36
2025-08-07 00:00:00,9415.983
2025-08-07 01:00:00,9214.286
2025-08-07 02:00:00,8928.632
2025-08-07 03:00:00,8909.543
2025-08-07 04:00:00,9758.375
2025-08-07 05:00:00,11148.859
2025-08-07 06:00:00,12462.015
2025-08-07 07:00:00,12802.565
2025-08-07 08:00:00,15940.69
2025-08-07 09:00:00,18561.859
2025-08-07 10:00:00,20298.079
2025-08-07 11:00:00,21467.881
2025-08-07 12:00:00,19884.058
2025-08-07 13:00:00,18907.217
2025-08-07 14:00:00,18139.074
2025-08-07 15:00:00,17302.738
2025-08-07 16:00:00,17723.173
2025-08-07 17:00:00,17081.313
2025-08-07 18:00:00,15980.856
2025-08-07 19:00:00,14747.491
2025-08-07 20:00:00,13989.518
2025-08-07 21:00:00,13051.079
2025-08-07 22:00:00,11633.244
2025-08-07 23:00:00,10529.059
2025-08-08 00:00:00,10365.103
2025-08-08 01:00:00,10183.387
2025-08-08 02:00:00,10193.66
2025-08-08 03:00:00,10152.63
2025-08-08 04:00:00,10231.025
2025-08-08 05:00:00,10391.527
2025-08-08 06:00:00,12092.879
2025-08-08 07:00:00,13256.702
2025-08-08 08:00:00,13068.178
2025-08-08 09:00:00,14010.159
2025-08-08 10:00:00,15414.762
2025-08-08 11:00:00,16727.784
2025-08-08 12:00:00,16186.999
2025-08-08 13:00:00,14454.475
2025-08-08 14:00:00,14228.965
2025-08-08 15:00:00,13853.635
2025-08-08 16:00:00,15124.617
2025-08-08 17:00:00,15101.771
2025-08-08 18:00:00,13216.863
2025-08-08 19:00:00,11785.082
2025-08-08 20:00:00,11580.161
2025-08-08 21:00:00,11463.58
2025-08-08 22:00:00,11151.803
2025-08-08 23:00:00,10820.4
2025-08-09 00:00:00,9499.192
2025-08-09 01:00:00,9046.813
2025-08-09 02:00:00,8953.465
2025-08-09 03:00:00,8811.302
2025-08-09 04:00:00,8684.585
2025-08-09 05:00:00,8610.059
2025-08-09 06:00:00,7693.304
2025-08-09 07:00:00,10289.313
2025-08-09 08:00:00,14796.581
2025-08-09 09:00:00,18061.106
2025-08-09 10:00:00,20531.211
2025-08-09 11:00:00,21489.839
2025-08-09 12:00:00,22550.701
2025-08-09 13:00:00,20854.355
2025-08-09 14:00:00,19341.581
2025-08-09 15:00:00,18169.262
2025-08-09 16:00:00,16027.138
2025-08-09 17:00:00,14381.486
2025-08-09 18:00:00,11487.698
2025-08-09 19:00:00,9327.508
2025-08-09 20:00:00,9081.103
2025-08-09 21:00:00,8593.819
2025-08-09 22:00:00,8081.476
2025-08-09 23:00:00,6909.502
2025-08-10 00:00:00,6087.397
2025-08-10 01:00:00,6010.824
2025-08-10 02:00:00,5913.145
2025-08-10 03:00:00,5706.483
2025-08-10 04:00:00,5672.911
2025-08-10 05:00:00,5626.639
2025-08-10 06:00:00,7682.809
2025-08-10 07:00:00,10566.444
2025-08-10 08:00:00,13806.715
2025-08-10 09:00:00,16190.25
2025-08-10 10:00:00,18216.942
2025-08-10 11:00:00,18072.401
2025-08-10 12:00:00,18314.565
2025-08-10 13:00:00,17648.614
2025-08-10 14:00:00,16637.897
2025-08-10 15:00:00,15560.338
2025-08-10 16:00:00,14717.923
2025-08-10 17:00:00,13765.125
2025-08-10 18:00:00,11869.493
2025-08-10 19:00:00,10628.873
2025-08-10 20:00:00,10487.8
2025-08-10 21:00:00,10379.931
2025-08-10 22:00:00,10583.937
2025-08-10 23:00:00,10463.714
2025-08-11 00:00:00,10453.825
2025-08-11 01:00:00,10377.969
2025-08-11 02:00:00,10439.731
2025-08-11 03:00:00,10403.952
2025-08-11 04:00:00,11081.288
2025-08-11 05:00:00,12547.798
2025-08-11 06:00:00,14740.865
2025-08-11 07:00:00,14399.991
2025-08-11 08:00:00,15355.378
2025-08-11 09:00:00,17538.181
2025-08-11 10:00:00,19626.841
2025-08-11 11:00:00,20443.534
2025-08-11 12:00:00,20191.347
2025-08-11 13:00:00,19645.998
2025-08-11 14:00:00,18987.115
2025-08-11 15:00:00,18982.129
2025-08-11 16:00:00,19093.389
2025-08-11 17:00:00,16833.198
2025-08-11 18:00:00,14541.81
2025-08-11 19:00:00,13734.437
2025-08-11 20:00:00,13314.181
2025-08-11 21:00:00,13012.539
2025-08-11 22:00:00,12368.336
2025-08-11 23:00:00,12045.293
2025-08-12 00:00:00,12184.236
2025-08-12 01:00:00,11932.966
2025-08-12 02:00:00,11669.723
2025-08-12 03:00:00,11559.04
2025-08-12 04:00:00,11493.757
2025-08-12 05:00:00,12439.047
2025-08-12 06:00:00,14084.812
2025-08-12 07:00:00,13454.544
2025-08-12 08:00:00,13887.152
2025-08-12 09:00:00,15069.272
2025-08-12 10:00:00,16995.399
2025-08-12 11:00:00,19400.44
2025-08-12 12:00:00,20565.272
2025-08-12 13:00:00,20406.624
2025-08-12 14:00:00,19759.17
2025-08-12 15:00:00,19807.467
2025-08-12 16:00:00,19357.185
2025-08-12 17:00:00,16258.371
2025-08-12 18:00:00,13569.94
2025-08-12 19:00:00,12938.477
2025-08-12 20:00:00,13182.826
2025-08-12 21:00:00,12674.52
2025-08-12 22:00:00,11861.806
2025-08-12 23:00:00,11592.366
2025-08-13 00:00:00,11413.72
2025-08-13 01:00:00,11277.19
2025-08-13 02:00:00,11106.161
2025-08-13 03:00:00,11380.128
2025-08-13 04:00:00,11649.178
2025-08-13 05:00:00,13175.421
2025-08-13 06:00:00,15541.39
2025-08-13 07:00:00,17082.277
2025-08-13 08:00:00,16887.317
2025-08-13 09:00:00,17726.976
2025-08-13 10:00:00,19203.786
2025-08-13 11:00:00,19482.783
2025-08-13 12:00:00,19317.052
2025-08-13 13:00:00,18569.498
2025-08-13 14:00:00,17684.253
2025-08-13 15:00:00,17849.431
2025-08-13 16:00:00,16548.045
2025-08-13 17:00:00,14264.562
2025-08-13 18:00:00,12616.865
2025-08-13 19:00:00,11992.126
2025-08-13 20:00:00,11862.598
2025-08-13 21:00:00,11800.517
2025-08-13 22:00:00,11794.64
2025-08-13 23:00:00,11927.545
2025-08-14 00:00:00,12098.592
2025-08-14 01:00:00,12210.508
2025-08-14 02:00:00,12080.997
2025-08-14 03:00:00,12447.203
2025-08-14 04:00:00,12347.958
2025-08-14 05:00:00,12879.929
2025-08-14 06:00:00,14207.701
2025-08-14 07:00:00,14199.093
2025-08-14 08:00:00,14990.246
2025-08-14 09:00:00,17756.952
2025-08-14 10:00:00,19601.296
2025-08-14 11:00:00,20278.541
2025-08-14 12:00:00,20662.83
2025-08-14 13:00:00,20864.448
2025-08-14 14:00:00,21071.194
2025-08-14 15:00:00,21487.41
2025-08-14 16:00:00,20915.413
2025-08-14 17:00:00,18051.028
2025-08-14 18:00:00,15121.024
2025-08-14 19:00:00,13295.437
2025-08-14 20:00:00,12729.045
2025-08-14 21:00:00,12532.767
2025-08-14 22:00:00,12093.537
2025-08-14 23:00:00,12451.536
2025-08-15 00:00:00,12333.53
2025-08-15 01:00:00,12144.99
2025-08-15 02:00:00,12010.358
2025-08-15 03:00:00,11979.202
2025-08-15 04:00:00,12150.454
2025-08-15 05:00:00,13159.772
2025-08-15 06:00:00,15436.704
2025-08-15 07:00:00,15129.904
2025-08-15 08:00:00,15578.303
2025-08-15 09:00:00,17906.729
2025-08-15 10:00:00,19379.723
2025-08-15 11:00:00,19427.948
2025-08-15 12:00:00,19849.057
2025-08-15 13:00:00,19643.153
2025-08-15 14:00:00,19638.617
2025-08-15 15:00:00,18783.228
2025-08-15 16:00:00,20667.868
2025-08-15 17:00:00,17758.579
2025-08-15 18:00:00,14248.44
2025-08-15 19:00:00,12665.018
2025-08-15 20:00:00,12583.752
2025-08-15 21:00:00,12825.007
2025-08-15 22:00:00,12726.807
2025-08-15 23:00:00,12706.07
2025-08-16 00:00:00,11495.128
2025-08-16 01:00:00,11188.545
2025-08-16 02:00:00,11264.207
2025-08-16 03:00:00,11425.024
2025-08-16 04:00:00,11315.213
2025-08-16 05:00:00,10831.39
2025-08-16 06:00:00,10169.874
2025-08-16 07:00:00,9890.045
2025-08-16 08:00:00,10898.154
2025-08-16 09:00:00,12274.916
2025-08-16 10:00:00,13551.671
2025-08-16 11:00:00,15824.126
2025-08-16 12:00:00,16602.178
2025-08-16 13:00:00,16683.073
2025-08-16 14:00:00,16190.26
2025-08-16 15:00:00,15971.5
2025-08-16 16:00:00,15282.625
2025-08-16 17:00:00,15071.895
2025-08-16 18:00:00,12800.173
2025-08-16 19:00:00,11270.589
2025-08-16 20:00:00,10288.886
2025-08-16 21:00:00,9644.385
2025-08-16 22:00:00,9368.428
2025-08-16 23:00:00,9168.123
2025-08-17 00:00:00,9281.827
2025-08-17 01:00:00,9090.233
2025-08-17 02:00:00,9216.696
2025-08-17 03:00:00,9241.15
2025-08-17 04:00:00,8847.982
2025-08-17 05:00:00,8839.406
2025-08-17 06:00:00,8315.471
2025-08-17 07:00:00,9535.838
2025-08-17 08:00:00,11458.174
2025-08-17 09:00:00,11203.613
2025-08-17 10:00:00,12283.216
2025-08-17 11:00:00,12927.393
2025-08-17 12:00:00,11623.486
2025-08-17 13:00:00,10748.478
2025-08-17 14:00:00,10185.018
2025-08-17 15:00:00,10827.143
2025-08-17 16:00:00,13579.348
2025-08-17 17:00:00,14209.134
2025-08-17 18:00:00,12907.615
2025-08-17 19:00:00,12339.154
2025-08-17 20:00:00,12099.117
2025-08-17 21:00:00,11951.541
2025-08-17 22:00:00,11816.684
2025-08-17 23:00:00,11558.122
2025-08-18 00:00:00,11391.297
2025-08-18 01:00:00,11217.991
2025-08-18 02:00:00,10840.934
2025-08-18 03:00:00,10905.156
2025-08-18 04:00:00,11160.211
2025-08-18 05:00:00,12018.065
2025-08-18 06:00:00,14193.791
2025-08-18 07:00:00,15413.581
2025-08-18 08:00:00,15155.298
2025-08-18 09:00:00,16634.142
2025-08-18 10:00:00,17341.245
2025-08-18 11:00:00,18482.597
2025-08-18 12:00:00,17791.719
2025-08-18 13:00:00,19163.936
2025-08-18 14:00:00,19840.213
2025-08-18 15:00:00,21091.865
2025-08-18 16:00:00,21015.934
2025-08-18 17:00:00,18821.356
2025-08-18 18:00:00,16098.786
2025-08-18 19:00:00,15017.041
2025-08-18 20:00:00,14469.89
2025-08-18 21:00:00,14057.525
2025-08-18 22:00:00,13704.994
2025-08-18 23:00:00,13333.472
2025-08-19 00:00:00,12750.796
2025-08-19 01:00:00,12274.122
2025-08-19 02:00:00,11984.128
2025-08-19 03:00:00,12053.738
2025-08-19 04:00:00,12569.007
2025-08-19 05:00:00,14253.39
2025-08-19 06:00:00,17059.989
2025-08-19 07:00:00,17882.535
2025-08-19 08:00:00,18193.04
2025-08-19 09:00:00,20656.966
2025-08-19 10:00:00,22079.688
2025-08-19 11:00:00,22262.145
2025-08-19 12:00:00,23418.814
2025-08-19 13:00:00,23864.57
2025-08-19 14:00:00,23182.233
2025-08-19 15:00:00,23224.747
2025-08-19 16:00:00,23264.697
2025-08-19 17:00:00,21090.612
2025-08-19 18:00:00,18305.454
2025-08-19 19:00:00,16372.454
2025-08-19 20:00:00,16103.22
2025-08-19 21:00:00,15841.341
2025-08-19 22:00:00,15246.301
2025-08-19 23:00:00,14592.689
2025-08-20 00:00:00,13724.424
2025-08-20 01:00:00,13150.477
2025-08-20 02:00:00,13067.898
2025-08-20 03:00:00,13038.632
2025-08-20 04:00:00,13441.058
2025-08-20 05:00:00,14281.066
2025-08-20 06:00:00,16195.274
2025-08-20 07:00:00,16277.596
2025-08-20 08:00:00,16625.683
2025-08-20 09:00:00,17835.334
2025-08-20 10:00:00,20770.114
2025-08-20 11:00:00,22304.206
2025-08-20 12:00:00,22323.736
2025-08-20 13:00:00,22513.5
2025-08-20 14:00:00,21937.817
2025-08-20 15:00:00,22298.721
2025-08-20 16:00:00,22438.72
2025-08-20 17:00:00,21122.681
2025-08-20 18:00:00,18495.93
2025-08-20 19:00:00,16919.501
2025-08-20 20:00:00,16099.929
2025-08-20 21:00:00,15837.366
2025-08-20 22:00:00,15204.959
2025-08-20 23:00:00,14572.827
2025-08-21 00:00:00,14247.366
2025-08-21 01:00:00,14240.716
2025-08-21 02:00:00,14226.113
2025-08-21 03:00:00,14046.975
2025-08-21 04:00:00,14439.629
2025-08-21 05:00:00,15423.625
2025-08-21 06:00:00,18047.74
2025-08-21 07:00:00,19092.663
2025-08-21 08:00:00,22105.17
2025-08-21 09:00:00,23048.438
2025-08-21 10:00:00,25622.985
2025-08-21 11:00:00,25606.891
2025-08-21 12:00:00,25463.359
2025-08-21 13:00:00,23914.264
2025-08-21 14:00:00,22574.376
2025-08-21 15:00:00,22082.435
2025-08-21 16:00:00,22835.282
2025-08-21 17:00:00,20838.61
2025-08-21 18:00:00,17981.669
2025-08-21 19:00:00,16295.596
2025-08-21 20:00:00,15205.064
2025-08-21 21:00:00,14490.213
2025-08-21 22:00:00,13578.387
2025-08-21 23:00:00,12840.353
2025-08-22 00:00:00,12371.208
2025-08-22 01:00:00,11999.727
2025-08-22 02:00:00,11880.165
2025-08-22 03:00:00,11683.86
2025-08-22 04:00:00,11926.462
2025-08-22 05:00:00,12574.814
2025-08-22 06:00:00,13990.38
2025-08-22 07:00:00,14419.755
2025-08-22 08:00:00,14491.663
2025-08-22 09:00:00,13813.94
2025-08-22 10:00:00,13139.008
2025-08-22 11:00:00,14566.374
2025-08-22 12:00:00,14546.78
2025-08-22 13:00:00,14133.037
2025-08-22 14:00:00,13853.185
2025-08-22 15:00:00,14670.737
2025-08-22 16:00:00,15552.521
2025-08-22 17:00:00,14848.418
2025-08-22 18:00:00,13480.269
2025-08-22 19:00:00,12611.058
2025-08-22 20:00:00,12621.627
2025-08-22 21:00:00,12790.313
2025-08-22 22:00:00,11893.489
2025-08-22 23:00:00,9782.386
2025-08-23 00:00:00,8614.612
2025-08-23 01:00:00,7524.656
2025-08-23 02:00:00,7775.485
2025-08-23 03:00:00,7668.716
2025-08-23 04:00:00,7673.678
2025-08-23 05:00:00,7980.806
2025-08-23 06:00:00,9105.868
2025-08-23 07:00:00,11137.509
2025-08-23 08:00:00,13444.569
2025-08-23 09:00:00,15400.816
2025-08-23 10:00:00,17081.163
2025-08-23 11:00:00,17426.902
2025-08-23 12:00:00,17976.276
2025-08-23 13:00:00,16703.355
2025-08-23 14:00:00,16053.772
2025-08-23 15:00:00,14338.4
2025-08-23 16:00:00,14888.334
2025-08-23 17:00:00,13978.617
2025-08-23 18:00:00,11050.378
2025-08-23 19:00:00,10013.518
2025-08-23 20:00:00,9730.88
2025-08-23 21:00:00,9488.873
2025-08-23 22:00:00,9508.535
2025-08-23 23:00:00,8697.713
2025-08-24 00:00:00,7837.863
2025-08-24 01:00:00,7801.886
2025-08-24 02:00:00,7359.382
2025-08-24 03:00:00,7280.749
2025-08-24 04:00:00,7127.286
2025-08-24 05:00:00,6891.447
2025-08-24 06:00:00,7813.139
2025-08-24 07:00:00,10101.111
2025-08-24 08:00:00,12184.464
2025-08-24 09:00:00,14512.378
2025-08-24 10:00:00,15258.509
2025-08-24 11:00:00,15897.507
2025-08-24 12:00:00,14984.722
2025-08-24 13:00:00,16303.816
2025-08-24 14:00:00,14390.825
2025-08-24 15:00:00,14671.749
2025-08-24 16:00:00,15082.944
2025-08-24 17:00:00,14148.13
2025-08-24 18:00:00,12032.778
2025-08-24 19:00:00,11384.156
2025-08-24 20:00:00,11253.311
2025-08-24 21:00:00,11159.147
2025-08-24 22:00:00,11019.778
2025-08-24 23:00:00,11070.499
2025-08-25 00:00:00,11166.264
2025-08-25 01:00:00,11262.569
2025-08-25 02:00:00,11358.104
2025-08-25 03:00:00,11489.016
2025-08-25 04:00:00,11704.086
2025-08-25 05:00:00,12673.796
2025-08-25 06:00:00,15046.821
2025-08-25 07:00:00,14355.665
2025-08-25 08:00:00,15286.929
2025-08-25 09:00:00,17150.29
2025-08-25 10:00:00,18587.85
2025-08-25 11:00:00,18848.566
2025-08-25 12:00:00,18719.483
2025-08-25 13:00:00,18286.12
2025-08-25 14:00:00,16667.34
2025-08-25 15:00:00,16090.225
2025-08-25 16:00:00,17484.575
2025-08-25 17:00:00,15141.674
2025-08-25 18:00:00,13144.601
2025-08-25 19:00:00,12776.663
2025-08-25 20:00:00,12747.682
2025-08-25 21:00:00,12870.118
2025-08-25 22:00:00,12935.568
2025-08-25 23:00:00,12959.641
2025-08-26 00:00:00,13186.88
2025-08-26 01:00:00,13461.022
2025-08-26 02:00:00,13624.723
2025-08-26 03:00:00,13915.083
2025-08-26 04:00:00,13867.273
2025-08-26 05:00:00,14540.601
2025-08-26 06:00:00,17061.561
2025-08-26 07:00:00,17117.084
2025-08-26 08:00:00,17664.082
2025-08-26 09:00:00,19902.262
2025-08-26 10:00:00,21483.503
2025-08-26 11:00:00,21369.524
2025-08-26 12:00:00,18931.753
2025-08-26 13:00:00,16890.145
2025-08-26 14:00:00,17515.389
2025-08-26 15:00:00,20274.914
2025-08-26 16:00:00,21269.594
2025-08-26 17:00:00,19285.821
2025-08-26 18:00:00,17627.532
2025-08-26 19:00:00,16417.384
2025-08-26 20:00:00,15662.73
2025-08-26 21:00:00,15085.725
2025-08-26 22:00:00,13899.045
2025-08-26 23:00:00,13628.007
2025-08-27 00:00:00,13346.456
2025-08-27 01:00:00,13263.396
2025-08-27 02:00:00,13456.936
2025-08-27 03:00:00,13903.56
2025-08-27 04:00:00,14218.917
2025-08-27 05:00:00,14748.096
2025-08-27 06:00:00,16992.28
2025-08-27 07:00:00,19814.819
2025-08-27 08:00:00,20834.929
2025-08-27 09:00:00,19918.05
2025-08-27 10:00:00,20786.444
2025-08-27 11:00:00,22378.201
2025-08-27 12:00:00,20480.081
2025-08-27 13:00:00,17806.555
2025-08-27 14:00:00,18338.801
2025-08-27 15:00:00,19472.847
2025-08-27 16:00:00,18109.52
2025-08-27 17:00:00,15766.014
2025-08-27 18:00:00,13934.693
2025-08-27 19:00:00,13402.996
2025-08-27 20:00:00,13248.191
2025-08-27 21:00:00,13214.933
2025-08-27 22:00:00,12694.008
2025-08-27 23:00:00,12920.383
2025-08-28 00:00:00,12656.919
2025-08-28 01:00:00,12783.04
2025-08-28 02:00:00,12836.561
2025-08-28 03:00:00,12916.167
2025-08-28 04:00:00,12880.661
2025-08-28 05:00:00,13418.288
2025-08-28 06:00:00,14861.577
2025-08-28 07:00:00,16284.992
2025-08-28 08:00:00,17937.755
2025-08-28 09:00:00,19682.368
2025-08-28 10:00:00,22167.641
2025-08-28 11:00:00,22598.176
2025-08-28 12:00:00,21134.114
2025-08-28 13:00:00,19642.354
2025-08-28 14:00:00,21712.017
2025-08-28 15:00:00,22032.776
2025-08-28 16:00:00,21309.662
2025-08-28 17:00:00,19320.205
2025-08-28 18:00:00,17086.149
2025-08-28 19:00:00,16150.471
2025-08-28 20:00:00,16457.573
2025-08-28 21:00:00,15742.215
2025-08-28 22:00:00,13150.886
2025-08-28 23:00:00,11368.362
2025-08-29 00:00:00,11045.248
2025-08-29 01:00:00,10948.229
2025-08-29 02:00:00,10617.648
2025-08-29 03:00:00,11337.292
2025-08-29 04:00:00,11847.116
2025-08-29 05:00:00,12640.458
2025-08-29 06:00:00,15065.254
2025-08-29 07:00:00,17621.938
2025-08-29 08:00:00,20026.114
2025-08-29 09:00:00,23643.423
2025-08-29 10:00:00,24225.959
2025-08-29 11:00:00,23674.498
2025-08-29 12:00:00,20733.743
2025-08-29 13:00:00,18997.949
2025-08-29 14:00:00,18139.776
2025-08-29 15:00:00,19318.405
2025-08-29 16:00:00,18483.99
2025-08-29 17:00:00,16993.372
2025-08-29 18:00:00,15454.851
2025-08-29 19:00:00,14469.364
2025-08-29 20:00:00,14309.648
2025-08-29 21:00:00,13468.398
2025-08-29 22:00:00,12797.38
2025-08-29 23:00:00,11361.43
2025-08-30 00:00:00,11077.494
2025-08-30 01:00:00,10352.986
2025-08-30 02:00:00,10044.433
2025-08-30 03:00:00,9537.895
2025-08-30 04:00:00,9344.671
2025-08-30 05:00:00,9782.787
2025-08-30 06:00:00,12187.15
2025-08-30 07:00:00,14714.252
2025-08-30 08:00:00,16534.332
2025-08-30 09:00:00,19301.273
2025-08-30 10:00:00,19153.693
2025-08-30 11:00:00,20026.391
2025-08-30 12:00:00,19990.301
2025-08-30 13:00:00,19405.819
2025-08-30 14:00:00,19423.835
2025-08-30 15:00:00,17138.909
2025-08-30 16:00:00,16452.353
2025-08-30 17:00:00,14822.0
2025-08-30 18:00:00,13117.573
2025-08-30 19:00:00,12961.828
2025-08-30 20:00:00,13538.787
2025-08-30 21:00:00,11476.536
2025-08-30 22:00:00,10968.282
2025-08-30 23:00:00,10278.101
2025-08-31 00:00:00,10511.922
2025-08-31 01:00:00,10680.642
2025-08-31 02:00:00,10529.687
2025-08-31 03:00:00,10272.013
2025-08-31 04:00:00,9642.017
2025-08-31 05:00:00,9112.453
2025-08-31 06:00:00,8938.267
2025-08-31 07:00:00,9861.363
2025-08-31 08:00:00,11730.511
2025-08-31 09:00:00,14655.588
2025-08-31 10:00:00,15651.216
2025-08-31 11:00:00,15401.817
2025-08-31 12:00:00,15135.924
2025-08-31 13:00:00,13563.907
2025-08-31 14:00:00,11778.344
2025-08-31 15:00:00,11730.033
2025-08-31 16:00:00,12807.158
2025-08-31 17:00:00,11803.078
2025-08-31 18:00:00,10794.432
2025-08-31 19:00:00,10772.007
2025-08-31 20:00:00,10511.26
2025-08-31 21:00:00,9197.81
2025-08-31 22:00:00,6537.847
2025-08-31 23:00:00,5749.812
2025-09-01 00:00:00,5756.727
2025-09-01 01:00:00,5794.717
2025-09-01 02:00:00,6198.101
2025-09-01 03:00:00,6620.131
2025-09-01 04:00:00,8184.324
2025-09-01 05:00:00,8796.597
2025-09-01 06:00:00,10196.143
2025-09-01 07:00:00,11929.512
2025-09-01 08:00:00,12743.916
2025-09-01 09:00:00,15765.677
2025-09-01 10:00:00,18342.902
2025-09-01 11:00:00,21051.969
2025-09-01 12:00:00,23207.226
2025-09-01 13:00:00,23564.41
2025-09-01 14:00:00,21569.212
2025-09-01 15:00:00,21170.89
2025-09-01 16:00:00,19303.853
2025-09-01 17:00:00,15889.51
2025-09-01 18:00:00,13696.235
2025-09-01 19:00:00,13000.535
2025-09-01 20:00:00,13060.161
2025-09-01 21:00:00,12130.599
2025-09-01 22:00:00,12480.177
2025-09-01 23:00:00,11248.038
2025-09-02 00:00:00,11237.61
2025-09-02 01:00:00,11248.142
2025-09-02 02:00:00,11137.12
2025-09-02 03:00:00,12109.14
2025-09-02 04:00:00,13531.783
2025-09-02 05:00:00,14465.106
2025-09-02 06:00:00,16513.507
2025-09-02 07:00:00,17626.727
2025-09-02 08:00:00,19708.385
2025-09-02 09:00:00,21829.34
2025-09-02 10:00:00,22150.284
2025-09-02 11:00:00,25281.598
2025-09-02 12:00:00,23054.656
2025-09-02 13:00:00,22567.578
2025-09-02 14:00:00,20767.491
2025-09-02 15:00:00,19755.719
2025-09-02 16:00:00,19080.701
2025-09-02 17:00:00,16862.303
2025-09-02 18:00:00,15003.784
2025-09-02 19:00:00,15001.655
2025-09-02 20:00:00,14823.968
2025-09-02 21:00:00,13158.025
2025-09-02 22:00:00,11389.926
2025-09-02 23:00:00,10918.977
2025-09-03 00:00:00,10705.222
2025-09-03 01:00:00,10984.183
2025-09-03 02:00:00,11197.973
2025-09-03 03:00:00,11331.709
2025-09-03 04:00:00,12231.095
2025-09-03 05:00:00,12787.908
2025-09-03 06:00:00,14612.064
2025-09-03 07:00:00,15553.967
2025-09-03 08:00:00,16090.744
2025-09-03 09:00:00,16764.152
2025-09-03 10:00:00,16605.633
2025-09-03 11:00:00,18245.818
2025-09-03 12:00:00,17949.873
2025-09-03 13:00:00,17351.495
2025-09-03 14:00:00,18004.291
2025-09-03 15:00:00,17467.791
2025-09-03 16:00:00,17258.947
2025-09-03 17:00:00,15433.53
2025-09-03 18:00:00,13766.873
2025-09-03 19:00:00,12911.412
2025-09-03 20:00:00,12418.496
2025-09-03 21:00:00,11747.882
2025-09-03 22:00:00,11092.88
2025-09-03 23:00:00,11355.467
2025-09-04 00:00:00,11180.321
2025-09-04 01:00:00,10980.55
2025-09-04 02:00:00,10730.12
2025-09-04 03:00:00,10958.109
2025-09-04 04:00:00,11964.816
2025-09-04 05:00:00,12737.271
2025-09-04 06:00:00,14997.713
2025-09-04 07:00:00,17435.267
2025-09-04 08:00:00,21049.821
2025-09-04 09:00:00,24089.79
2025-09-04 10:00:00,24363.041
2025-09-04 11:00:00,24920.261
2025-09-04 12:00:00,23998.53
2025-09-04 13:00:00,21283.147
2025-09-04 14:00:00,20941.255
2025-09-04 15:00:00,21703.805
2025-09-04 16:00:00,19861.56
2025-09-04 17:00:00,17584.614
2025-09-04 18:00:00,16632.002
2025-09-04 19:00:00,16476.991
2025-09-04 20:00:00,15523.155
2025-09-04 21:00:00,15031.901
2025-09-04 22:00:00,14386.863
2025-09-04 23:00:00,13909.341
2025-09-05 00:00:00,12914.729
2025-09-05 01:00:00,12003.652
2025-09-05 02:00:00,11652.499
2025-09-05 03:00:00,11662.961
2025-09-05 04:00:00,11915.81
2025-09-05 05:00:00,12467.701
2025-09-05 06:00:00,15064.041
2025-09-05 07:00:00,18437.101
2025-09-05 08:00:00,18804.608
2025-09-05 09:00:00,19580.079
2025-09-05 10:00:00,19389.117
2025-09-05 11:00:00,19636.902
2025-09-05 12:00:00,20881.203
2025-09-05 13:00:00,19152.906
2025-09-05 14:00:00,18300.676
2025-09-05 15:00:00,17006.206
2025-09-05 16:00:00,17240.457
2025-09-05 17:00:00,14075.76
2025-09-05 18:00:00,11368.034
2025-09-05 19:00:00,10865.934
2025-09-05 20:00:00,10615.26
2025-09-05 21:00:00,10577.507
2025-09-05 22:00:00,9782.8
2025-09-05 23:00:00,9069.983
2025-09-06 00:00:00,8599.337
2025-09-06 01:00:00,8583.207
2025-09-06 02:00:00,8617.311
2025-09-06 03:00:00,8231.691
2025-09-06 04:00:00,8142.028
2025-09-06 05:00:00,8307.04
2025-09-06 06:00:00,9578.361
2025-09-06 07:00:00,11199.468
2025-09-06 08:00:00,14525.387
2025-09-06 09:00:00,16028.072
2025-09-06 10:00:00,17879.126
2025-09-06 11:00:00,17655.153
2025-09-06 12:00:00,16510.271
2025-09-06 13:00:00,14852.75
2025-09-06 14:00:00,13003.821
2025-09-06 15:00:00,11787.498
2025-09-06 16:00:00,13559.849
2025-09-06 17:00:00,12368.555
2025-09-06 18:00:00,11489.528
2025-09-06 19:00:00,10942.675
2025-09-06 20:00:00,9383.023
2025-09-06 21:00:00,8225.813
2025-09-06 22:00:00,6968.301
2025-09-06 23:00:00,7019.077
2025-09-07 00:00:00,6824.312
2025-09-07 01:00:00,6696.131
2025-09-07 02:00:00,6812.584
2025-09-07 03:00:00,7005.293
2025-09-07 04:00:00,7132.541
2025-09-07 05:00:00,7513.888
2025-09-07 06:00:00,10260.975
2025-09-07 07:00:00,14318.908
2025-09-07 08:00:00,17507.898
2025-09-07 09:00:00,21166.376
2025-09-07 10:00:00,23484.852
2025-09-07 11:00:00,24384.665
2025-09-07 12:00:00,24051.275
2025-09-07 13:00:00,23227.085
2025-09-07 14:00:00,21407.277
2025-09-07 15:00:00,19697.683
2025-09-07 16:00:00,15987.125
2025-09-07 17:00:00,11363.626
2025-09-07 18:00:00,8503.733
2025-09-07 19:00:00,8044.748
2025-09-07 20:00:00,7892.818
2025-09-07 21:00:00,6945.546
2025-09-07 22:00:00,6127.811
2025-09-07 23:00:00,5727.233
2025-09-08 00:00:00,5906.224
2025-09-08 01:00:00,5874.167
2025-09-08 02:00:00,6262.425
2025-09-08 03:00:00,7146.371
2025-09-08 04:00:00,9728.733
2025-09-08 05:00:00,10688.615
2025-09-08 06:00:00,11472.496
2025-09-08 07:00:00,12842.259
2025-09-08 08:00:00,12414.683
2025-09-08 09:00:00,13812.9
2025-09-08 10:00:00,16570.953
2025-09-08 11:00:00,19053.199
2025-09-08 12:00:00,18502.051
2025-09-08 13:00:00,18941.659
2025-09-08 14:00:00,18552.213
2025-09-08 15:00:00,16797.745
2025-09-08 16:00:00,14184.362
2025-09-08 17:00:00,11141.107
2025-09-08 18:00:00,10078.97
2025-09-08 19:00:00,10028.226
2025-09-08 20:00:00,9805.008
2025-09-08 21:00:00,9714.999
2025-09-08 22:00:00,9299.522
2025-09-08 23:00:00,9261.431
2025-09-09 00:00:00,9327.701
2025-09-09 01:00:00,9284.706
2025-09-09 02:00:00,9328.586
2025-09-09 03:00:00,9424.869
2025-09-09 04:00:00,9718.211
2025-09-09 05:00:00,9619.59
2025-09-09 06:00:00,9970.874
2025-09-09 07:00:00,10421.625
2025-09-09 08:00:00,10608.339
2025-09-09 09:00:00,10972.717
2025-09-09 10:00:00,11325.122
2025-09-09 11:00:00,11848.703
2025-09-09 12:00:00,12921.868
2025-09-09 13:00:00,15068.017
2025-09-09 14:00:00,15834.039
2025-09-09 15:00:00,15539.627
2025-09-09 16:00:00,14071.008
2025-09-09 17:00:00,11843.08
2025-09-09 18:00:00,10600.571
2025-09-09 19:00:00,10799.496
2025-09-09 20:00:00,11039.162
2025-09-09 21:00:00,10767.374
2025-09-09 22:00:00,10356.805
2025-09-09 23:00:00,9956.436
2025-09-10 00:00:00,9876.74
2025-09-10 01:00:00,9959.506
2025-09-10 02:00:00,9969.278
2025-09-10 03:00:00,10526.591
2025-09-10 04:00:00,10947.966
2025-09-10 05:00:00,11227.662
2025-09-10 06:00:00,13140.555
2025-09-10 07:00:00,15493.851
2025-09-10 08:00:00,16937.761
2025-09-10 09:00:00,17814.613
2025-09-10 10:00:00,20626.561
2025-09-10 11:00:00,22688.363
2025-09-10 12:00:00,23022.971
2025-09-10 13:00:00,21958.762
2025-09-10 14:00:00,19636.346
2025-09-10 15:00:00,17124.944
2025-09-10 16:00:00,15217.492
2025-09-10 17:00:00,13338.688
2025-09-10 18:00:00,12680.101
2025-09-10 19:00:00,12822.871
2025-09-10 20:00:00,12077.497
2025-09-10 21:00:00,10674.445
2025-09-10 22:00:00,9781.068
2025-09-10 23:00:00,9341.818
2025-09-11 00:00:00,9251.916
2025-09-11 01:00:00,9815.217
2025-09-11 02:00:00,10199.281
2025-09-11 03:00:00,10576.365
2025-09-11 04:00:00,11641.799
2025-09-11 05:00:00,11197.143
2025-09-11 06:00:00,12059.276
2025-09-11 07:00:00,14575.189
2025-09-11 08:00:00,17146.374
2025-09-11 09:00:00,21081.807
2025-09-11 10:00:00,19336.843
2025-09-11 11:00:00,18215.925
2025-09-11 12:00:00,19209.011
2025-09-11 13:00:00,17458.951
2025-09-11 14:00:00,17159.131
2025-09-11 15:00:00,16600.125
2025-09-11 16:00:00,16679.946
2025-09-11 17:00:00,14473.846
2025-09-11 18:00:00,12439.974
2025-09-11 19:00:00,11792.778
2025-09-11 20:00:00,10515.044
2025-09-11 21:00:00,10282.71
2025-09-11 22:00:00,10626.847
2025-09-11 23:00:00,9979.704
2025-09-12 00:00:00,10130.915
2025-09-12 01:00:00,10408.092
2025-09-12 02:00:00,10256.176
2025-09-12 03:00:00,10806.141
2025-09-12 04:00:00,10819.042
2025-09-12 05:00:00,11134.637
2025-09-12 06:00:00,13834.062
2025-09-12 07:00:00,18066.895
2025-09-12 08:00:00,20890.596
2025-09-12 09:00:00,22509.757
2025-09-12 10:00:00,21286.997
2025-09-12 11:00:00,19664.644
2025-09-12 12:00:00,21216.198
2025-09-12 13:00:00,21865.053
2025-09-12 14:00:00,21480.96
2025-09-12 15:00:00,18922.664
2025-09-12 16:00:00,16416.845
2025-09-12 17:00:00,15408.672
2025-09-12 18:00:00,13785.459
2025-09-12 19:00:00,13037.38
2025-09-12 20:00:00,13027.062
2025-09-12 21:00:00,10690.648
2025-09-12 22:00:00,9657.475
2025-09-12 23:00:00,9955.554
2025-09-13 00:00:00,9944.261
2025-09-13 01:00:00,9315.268
2025-09-13 02:00:00,9144.777
2025-09-13 03:00:00,9266.255
2025-09-13 04:00:00,9415.968
2025-09-13 05:00:00,9866.57
2025-09-13 06:00:00,11160.184
2025-09-13 07:00:00,14524.635
2025-09-13 08:00:00,18568.28
2025-09-13 09:00:00,19990.353
2025-09-13 10:00:00,20971.028
2025-09-13 11:00:00,21326.904
2025-09-13 12:00:00,19644.527
2025-09-13 13:00:00,18037.388
2025-09-13 14:00:00,16702.611
2025-09-13 15:00:00,13936.388
2025-09-13 16:00:00,13255.282
2025-09-13 17:00:00,12435.792
2025-09-13 18:00:00,10939.052
2025-09-13 19:00:00,10258.997
2025-09-13 20:00:00,9109.713
2025-09-13 21:00:00,8744.937
2025-09-13 22:00:00,8027.308
2025-09-13 23:00:00,7950.78
2025-09-14 00:00:00,8306.8
2025-09-14 01:00:00,7985.573
2025-09-14 02:00:00,7904.271
2025-09-14 03:00:00,7323.029
2025-09-14 04:00:00,6801.61
2025-09-14 05:00:00,6699.038
2025-09-14 06:00:00,9109.637
2025-09-14 07:00:00,13155.055
2025-09-14 08:00:00,16804.958
2025-09-14 09:00:00,20378.944
2025-09-14 10:00:00,22522.792
2025-09-14 11:00:00,21135.598
2025-09-14 12:00:00,20175.224
2025-09-14 13:00:00,17794.035
2025-09-14 14:00:00,15896.735
2025-09-14 15:00:00,13817.829
2025-09-14 16:00:00,11996.744
2025-09-14 17:00:00,11346.204
2025-09-14 18:00:00,11853.081
2025-09-14 19:00:00,12223.772
2025-09-14 20:00:00,10773.642
2025-09-14 21:00:00,10698.297
2025-09-14 22:00:00,10281.811
2025-09-14 23:00:00,10442.107
2025-09-15 00:00:00,10499.654
2025-09-15 01:00:00,10835.57
2025-09-15 02:00:00,11110.53
2025-09-15 03:00:00,11004.167
2025-09-15 04:00:00,11823.127
2025-09-15 05:00:00,12096.847
2025-09-15 06:00:00,14189.033
2025-09-15 07:00:00,17618.249
2025-09-15 08:00:00,19402.694
2025-09-15 09:00:00,19482.059
2025-09-15 10:00:00,20354.404
2025-09-15 11:00:00,21029.964
2025-09-15 12:00:00,20756.322
2025-09-15 13:00:00,20955.744
2025-09-15 14:00:00,18796.54
2025-09-15 15:00:00,18092.994
2025-09-15 16:00:00,16119.679
2025-09-15 17:00:00,13559.835
2025-09-15 18:00:00,12903.889
2025-09-15 19:00:00,12685.04
2025-09-15 20:00:00,12572.25
2025-09-15 21:00:00,12492.419
2025-09-15 22:00:00,12161.213
2025-09-15 23:00:00,11623.533
2025-09-16 00:00:00,11450.739
2025-09-16 01:00:00,11763.931
2025-09-16 02:00:00,11741.365
2025-09-16 03:00:00,12305.089
2025-09-16 04:00:00,12292.991
2025-09-16 05:00:00,12143.507
2025-09-16 06:00:00,13159.015
2025-09-16 07:00:00,15667.336
2025-09-16 08:00:00,18024.617
2025-09-16 09:00:00,20546.503
2025-09-16 10:00:00,19228.901
2025-09-16 11:00:00,19829.725
2025-09-16 12:00:00,17846.282
2025-09-16 13:00:00,16938.945
2025-09-16 14:00:00,16719.002
2025-09-16 15:00:00,16218.805
2025-09-16 16:00:00,14601.799
2025-09-16 17:00:00,12582.979
2025-09-16 18:00:00,11457.241
2025-09-16 19:00:00,11117.039
2025-09-16 20:00:00,10200.014
2025-09-16 21:00:00,8893.556
2025-09-16 22:00:00,8299.678
2025-09-16 23:00:00,7781.023
2025-09-17 00:00:00,7283.414
2025-09-17 01:00:00,6855.444
2025-09-17 02:00:00,6785.766
2025-09-17 03:00:00,7902.182
2025-09-17 04:00:00,9596.59
2025-09-17 05:00:00,10568.605
2025-09-17 06:00:00,11482.951
2025-09-17 07:00:00,12193.067
2025-09-17 08:00:00,11784.769
2025-09-17 09:00:00,13159.785
2025-09-17 10:00:00,14991.519
2025-09-17 11:00:00,15653.942
2025-09-17 12:00:00,15869.056
2025-09-17 13:00:00,15214.888
2025-09-17 14:00:00,14986.494
2025-09-17 15:00:00,16452.027
2025-09-17 16:00:00,16571.073
2025-09-17 17:00:00,16348.768
2025-09-17 18:00:00,15958.079
2025-09-17 19:00:00,14781.81
2025-09-17 20:00:00,13301.112
2025-09-17 21:00:00,12406.073
2025-09-17 22:00:00,11946.712
2025-09-17 23:00:00,11638.511
2025-09-18 00:00:00,11411.108
2025-09-18 01:00:00,11319.825
2025-09-18 02:00:00,11001.636
2025-09-18 03:00:00,10913.021
2025-09-18 04:00:00,11577.855
2025-09-18 05:00:00,12292.891
2025-09-18 06:00:00,12507.84
2025-09-18 07:00:00,13106.691
2025-09-18 08:00:00,13853.361
2025-09-18 09:00:00,14973.268
2025-09-18 10:00:00,16079.331
2025-09-18 11:00:00,15817.184
2025-09-18 12:00:00,15741.242
2025-09-18 13:00:00,16003.439
2025-09-18 14:00:00,16196.944
2025-09-18 15:00:00,16224.721
2025-09-18 16:00:00,17958.284
2025-09-18 17:00:00,17842.165
2025-09-18 18:00:00,16927.995
2025-09-18 19:00:00,15744.11
2025-09-18 20:00:00,14130.222
2025-09-18 21:00:00,12211.058
2025-09-18 22:00:00,11035.289
2025-09-18 23:00:00,10077.735
2025-09-19 00:00:00,9651.181
2025-09-19 01:00:00,9200.29
2025-09-19 02:00:00,8971.717
2025-09-19 03:00:00,9431.711
2025-09-19 04:00:00,10947.213
2025-09-19 05:00:00,11258.636
2025-09-19 06:00:00,12320.882
2025-09-19 07:00:00,13610.77
2025-09-19 08:00:00,14971.778
2025-09-19 09:00:00,18346.628
2025-09-19 10:00:00,20776.561
2025-09-19 11:00:00,20235.291
2025-09-19 12:00:00,19768.403
2025-09-19 13:00:00,19775.974
2025-09-19 14:00:00,18203.988
2025-09-19 15:00:00,17714.531
2025-09-19 16:00:00,14559.976
2025-09-19 17:00:00,10976.458
2025-09-19 18:00:00,10507.593
2025-09-19 19:00:00,10550.573
2025-09-19 20:00:00,9552.351
2025-09-19 21:00:00,8155.997
2025-09-19 22:00:00,7511.092
2025-09-19 23:00:00,6596.118
2025-09-20 00:00:00,6238.677
2025-09-20 01:00:00,5619.447
2025-09-20 02:00:00,5601.902
2025-09-20 03:00:00,5633.81
2025-09-20 04:00:00,5732.761
2025-09-20 05:00:00,5703.145
2025-09-20 06:00:00,6109.023
2025-09-20 07:00:00,8001.865
2025-09-20 08:00:00,12040.417
2025-09-20 09:00:00,15238.108
2025-09-20 10:00:00,13841.323
2025-09-20 11:00:00,11177.018
2025-09-20 12:00:00,9141.818
2025-09-20 13:00:00,9257.275
2025-09-20 14:00:00,9682.68
2025-09-20 15:00:00,11833.995
2025-09-20 16:00:00,12906.79
2025-09-20 17:00:00,11880.494
2025-09-20 18:00:00,11416.08
2025-09-20 19:00:00,11283.51
2025-09-20 20:00:00,10046.568
2025-09-20 21:00:00,10030.484
2025-09-20 22:00:00,10730.047
2025-09-20 23:00:00,10829.621
2025-09-21 00:00:00,11573.521
2025-09-21 01:00:00,11957.091
2025-09-21 02:00:00,12374.481
2025-09-21 03:00:00,12319.91
2025-09-21 04:00:00,12097.023
2025-09-21 05:00:00,11920.452
2025-09-21 06:00:00,12969.342
2025-09-21 07:00:00,13598.218
2025-09-21 08:00:00,14485.028
2025-09-21 09:00:00,14910.648
2025-09-21 10:00:00,14356.843
2025-09-21 11:00:00,14140.802
2025-09-21 12:00:00,14382.103
2025-09-21 13:00:00,13373.147
2025-09-21 14:00:00,14238.891
2025-09-21 15:00:00,15619.448
2025-09-21 16:00:00,14462.918
2025-09-21 17:00:00,11114.371
2025-09-21 18:00:00,10088.847
2025-09-21 19:00:00,9520.773
2025-09-21 20:00:00,9412.883
2025-09-21 21:00:00,8641.262
2025-09-21 22:00:00,7759.72
2025-09-21 23:00:00,7461.339
2025-09-22 00:00:00,7241.659
2025-09-22 01:00:00,7232.962
2025-09-22 02:00:00,7191.905
2025-09-22 03:00:00,8445.479
2025-09-22 04:00:00,10330.574
2025-09-22 05:00:00,11053.032
2025-09-22 06:00:00,12009.942
2025-09-22 07:00:00,14774.931
2025-09-22 08:00:00,18257.669
2025-09-22 09:00:00,22510.129
2025-09-22 10:00:00,22207.548
2025-09-22 11:00:00,24109.006
2025-09-22 12:00:00,24109.772
2025-09-22 13:00:00,23113.231
2025-09-22 14:00:00,21139.696
2025-09-22 15:00:00,19378.275
2025-09-22 16:00:00,18094.121
2025-09-22 17:00:00,14425.132
2025-09-22 18:00:00,13356.798
2025-09-22 19:00:00,12575.595
2025-09-22 20:00:00,11426.436
2025-09-22 21:00:00,10992.606
2025-09-22 22:00:00,10488.429
2025-09-22 23:00:00,10042.378
2025-09-23 00:00:00,9785.843
2025-09-23 01:00:00,9931.47
2025-09-23 02:00:00,9818.382
2025-09-23 03:00:00,10074.206
2025-09-23 04:00:00,10881.109
2025-09-23 05:00:00,11087.216
2025-09-23 06:00:00,12433.18
2025-09-23 07:00:00,15267.345
2025-09-23 08:00:00,17921.496
2025-09-23 09:00:00,19656.639
2025-09-23 10:00:00,20135.028
2025-09-23 11:00:00,19736.375
2025-09-23 12:00:00,18031.74
2025-09-23 13:00:00,19338.985
2025-09-23 14:00:00,20807.65
2025-09-23 15:00:00,19727.874
2025-09-23 16:00:00,18361.641
2025-09-23 17:00:00,15746.643
2025-09-23 18:00:00,14399.598
2025-09-23 19:00:00,13877.732
2025-09-23 20:00:00,13603.312
2025-09-23 21:00:00,11647.093
2025-09-23 22:00:00,10290.693
2025-09-23 23:00:00,9310.483
2025-09-24 00:00:00,9123.869
2025-09-24 01:00:00,9143.309
2025-09-24 02:00:00,9419.847
2025-09-24 03:00:00,9600.896
2025-09-24 04:00:00,11193.761
2025-09-24 05:00:00,12143.178
2025-09-24 06:00:00,14515.463
2025-09-24 07:00:00,17696.056
2025-09-24 08:00:00,19433.658
2025-09-24 09:00:00,22542.397
2025-09-24 10:00:00,24011.621
2025-09-24 11:00:00,23219.837
2025-09-24 12:00:00,24139.254
2025-09-24 13:00:00,24402.205
2025-09-24 14:00:00,22096.807
2025-09-24 15:00:00,20312.76
2025-09-24 16:00:00,18426.802
2025-09-24 17:00:00,14637.926
2025-09-24 18:00:00,10941.498
2025-09-24 19:00:00,10317.207
2025-09-24 20:00:00,9385.229
2025-09-24 21:00:00,9667.416
2025-09-24 22:00:00,10004.568
2025-09-24 23:00:00,9845.847
2025-09-25 00:00:00,10165.704
2025-09-25 01:00:00,10023.177
2025-09-25 02:00:00,10350.097
2025-09-25 03:00:00,11414.105
2025-09-25 04:00:00,13235.577
2025-09-25 05:00:00,14394.17
2025-09-25 06:00:00,15629.326
2025-09-25 07:00:00,18898.738
2025-09-25 08:00:00,20218.734
2025-09-25 09:00:00,21434.562
2025-09-25 10:00:00,22373.318
2025-09-25 11:00:00,24360.02
2025-09-25 12:00:00,24313.877
2025-09-25 13:00:00,22268.035
2025-09-25 14:00:00,19941.21
2025-09-25 15:00:00,17913.868
2025-09-25 16:00:00,15423.696
2025-09-25 17:00:00,13935.531
2025-09-25 18:00:00,10590.232
2025-09-25 19:00:00,10185.279
2025-09-25 20:00:00,9924.89
2025-09-25 21:00:00,11266.185
2025-09-25 22:00:00,10370.834
2025-09-25 23:00:00,9754.233
2025-09-26 00:00:00,10084.184
2025-09-26 01:00:00,10364.686
2025-09-26 02:00:00,10279.583
2025-09-26 03:00:00,11199.374
2025-09-26 04:00:00,12260.755
2025-09-26 05:00:00,13082.489
2025-09-26 06:00:00,13620.378
2025-09-26 07:00:00,14999.776
2025-09-26 08:00:00,16255.72
2025-09-26 09:00:00,16814.744
2025-09-26 10:00:00,18147.255
2025-09-26 11:00:00,17873.082
2025-09-26 12:00:00,16466.39
2025-09-26 13:00:00,16074.457
2025-09-26 14:00:00,16685.025
2025-09-26 15:00:00,15011.764
2025-09-26 16:00:00,12994.145
2025-09-26 17:00:00,11679.328
2025-09-26 18:00:00,11299.321
2025-09-26 19:00:00,10758.456
2025-09-26 20:00:00,9932.423
2025-09-26 21:00:00,9178.475
2025-09-26 22:00:00,8014.129
2025-09-26 23:00:00,7699.003
2025-09-27 00:00:00,7686.376
2025-09-27 01:00:00,7681.015
2025-09-27 02:00:00,7965.396
2025-09-27 03:00:00,8105.652
2025-09-27 04:00:00,8418.416
2025-09-27 05:00:00,8644.928
2025-09-27 06:00:00,9197.93
2025-09-27 07:00:00,10740.672
2025-09-27 08:00:00,11805.352
2025-09-27 09:00:00,12831.663
2025-09-27 10:00:00,13884.216
2025-09-27 11:00:00,14238.775
2025-09-27 12:00:00,13017.633
2025-09-27 13:00:00,12401.105
2025-09-27 14:00:00,12443.908
2025-09-27 15:00:00,13298.065
2025-09-27 16:00:00,11548.886
2025-09-27 17:00:00,10510.398
2025-09-27 18:00:00,10333.321
2025-09-27 19:00:00,10244.179
2025-09-27 20:00:00,10283.674
2025-09-27 21:00:00,10257.778
2025-09-27 22:00:00,9978.812
2025-09-27 23:00:00,9542.7
2025-09-28 00:00:00,8863.163
2025-09-28 01:00:00,8705.296
2025-09-28 02:00:00,8798.884
2025-09-28 03:00:00,8917.975
2025-09-28 04:00:00,9041.845
2025-09-28 05:00:00,9099.201
2025-09-28 06:00:00,10035.031
2025-09-28 07:00:00,12240.867
2025-09-28 08:00:00,13842.927
2025-09-28 09:00:00,15863.233
2025-09-28 10:00:00,17889.385
2025-09-28 11:00:00,18378.01
2025-09-28 12:00:00,16632.349
2025-09-28 13:00:00,15162.068
2025-09-28 14:00:00,13253.56
2025-09-28 15:00:00,14273.523
2025-09-28 16:00:00,12056.225
2025-09-28 17:00:00,10393.793
2025-09-28 18:00:00,10180.884
2025-09-28 19:00:00,10149.11
2025-09-28 20:00:00,10194.447
2025-09-28 21:00:00,9953.828
2025-09-28 22:00:00,9366.399
2025-09-28 23:00:00,9302.371
2025-09-29 00:00:00,9315.789
2025-09-29 01:00:00,9339.302
2025-09-29 02:00:00,9525.936
2025-09-29 03:00:00,9877.399
2025-09-29 04:00:00,10361.173
2025-09-29 05:00:00,10889.047
2025-09-29 06:00:00,11424.508
2025-09-29 07:00:00,13413.333
2025-09-29 08:00:00,15380.917
2025-09-29 09:00:00,16300.306
2025-09-29 10:00:00,17933.692
2025-09-29 11:00:00,17679.194
2025-09-29 12:00:00,17926.54
2025-09-29 13:00:00,16805.422
2025-09-29 14:00:00,17240.05
2025-09-29 15:00:00,15645.079
2025-09-29 16:00:00,13129.014
2025-09-29 17:00:00,11666.472
2025-09-29 18:00:00,11621.189
2025-09-29 19:00:00,11532.289
2025-09-29 20:00:00,11327.324
2025-09-29 21:00:00,10965.586
2025-09-29 22:00:00,10290.368
2025-09-29 23:00:00,10429.613
2025-09-30 00:00:00,10366.309
2025-09-30 01:00:00,10241.246
2025-09-30 02:00:00,10377.516
2025-09-30 03:00:00,10208.844
2025-09-30 04:00:00,10887.186
2025-09-30 05:00:00,11168.79
2025-09-30 06:00:00,11664.811
2025-09-30 07:00:00,13367.949
2025-09-30 08:00:00,15587.696
2025-09-30 09:00:00,16112.527
2025-09-30 10:00:00,17767.671
2025-09-30 11:00:00,18943.714
2025-09-30 12:00:00,18583.801
2025-09-30 13:00:00,18086.441
2025-09-30 14:00:00,18145.083
2025-09-30 15:00:00,16302.964
2025-09-30 16:00:00,12560.708
2025-09-30 17:00:00,10887.385
2025-09-30 18:00:00,10591.435
2025-09-30 19:00:00,10414.082
2025-09-30 20:00:00,10200.102
2025-09-30 21:00:00,9991.795
2025-09-30 22:00:00,10226.89
2025-09-30 23:00:00,10237.648
2025-10-01 00:00:00,10006.84
2025-10-01 01:00:00,9929.204
2025-10-01 02:00:00,10284.676
2025-10-01 03:00:00,10430.795
2025-10-01 04:00:00,10893.039
2025-10-01 05:00:00,11392.025
2025-10-01 06:00:00,11976.217
2025-10-01 07:00:00,14747.088
2025-10-01 08:00:00,17910.67
2025-10-01 09:00:00,18529.58
2025-10-01 10:00:00,20519.747
2025-10-01 11:00:00,21528.151
2025-10-01 12:00:00,20700.223
2025-10-01 13:00:00,19286.143
2025-10-01 14:00:00,18413.637
2025-10-01 15:00:00,16086.644
2025-10-01 16:00:00,12688.279
2025-10-01 17:00:00,11458.177
2025-10-01 18:00:00,11393.182
2025-10-01 19:00:00,11628.214
2025-10-01 20:00:00,11572.124
2025-10-01 21:00:00,10514.44
2025-10-01 22:00:00,10419.61
2025-10-01 23:00:00,10331.587
2025-10-02 00:00:00,9802.623
2025-10-02 01:00:00,9302.446
2025-10-02 02:00:00,9232.327
2025-10-02 03:00:00,10361.681
2025-10-02 04:00:00,11538.555
2025-10-02 05:00:00,11935.943
2025-10-02 06:00:00,13013.719
2025-10-02 07:00:00,15247.908
2025-10-02 08:00:00,14346.672
2025-10-02 09:00:00,13715.681
2025-10-02 10:00:00,15800.051
2025-10-02 11:00:00,17636.252
2025-10-02 12:00:00,18648.732
2025-10-02 13:00:00,17987.611
2025-10-02 14:00:00,16916.33
2025-10-02 15:00:00,17823.354
2025-10-02 16:00:00,14831.471
2025-10-02 17:00:00,13635.798
2025-10-02 18:00:00,13245.507
2025-10-02 19:00:00,12052.519
2025-10-02 20:00:00,9166.001
2025-10-02 21:00:00,8589.663
2025-10-02 22:00:00,8509.359
2025-10-02 23:00:00,8491.669
2025-10-03 00:00:00,8319.308
2025-10-03 01:00:00,8214.802
2025-10-03 02:00:00,8125.069
2025-10-03 03:00:00,8650.759
2025-10-03 04:00:00,9636.904
2025-10-03 05:00:00,10616.187
2025-10-03 06:00:00,11070.493
2025-10-03 07:00:00,11911.174
2025-10-03 08:00:00,13439.961
2025-10-03 09:00:00,14400.494
2025-10-03 10:00:00,14956.9
2025-10-03 11:00:00,15541.736
2025-10-03 12:00:00,15074.872
2025-10-03 13:00:00,14361.74
2025-10-03 14:00:00,14305.527
2025-10-03 15:00:00,14276.975
2025-10-03 16:00:00,13530.229
2025-10-03 17:00:00,13103.111
2025-10-03 18:00:00,12878.599
2025-10-03 19:00:00,13071.455
2025-10-03 20:00:00,12691.077
2025-10-03 21:00:00,12773.872
2025-10-03 22:00:00,12370.42
2025-10-03 23:00:00,12618.225
2025-10-04 00:00:00,12439.306
2025-10-04 01:00:00,11707.744
2025-10-04 02:00:00,11606.543
2025-10-04 03:00:00,11756.149
2025-10-04 04:00:00,11973.377
2025-10-04 05:00:00,12316.141
2025-10-04 06:00:00,11279.443
2025-10-04 07:00:00,11591.487
2025-10-04 08:00:00,13513.581
2025-10-04 09:00:00,16180.799
2025-10-04 10:00:00,21627.107
2025-10-04 11:00:00,23431.289
2025-10-04 12:00:00,21112.242
2025-10-04 13:00:00,19275.555
2025-10-04 14:00:00,16997.0
2025-10-04 15:00:00,14477.643
2025-10-04 16:00:00,13199.137
2025-10-04 17:00:00,13228.342
2025-10-04 18:00:00,12732.48
2025-10-04 19:00:00,12702.555
2025-10-04 20:00:00,12546.454
2025-10-04 21:00:00,12507.492
2025-10-04 22:00:00,12040.991
2025-10-04 23:00:00,11516.211
2025-10-05 00:00:00,11250.289
2025-10-05 01:00:00,10983.27
2025-10-05 02:00:00,10855.852
2025-10-05 03:00:00,10813.123
2025-10-05 04:00:00,10562.422
2025-10-05 05:00:00,10999.548
2025-10-05 06:00:00,11775.511
2025-10-05 07:00:00,13417.725
2025-10-05 08:00:00,15507.246
2025-10-05 09:00:00,16901.846
2025-10-05 10:00:00,16226.537
2025-10-05 11:00:00,16431.664
2025-10-05 12:00:00,16633.224
2025-10-05 13:00:00,16506.667
2025-10-05 14:00:00,15471.874
2025-10-05 15:00:00,15013.943
2025-10-05 16:00:00,13555.06
2025-10-05 17:00:00,11782.789
2025-10-05 18:00:00,10780.04
2025-10-05 19:00:00,9760.407
2025-10-05 20:00:00,9452.36
2025-10-05 21:00:00,8754.221
2025-10-05 22:00:00,8364.058
2025-10-05 23:00:00,8134.491
2025-10-06 00:00:00,7982.275
2025-10-06 01:00:00,8058.319
2025-10-06 02:00:00,8211.901
2025-10-06 03:00:00,8587.888
2025-10-06 04:00:00,9964.701
2025-10-06 05:00:00,11788.742
2025-10-06 06:00:00,12268.356
2025-10-06 07:00:00,12976.684
2025-10-06 08:00:00,13888.083
2025-10-06 09:00:00,15101.119
2025-10-06 10:00:00,15173.797
2025-10-06 11:00:00,15298.079
2025-10-06 12:00:00,15845.399
2025-10-06 13:00:00,15606.728
2025-10-06 14:00:00,15274.718
2025-10-06 15:00:00,15126.451
2025-10-06 16:00:00,14036.669
2025-10-06 17:00:00,12869.623
2025-10-06 18:00:00,12356.066
2025-10-06 19:00:00,11798.232
2025-10-06 20:00:00,11430.071
2025-10-06 21:00:00,10913.757
2025-10-06 22:00:00,10875.125
2025-10-06 23:00:00,10845.587
2025-10-07 00:00:00,10735.105
2025-10-07 01:00:00,10713.304
2025-10-07 02:00:00,11009.531
2025-10-07 03:00:00,11288.734
2025-10-07 04:00:00,11729.505
2025-10-07 05:00:00,12264.994
2025-10-07 06:00:00,12423.27
2025-10-07 07:00:00,13801.948
2025-10-07 08:00:00,15912.47
2025-10-07 09:00:00,17866.217
2025-10-07 10:00:00,19593.9
2025-10-07 11:00:00,20652.518
2025-10-07 12:00:00,18263.113
2025-10-07 13:00:00,16802.116
2025-10-07 14:00:00,16167.003
2025-10-07 15:00:00,15457.809
2025-10-07 16:00:00,14271.967
2025-10-07 17:00:00,13818.754
2025-10-07 18:00:00,13042.522
2025-10-07 19:00:00,12504.18
2025-10-07 20:00:00,11705.755
2025-10-07 21:00:00,10806.181
2025-10-07 22:00:00,10132.887
2025-10-07 23:00:00,9690.936
2025-10-08 00:00:00,9740.355
2025-10-08 01:00:00,9645.303
2025-10-08 02:00:00,9909.03
2025-10-08 03:00:00,10688.165
2025-10-08 04:00:00,11311.114
2025-10-08 05:00:00,11667.499
2025-10-08 06:00:00,11950.199
2025-10-08 07:00:00,12593.848
2025-10-08 08:00:00,13635.644
2025-10-08 09:00:00,14595.417
2025-10-08 10:00:00,15123.137
2025-10-08 11:00:00,15716.502
2025-10-08 12:00:00,15534.127
2025-10-08 13:00:00,14455.629
2025-10-08 14:00:00,13703.822
2025-10-08 15:00:00,13010.83
2025-10-08 16:00:00,12540.486
2025-10-08 17:00:00,12683.866
2025-10-08 18:00:00,12781.77
2025-10-08 19:00:00,12378.371
2025-10-08 20:00:00,11823.507
2025-10-08 21:00:00,10886.416
2025-10-08 22:00:00,10102.271
2025-10-08 23:00:00,9830.119
2025-10-09 00:00:00,9643.613
2025-10-09 01:00:00,9771.212
2025-10-09 02:00:00,9777.151
2025-10-09 03:00:00,9903.934
2025-10-09 04:00:00,11270.286
2025-10-09 05:00:00,11755.968
2025-10-09 06:00:00,11978.276
2025-10-09 07:00:00,13743.07
2025-10-09 08:00:00,16988.609
2025-10-09 09:00:00,17978.775
2025-10-09 10:00:00,18383.675
2025-10-09 11:00:00,18285.647
2025-10-09 12:00:00,16792.468
2025-10-09 13:00:00,15911.785
2025-10-09 14:00:00,14973.713
2025-10-09 15:00:00,15183.697
2025-10-09 16:00:00,13494.822
2025-10-09 17:00:00,12956.192
2025-10-09 18:00:00,12455.651
2025-10-09 19:00:00,11732.488
2025-10-09 20:00:00,10721.918
2025-10-09 21:00:00,10307.315
2025-10-09 22:00:00,9779.623
2025-10-09 23:00:00,9323.735
2025-10-10 00:00:00,8839.464
2025-10-10 01:00:00,8714.166
2025-10-10 02:00:00,8697.237
2025-10-10 03:00:00,9134.397
2025-10-10 04:00:00,11143.51
2025-10-10 05:00:00,11981.08
2025-10-10 06:00:00,12417.773
2025-10-10 07:00:00,14279.94
2025-10-10 08:00:00,16265.096
2025-10-10 09:00:00,16224.421
2025-10-10 10:00:00,16606.626
2025-10-10 11:00:00,15080.856
2025-10-10 12:00:00,14699.834
2025-10-10 13:00:00,13579.046
2025-10-10 14:00:00,13155.606
2025-10-10 15:00:00,13118.837
2025-10-10 16:00:00,12188.213
2025-10-10 17:00:00,11785.979
2025-10-10 18:00:00,11217.398
2025-10-10 19:00:00,11238.782
2025-10-10 20:00:00,11134.708
2025-10-10 21:00:00,9632.479
2025-10-10 22:00:00,9205.487
2025-10-10 23:00:00,8942.934
2025-10-11 00:00:00,8691.621
2025-10-11 01:00:00,8312.223
2025-10-11 02:00:00,7960.985
2025-10-11 03:00:00,8256.538
2025-10-11 04:00:00,8795.605
2025-10-11 05:00:00,9167.373
2025-10-11 06:00:00,9285.705
2025-10-11 07:00:00,9833.652
2025-10-11 08:00:00,10475.965
2025-10-11 09:00:00,11269.46
2025-10-11 10:00:00,11636.364
2025-10-11 11:00:00,11562.051
2025-10-11 12:00:00,11701.385
2025-10-11 13:00:00,11891.357
2025-10-11 14:00:00,11026.054
2025-10-11 15:00:00,10896.984
2025-10-11 16:00:00,10690.8
2025-10-11 17:00:00,10421.784
2025-10-11 18:00:00,10249.701
2025-10-11 19:00:00,10193.256
2025-10-11 20:00:00,10092.129
2025-10-11 21:00:00,9057.335
2025-10-11 22:00:00,8683.96
2025-10-11 23:00:00,8102.304
2025-10-12 00:00:00,7664.252
2025-10-12 01:00:00,7689.501
2025-10-12 02:00:00,7767.521
2025-10-12 03:00:00,7900.909
2025-10-12 04:00:00,8043.58
2025-10-12 05:00:00,8191.733
2025-10-12 06:00:00,8563.873
2025-10-12 07:00:00,9619.393
2025-10-12 08:00:00,11585.71
2025-10-12 09:00:00,13072.817
2025-10-12 10:00:00,12295.761
2025-10-12 11:00:00,11348.31
2025-10-12 12:00:00,12774.201
2025-10-12 13:00:00,13324.62
2025-10-12 14:00:00,14195.255
2025-10-12 15:00:00,14113.053
2025-10-12 16:00:00,13403.587
2025-10-12 17:00:00,12967.381
2025-10-12 18:00:00,12809.629
2025-10-12 19:00:00,12767.454
2025-10-12 20:00:00,12610.743
2025-10-12 21:00:00,12203.688
2025-10-12 22:00:00,10740.304
2025-10-12 23:00:00,10268.295
2025-10-13 00:00:00,10180.517
2025-10-13 01:00:00,10204.661
2025-10-13 02:00:00,10292.789
2025-10-13 03:00:00,11256.81
2025-10-13 04:00:00,12615.095
2025-10-13 05:00:00,13248.331
2025-10-13 06:00:00,12917.76
2025-10-13 07:00:00,13088.463
2025-10-13 08:00:00,14506.39
2025-10-13 09:00:00,15607.009
2025-10-13 10:00:00,15906.556
2025-10-13 11:00:00,16525.721
2025-10-13 12:00:00,16836.436
2025-10-13 13:00:00,16339.922
2025-10-13 14:00:00,16584.725
2025-10-13 15:00:00,15720.245
2025-10-13 16:00:00,13538.383
2025-10-13 17:00:00,12888.155
2025-10-13 18:00:00,12780.435
2025-10-13 19:00:00,12499.078
2025-10-13 20:00:00,12342.683
2025-10-13 21:00:00,12111.809
2025-10-13 22:00:00,12221.847
2025-10-13 23:00:00,12191.331
2025-10-14 00:00:00,12156.839
2025-10-14 01:00:00,12167.166
2025-10-14 02:00:00,12246.151
2025-10-14 03:00:00,11981.859
2025-10-14 04:00:00,12339.392
2025-10-14 05:00:00,13016.634
2025-10-14 06:00:00,12639.392
2025-10-14 07:00:00,12597.442
2025-10-14 08:00:00,13801.417
2025-10-14 09:00:00,15328.143
2025-10-14 10:00:00,16946.849
2025-10-14 11:00:00,17121.344
2025-10-14 12:00:00,17912.716
2025-10-14 13:00:00,16714.263
2025-10-14 14:00:00,16963.783
2025-10-14 15:00:00,16668.29
2025-10-14 16:00:00,15034.66
2025-10-14 17:00:00,14694.688
2025-10-14 18:00:00,14219.355
2025-10-14 19:00:00,13857.033
2025-10-14 20:00:00,13697.691
2025-10-14 21:00:00,13274.452
2025-10-14 22:00:00,13492.862
2025-10-14 23:00:00,13286.504
2025-10-15 00:00:00,13193.755
2025-10-15 01:00:00,13157.861
2025-10-15 02:00:00,13091.126
2025-10-15 03:00:00,13315.04
2025-10-15 04:00:00,13785.329
2025-10-15 05:00:00,14097.996
2025-10-15 06:00:00,13959.761
2025-10-15 07:00:00,13657.372
2025-10-15 08:00:00,14596.82
2025-10-15 09:00:00,15544.019
2025-10-15 10:00:00,16230.56
2025-10-15 11:00:00,16841.005
2025-10-15 12:00:00,16474.228
2025-10-15 13:00:00,15459.649
2025-10-15 14:00:00,16015.608
2025-10-15 15:00:00,16304.038
2025-10-15 16:00:00,15479.39
2025-10-15 17:00:00,14900.764
2025-10-15 18:00:00,14703.619
2025-10-15 19:00:00,14087.551
2025-10-15 20:00:00,13308.831
2025-10-15 21:00:00,12094.451
2025-10-15 22:00:00,11055.943
2025-10-15 23:00:00,10569.469
2025-10-16 00:00:00,10797.434
2025-10-16 01:00:00,10809.693
2025-10-16 02:00:00,10566.718
2025-10-16 03:00:00,11181.031
2025-10-16 04:00:00,12295.36
2025-10-16 05:00:00,13775.952
2025-10-16 06:00:00,13962.459
2025-10-16 07:00:00,14963.882
2025-10-16 08:00:00,16453.055
2025-10-16 09:00:00,16769.803
2025-10-16 10:00:00,17005.969
2025-10-16 11:00:00,15947.488
2025-10-16 12:00:00,15929.324
2025-10-16 13:00:00,16294.857
2025-10-16 14:00:00,17093.149
2025-10-16 15:00:00,16418.619
2025-10-16 16:00:00,14727.226
2025-10-16 17:00:00,14501.684
2025-10-16 18:00:00,14047.032
2025-10-16 19:00:00,13751.562
2025-10-16 20:00:00,13374.571
2025-10-16 21:00:00,11968.204
2025-10-16 22:00:00,12110.344
2025-10-16 23:00:00,12285.857
2025-10-17 00:00:00,12048.823
2025-10-17 01:00:00,11871.102
2025-10-17 02:00:00,11651.144
2025-10-17 03:00:00,11951.487
2025-10-17 04:00:00,13337.319
2025-10-17 05:00:00,14390.332
2025-10-17 06:00:00,14605.541
2025-10-17 07:00:00,15404.544
2025-10-17 08:00:00,15845.398
2025-10-17 09:00:00,16229.538
2025-10-17 10:00:00,17419.04
2025-10-17 11:00:00,17863.11
2025-10-17 12:00:00,17235.251
2025-10-17 13:00:00,16082.131
2025-10-17 14:00:00,15165.485
2025-10-17 15:00:00,15762.278
2025-10-17 16:00:00,14388.987
2025-10-17 17:00:00,13773.539
2025-10-17 18:00:00,13499.385
2025-10-17 19:00:00,13067.871
2025-10-17 20:00:00,12676.587
2025-10-17 21:00:00,11622.701
2025-10-17 22:00:00,10939.584
2025-10-17 23:00:00,10521.13
2025-10-18 00:00:00,10417.754
2025-10-18 01:00:00,10350.663
2025-10-18 02:00:00,10411.234
2025-10-18 03:00:00,10458.778
2025-10-18 04:00:00,10782.769
2025-10-18 05:00:00,11221.937
2025-10-18 06:00:00,11789.56
2025-10-18 07:00:00,13324.578
2025-10-18 08:00:00,13867.309
2025-10-18 09:00:00,15295.005
2025-10-18 10:00:00,17311.594
2025-10-18 11:00:00,16695.308
2025-10-18 12:00:00,16568.514
2025-10-18 13:00:00,14965.377
2025-10-18 14:00:00,14872.565
2025-10-18 15:00:00,15316.885
2025-10-18 16:00:00,14082.294
2025-10-18 17:00:00,13917.468
2025-10-18 18:00:00,14526.717
2025-10-18 19:00:00,14158.432
2025-10-18 20:00:00,13283.333
2025-10-18 21:00:00,12256.695
2025-10-18 22:00:00,10289.509
2025-10-18 23:00:00,9121.392
2025-10-19 00:00:00,8059.246
2025-10-19 01:00:00,7277.215
2025-10-19 02:00:00,7183.058
2025-10-19 03:00:00,7633.424
2025-10-19 04:00:00,8258.2
2025-10-19 05:00:00,8397.901
2025-10-19 06:00:00,8592.239
2025-10-19 07:00:00,9439.875
2025-10-19 08:00:00,11692.242
2025-10-19 09:00:00,13060.217
2025-10-19 10:00:00,14358.32
2025-10-19 11:00:00,15738.988
2025-10-19 12:00:00,17453.167
2025-10-19 13:00:00,16465.9
2025-10-19 14:00:00,14816.975
2025-10-19 15:00:00,12680.493
2025-10-19 16:00:00,11130.04
2025-10-19 17:00:00,10810.597
2025-10-19 18:00:00,10908.379
2025-10-19 19:00:00,10956.785
2025-10-19 20:00:00,11178.117
2025-10-19 21:00:00,10883.719
2025-10-19 22:00:00,10529.856
2025-10-19 23:00:00,10652.705
2025-10-20 00:00:00,10684.668
2025-10-20 01:00:00,10672.968
2025-10-20 02:00:00,10416.42
2025-10-20 03:00:00,10620.764
2025-10-20 04:00:00,11465.14
2025-10-20 05:00:00,12008.296
2025-10-20 06:00:00,12151.131
2025-10-20 07:00:00,12582.936
2025-10-20 08:00:00,13899.601
2025-10-20 09:00:00,15765.434
2025-10-20 10:00:00,17432.39
2025-10-20 11:00:00,17804.121
2025-10-20 12:00:00,18779.236
2025-10-20 13:00:00,17891.837
2025-10-20 14:00:00,17173.506
2025-10-20 15:00:00,17152.554
2025-10-20 16:00:00,15165.038
2025-10-20 17:00:00,14201.86
2025-10-20 18:00:00,13598.008
2025-10-20 19:00:00,12274.06
2025-10-20 20:00:00,11064.664
2025-10-20 21:00:00,10871.754
2025-10-20 22:00:00,10970.581
2025-10-20 23:00:00,11144.753
2025-10-21 00:00:00,11031.999
2025-10-21 01:00:00,11032.452
2025-10-21 02:00:00,11067.954
2025-10-21 03:00:00,12075.222
2025-10-21 04:00:00,13258.333
2025-10-21 05:00:00,14149.59
2025-10-21 06:00:00,14433.763
2025-10-21 07:00:00,14258.934
2025-10-21 08:00:00,15093.274
2025-10-21 09:00:00,15718.951
2025-10-21 10:00:00,17155.488
2025-10-21 11:00:00,17984.837
2025-10-21 12:00:00,18635.128
2025-10-21 13:00:00,17951.706
2025-10-21 14:00:00,17247.221
2025-10-21 15:00:00,16629.668
2025-10-21 16:00:00,15235.342
2025-10-21 17:00:00,15213.723
2025-10-21 18:00:00,14998.672
2025-10-21 19:00:00,13334.619
2025-10-21 20:00:00,12058.393
2025-10-21 21:00:00,10856.078
2025-10-21 22:00:00,10160.298
2025-10-21 23:00:00,9862.433
2025-10-22 00:00:00,9700.219
2025-10-22 01:00:00,9254.874
2025-10-22 02:00:00,8917.992
2025-10-22 03:00:00,9090.842
2025-10-22 04:00:00,10910.394
2025-10-22 05:00:00,12719.619
2025-10-22 06:00:00,13004.012
2025-10-22 07:00:00,13784.392
2025-10-22 08:00:00,15261.126
2025-10-22 09:00:00,17069.367
2025-10-22 10:00:00,18681.862
2025-10-22 11:00:00,19160.698
2025-10-22 12:00:00,18642.148
2025-10-22 13:00:00,16604.363
2025-10-22 14:00:00,15354.636
2025-10-22 15:00:00,14194.715
2025-10-22 16:00:00,12259.581
2025-10-22 17:00:00,11890.228
2025-10-22 18:00:00,11823.629
2025-10-22 19:00:00,11892.109
2025-10-22 20:00:00,12148.623
2025-10-22 21:00:00,11150.843
2025-10-22 22:00:00,9520.633
2025-10-22 23:00:00,8736.456
2025-10-23 00:00:00,9204.173
2025-10-23 01:00:00,10362.666
2025-10-23 02:00:00,11568.89
2025-10-23 03:00:00,12398.936
2025-10-23 04:00:00,13099.093
2025-10-23 05:00:00,13437.243
2025-10-23 06:00:00,13078.975
2025-10-23 07:00:00,13768.412
2025-10-23 08:00:00,16097.313
2025-10-23 09:00:00,17434.815
2025-10-23 10:00:00,18028.334
2025-10-23 11:00:00,16330.959
2025-10-23 12:00:00,13597.257
2025-10-23 13:00:00,12555.046
2025-10-23 14:00:00,13056.283
2025-10-23 15:00:00,14308.908
2025-10-23 16:00:00,13960.036
2025-10-23 17:00:00,14202.44
2025-10-23 18:00:00,13693.722
2025-10-23 19:00:00,13071.004
2025-10-23 20:00:00,12068.815
2025-10-23 21:00:00,12867.118
2025-10-23 22:00:00,11858.553
2025-10-23 23:00:00,11673.146
2025-10-24 00:00:00,11755.028
2025-10-24 01:00:00,11926.427
2025-10-24 02:00:00,12246.813
2025-10-24 03:00:00,12410.392
2025-10-24 04:00:00,12596.401
2025-10-24 05:00:00,13076.349
2025-10-24 06:00:00,13287.18
2025-10-24 07:00:00,14016.702
2025-10-24 08:00:00,16484.725
2025-10-24 09:00:00,18384.158
2025-10-24 10:00:00,19968.739
2025-10-24 11:00:00,19847.814
2025-10-24 12:00:00,20247.324
2025-10-24 13:00:00,18274.461
2025-10-24 14:00:00,18452.549
2025-10-24 15:00:00,16081.723
2025-10-24 16:00:00,13920.919
2025-10-24 17:00:00,13668.832
2025-10-24 18:00:00,13462.725
2025-10-24 19:00:00,13334.062
2025-10-24 20:00:00,13160.665
2025-10-24 21:00:00,13002.041
2025-10-24 22:00:00,13002.051
2025-10-24 23:00:00,12850.888
2025-10-25 00:00:00,12457.5
2025-10-25 01:00:00,12468.741
2025-10-25 02:00:00,12514.895
2025-10-25 03:00:00,12638.139
2025-10-25 04:00:00,13192.75
2025-10-25 05:00:00,13542.106
2025-10-25 06:00:00,13548.604
2025-10-25 07:00:00,13839.631
2025-10-25 08:00:00,14763.756
2025-10-25 09:00:00,15251.98
2025-10-25 10:00:00,15094.849
2025-10-25 11:00:00,15970.103
2025-10-25 12:00:00,16243.621
2025-10-25 13:00:00,16843.892
2025-10-25 14:00:00,15759.203
2025-10-25 15:00:00,14826.098
2025-10-25 16:00:00,13118.308
2025-10-25 17:00:00,12533.074
2025-10-25 18:00:00,11855.181
2025-10-25 19:00:00,11069.868
2025-10-25 20:00:00,10491.795
2025-10-25 21:00:00,10210.868
2025-10-25 22:00:00,10441.01
2025-10-25 23:00:00,10340.128
2025-10-26 00:00:00,5594.283
2025-10-26 01:00:00,11617.819
2025-10-26 02:00:00,11458.04
2025-10-26 03:00:00,11985.687
2025-10-26 04:00:00,12443.935
2025-10-26 05:00:00,12898.236
2025-10-26 06:00:00,13231.169
2025-10-26 07:00:00,14497.126
2025-10-26 08:00:00,16250.363
2025-10-26 09:00:00,18011.146
2025-10-26 10:00:00,19808.071
2025-10-26 11:00:00,20334.76
2025-10-26 12:00:00,21309.298
2025-10-26 13:00:00,18662.432
2025-10-26 14:00:00,17407.82
2025-10-26 15:00:00,15080.571
2025-10-26 16:00:00,13535.86
2025-10-26 17:00:00,12908.214
2025-10-26 18:00:00,12492.544
2025-10-26 19:00:00,12278.685
2025-10-26 20:00:00,11712.672
2025-10-26 21:00:00,11732.864
2025-10-26 22:00:00,11758.919
2025-10-26 23:00:00,11586.915
2025-10-27 00:00:00,11569.234
2025-10-27 01:00:00,10608.561
2025-10-27 02:00:00,10302.661
2025-10-27 03:00:00,10649.409
2025-10-27 04:00:00,11688.247
2025-10-27 05:00:00,12864.526
2025-10-27 06:00:00,13384.848
2025-10-27 07:00:00,14149.645
2025-10-27 08:00:00,15013.433
2025-10-27 09:00:00,16212.808
2025-10-27 10:00:00,17413.025
2025-10-27 11:00:00,18231.654
2025-10-27 12:00:00,18342.853
2025-10-27 13:00:00,18544.244
2025-10-27 14:00:00,17905.411
2025-10-27 15:00:00,16944.819
2025-10-27 16:00:00,15045.486
2025-10-27 17:00:00,14123.535
2025-10-27 18:00:00,13555.641
2025-10-27 19:00:00,12727.83
2025-10-27 20:00:00,11520.899
2025-10-27 21:00:00,9964.293
2025-10-27 22:00:00,9142.539
2025-10-27 23:00:00,8819.028
2025-10-28 00:00:00,8633.3
2025-10-28 01:00:00,8652.057
2025-10-28 02:00:00,9281.128
2025-10-28 03:00:00,10158.633
2025-10-28 04:00:00,11285.375
2025-10-28 05:00:00,12681.485
2025-10-28 06:00:00,13725.944
2025-10-28 07:00:00,14183.151
2025-10-28 08:00:00,15489.928
2025-10-28 09:00:00,17037.857
2025-10-28 10:00:00,17935.635
2025-10-28 11:00:00,19446.369
2025-10-28 12:00:00,20591.107
2025-10-28 13:00:00,19695.611
2025-10-28 14:00:00,17266.178
2025-10-28 15:00:00,15073.59
2025-10-28 16:00:00,14381.086
2025-10-28 17:00:00,13880.507
2025-10-28 18:00:00,13476.967
2025-10-28 19:00:00,12633.77
2025-10-28 20:00:00,11651.374
2025-10-28 21:00:00,10741.305
2025-10-28 22:00:00,10080.524
2025-10-28 23:00:00,9838.342
2025-10-29 00:00:00,9378.424
2025-10-29 01:00:00,9106.608
2025-10-29 02:00:00,9375.855
2025-10-29 03:00:00,9633.328
2025-10-29 04:00:00,10701.738
2025-10-29 05:00:00,11889.583
2025-10-29 06:00:00,13554.232
2025-10-29 07:00:00,14648.914
2025-10-29 08:00:00,15899.104
2025-10-29 09:00:00,17078.339
2025-10-29 10:00:00,18473.398
2025-10-29 11:00:00,18896.203
2025-10-29 12:00:00,18059.922
2025-10-29 13:00:00,17120.801
2025-10-29 14:00:00,15772.435
2025-10-29 15:00:00,14794.792
2025-10-29 16:00:00,14522.242
2025-10-29 17:00:00,14237.988
2025-10-29 18:00:00,13596.856
2025-10-29 19:00:00,12689.237
2025-10-29 20:00:00,11966.825
2025-10-29 21:00:00,10332.319
2025-10-29 22:00:00,9499.4
2025-10-29 23:00:00,8816.459
2025-10-30 00:00:00,9195.05
2025-10-30 01:00:00,10746.181
2025-10-30 02:00:00,11073.997
2025-10-30 03:00:00,11157.196
2025-10-30 04:00:00,11117.467
2025-10-30 05:00:00,11485.556
2025-10-30 06:00:00,12516.677
2025-10-30 07:00:00,13781.612
2025-10-30 08:00:00,17081.039
2025-10-30 09:00:00,18974.099
2025-10-30 10:00:00,19593.147
2025-10-30 11:00:00,20174.779
2025-10-30 12:00:00,19106.062
2025-10-30 13:00:00,18279.397
2025-10-30 14:00:00,17665.065
2025-10-30 15:00:00,14327.903
2025-10-30 16:00:00,13198.935
2025-10-30 17:00:00,13263.371
2025-10-30 18:00:00,13040.944
2025-10-30 19:00:00,12631.959
2025-10-30 20:00:00,12412.737
2025-10-30 21:00:00,11275.409
2025-10-30 22:00:00,9653.293
2025-10-30 23:00:00,9040.357
2025-10-31 00:00:00,9155.892
2025-10-31 01:00:00,9409.961
2025-10-31 02:00:00,9688.66
2025-10-31 03:00:00,10232.856
2025-10-31 04:00:00,11122.179
2025-10-31 05:00:00,11797.97
2025-10-31 06:00:00,12381.263
2025-10-31 07:00:00,12436.979
2025-10-31 08:00:00,13333.088
2025-10-31 09:00:00,15039.013
2025-10-31 10:00:00,15572.977
2025-10-31 11:00:00,15971.269
2025-10-31 12:00:00,17083.237
2025-10-31 13:00:00,16733.1
2025-10-31 14:00:00,15404.329
2025-10-31 15:00:00,14271.355
2025-10-31 16:00:00,14166.165
2025-10-31 17:00:00,14060.434
2025-10-31 18:00:00,13346.756
2025-10-31 19:00:00,12516.24
2025-10-31 20:00:00,11530.651
2025-10-31 21:00:00,10952.757
2025-10-31 22:00:00,10789.056
2025-10-31 23:00:00,10327.246
2025-11-01 00:00:00,10065.467
2025-11-01 01:00:00,10153.429
2025-11-01 02:00:00,10524.593
2025-11-01 03:00:00,11042.859
2025-11-01 04:00:00,11298.859
2025-11-01 05:00:00,10850.777
2025-11-01 06:00:00,11313.927
2025-11-01 07:00:00,11812.719
2025-11-01 08:00:00,12314.941
2025-11-01 09:00:00,12701.558
2025-11-01 10:00:00,12858.32
2025-11-01 11:00:00,12992.819
2025-11-01 12:00:00,12497.335
2025-11-01 13:00:00,12230.395
2025-11-01 14:00:00,13533.958
2025-11-01 15:00:00,14315.098
2025-11-01 16:00:00,12909.759
2025-11-01 17:00:00,12961.38
2025-11-01 18:00:00,12238.401
2025-11-01 19:00:00,11634.07
2025-11-01 20:00:00,11288.473
2025-11-01 21:00:00,10614.011
2025-11-01 22:00:00,10369.959
2025-11-01 23:00:00,10332.701
2025-11-02 00:00:00,10191.66
2025-11-02 01:00:00,10530.903
2025-11-02 02:00:00,10409.422
2025-11-02 03:00:00,9912.421
2025-11-02 04:00:00,8949.687
2025-11-02 05:00:00,8668.419
2025-11-02 06:00:00,8798.496
2025-11-02 07:00:00,9437.894
2025-11-02 08:00:00,11923.585
2025-11-02 09:00:00,13689.252
2025-11-02 10:00:00,17792.139
2025-11-02 11:00:00,19902.267
2025-11-02 12:00:00,19531.663
2025-11-02 13:00:00,17654.163
2025-11-02 14:00:00,16545.787
2025-11-02 15:00:00,16122.991
2025-11-02 16:00:00,15492.646
2025-11-02 17:00:00,16032.995
2025-11-02 18:00:00,15892.36
2025-11-02 19:00:00,15109.113
2025-11-02 20:00:00,12562.898
2025-11-02 21:00:00,10786.398
2025-11-02 22:00:00,9253.688
2025-11-02 23:00:00,7582.972
2025-11-03 00:00:00,7239.872
2025-11-03 01:00:00,7620.958
2025-11-03 02:00:00,8608.729
2025-11-03 03:00:00,9481.632
2025-11-03 04:00:00,10524.21
2025-11-03 05:00:00,12041.327
2025-11-03 06:00:00,13706.752
2025-11-03 07:00:00,14972.362
2025-11-03 08:00:00,16850.737
2025-11-03 09:00:00,16565.073
2025-11-03 10:00:00,17170.622
2025-11-03 11:00:00,17393.067
2025-11-03 12:00:00,17190.681
2025-11-03 13:00:00,17111.333
2025-11-03 14:00:00,16721.974
2025-11-03 15:00:00,16393.799
2025-11-03 16:00:00,16463.778
2025-11-03 17:00:00,16167.654
2025-11-03 18:00:00,15540.343
2025-11-03 19:00:00,14821.715
2025-11-03 20:00:00,14210.272
2025-11-03 21:00:00,13910.793
2025-11-03 22:00:00,13420.93
2025-11-03 23:00:00,12932.244
2025-11-04 00:00:00,12908.124
2025-11-04 01:00:00,12624.287
2025-11-04 02:00:00,12319.128
2025-11-04 03:00:00,11793.685
2025-11-04 04:00:00,11550.546
2025-11-04 05:00:00,12082.63
2025-11-04 06:00:00,12925.893
2025-11-04 07:00:00,13702.698
2025-11-04 08:00:00,14935.369
2025-11-04 09:00:00,16827.077
2025-11-04 10:00:00,19191.672
2025-11-04 11:00:00,20940.096
2025-11-04 12:00:00,20659.125
2025-11-04 13:00:00,19448.494
2025-11-04 14:00:00,16519.728
2025-11-04 15:00:00,14833.586
2025-11-04 16:00:00,14248.806
2025-11-04 17:00:00,14529.009
2025-11-04 18:00:00,14329.24
2025-11-04 19:00:00,13090.691
2025-11-04 20:00:00,12098.257
2025-11-04 21:00:00,11604.462
2025-11-04 22:00:00,10802.994
2025-11-04 23:00:00,10287.5
2025-11-05 00:00:00,9847.644
2025-11-05 01:00:00,9771.677
2025-11-05 02:00:00,9347.073
2025-11-05 03:00:00,9183.692
2025-11-05 04:00:00,9370.587
2025-11-05 05:00:00,10136.642
2025-11-05 06:00:00,11207.02
2025-11-05 07:00:00,11727.505
2025-11-05 08:00:00,12896.952
2025-11-05 09:00:00,14731.473
2025-11-05 10:00:00,15536.069
2025-11-05 11:00:00,17309.821
2025-11-05 12:00:00,17507.634
2025-11-05 13:00:00,18307.144
2025-11-05 14:00:00,17090.807
2025-11-05 15:00:00,14790.295
2025-11-05 16:00:00,14963.233
2025-11-05 17:00:00,15883.013
2025-11-05 18:00:00,15412.609
2025-11-05 19:00:00,13846.16
2025-11-05 20:00:00,11595.175
2025-11-05 21:00:00,10081.123
2025-11-05 22:00:00,8897.372
2025-11-05 23:00:00,8378.145
2025-11-06 00:00:00,8166.193
2025-11-06 01:00:00,7570.367
2025-11-06 02:00:00,7677.821
2025-11-06 03:00:00,8232.702
2025-11-06 04:00:00,9405.007
2025-11-06 05:00:00,11850.157
2025-11-06 06:00:00,12713.309
2025-11-06 07:00:00,13165.311
2025-11-06 08:00:00,15243.701
2025-11-06 09:00:00,16902.231
2025-11-06 10:00:00,17991.349
2025-11-06 11:00:00,17196.257
2025-11-06 12:00:00,18014.337
2025-11-06 13:00:00,17371.689
2025-11-06 14:00:00,15715.712
2025-11-06 15:00:00,13891.296
2025-11-06 16:00:00,13754.306
2025-11-06 17:00:00,14643.918
2025-11-06 18:00:00,14885.618
2025-11-06 19:00:00,14634.239
2025-11-06 20:00:00,13960.977
2025-11-06 21:00:00,13593.035
2025-11-06 22:00:00,12077.893
2025-11-06 23:00:00,11007.869
2025-11-07 00:00:00,9956.703
2025-11-07 01:00:00,9907.275
2025-11-07 02:00:00,9770.322
2025-11-07 03:00:00,9947.931
2025-11-07 04:00:00,11252.064
2025-11-07 05:00:00,13035.533
2025-11-07 06:00:00,13282.526
2025-11-07 07:00:00,13653.413
2025-11-07 08:00:00,15367.5
2025-11-07 09:00:00,17605.563
2025-11-07 10:00:00,19090.272
2025-11-07 11:00:00,19204.953
2025-11-07 12:00:00,19286.822
2025-11-07 13:00:00,19134.282
2025-11-07 14:00:00,17608.405
2025-11-07 15:00:00,15111.768
2025-11-07 16:00:00,14536.185
2025-11-07 17:00:00,15197.26
2025-11-07 18:00:00,15138.976
2025-11-07 19:00:00,14527.292
2025-11-07 20:00:00,14255.556
2025-11-07 21:00:00,13898.327
2025-11-07 22:00:00,13469.051
2025-11-07 23:00:00,12678.645
2025-11-08 00:00:00,12294.67
2025-11-08 01:00:00,12098.449
2025-11-08 02:00:00,11530.391
2025-11-08 03:00:00,11281.503
2025-11-08 04:00:00,11610.272
2025-11-08 05:00:00,12289.543
2025-11-08 06:00:00,12817.502
2025-11-08 07:00:00,13325.212
2025-11-08 08:00:00,15167.651
2025-11-08 09:00:00,16835.904
2025-11-08 10:00:00,17481.755
2025-11-08 11:00:00,18495.701
2025-11-08 12:00:00,17759.798
2025-11-08 13:00:00,16964.07
2025-11-08 14:00:00,15756.207
2025-11-08 15:00:00,14023.103
2025-11-08 16:00:00,13841.45
2025-11-08 17:00:00,13758.236
2025-11-08 18:00:00,13729.712
2025-11-08 19:00:00,13327.929
2025-11-08 20:00:00,13107.289
2025-11-08 21:00:00,12534.613
2025-11-08 22:00:00,12035.124
2025-11-08 23:00:00,12441.308
2025-11-09 00:00:00,12015.89
2025-11-09 01:00:00,11102.423
2025-11-09 02:00:00,10365.085
2025-11-09 03:00:00,10109.675
2025-11-09 04:00:00,10357.387
2025-11-09 05:00:00,10894.582
2025-11-09 06:00:00,11835.996
2025-11-09 07:00:00,12442.676
2025-11-09 08:00:00,13738.418
2025-11-09 09:00:00,16012.628
2025-11-09 10:00:00,18243.121
2025-11-09 11:00:00,19939.456
2025-11-09 12:00:00,18844.224
2025-11-09 13:00:00,19198.751
2025-11-09 14:00:00,18684.586
2025-11-09 15:00:00,15844.318
2025-11-09 16:00:00,14549.3
2025-11-09 17:00:00,14520.2
2025-11-09 18:00:00,14657.541
2025-11-09 19:00:00,14739.241
2025-11-09 20:00:00,14888.185
2025-11-09 21:00:00,14560.319
2025-11-09 22:00:00,14013.882
2025-11-09 23:00:00,12484.848
2025-11-10 00:00:00,11913.017
2025-11-10 01:00:00,11952.679
2025-11-10 02:00:00,12004.392
2025-11-10 03:00:00,12633.666
2025-11-10 04:00:00,13706.79
2025-11-10 05:00:00,15818.438
2025-11-10 06:00:00,17445.459
2025-11-10 07:00:00,18038.366
2025-11-10 08:00:00,19184.364
2025-11-10 09:00:00,19923.048
2025-11-10 10:00:00,20830.092
2025-11-10 11:00:00,21807.038
2025-11-10 12:00:00,22305.118
2025-11-10 13:00:00,22217.648
2025-11-10 14:00:00,20764.591
2025-11-10 15:00:00,19224.598
2025-11-10 16:00:00,19486.042
2025-11-10 17:00:00,19531.109
2025-11-10 18:00:00,19262.562
2025-11-10 19:00:00,17299.561
2025-11-10 20:00:00,15364.098
2025-11-10 21:00:00,14255.501
2025-11-10 22:00:00,12974.541
2025-11-10 23:00:00,12101.763
2025-11-11 00:00:00,12281.29
2025-11-11 01:00:00,12145.048
2025-11-11 02:00:00,11974.197
2025-11-11 03:00:00,11796.349
2025-11-11 04:00:00,11566.072
2025-11-11 05:00:00,12226.051
2025-11-11 06:00:00,13586.035
2025-11-11 07:00:00,14030.156
2025-11-11 08:00:00,15808.789
2025-11-11 09:00:00,17966.271
2025-11-11 10:00:00,19333.174
2025-11-11 11:00:00,19189.421
2025-11-11 12:00:00,20262.89
2025-11-11 13:00:00,19793.412
2025-11-11 14:00:00,18790.227
2025-11-11 15:00:00,17338.802
2025-11-11 16:00:00,16804.28
2025-11-11 17:00:00,16676.596
2025-11-11 18:00:00,15236.166
2025-11-11 19:00:00,13221.263
2025-11-11 20:00:00,12276.593
2025-11-11 21:00:00,11987.472
2025-11-11 22:00:00,11600.742
2025-11-11 23:00:00,11438.382
2025-11-12 00:00:00,11397.704
2025-11-12 01:00:00,11229.29
2025-11-12 02:00:00,11389.028
2025-11-12 03:00:00,11328.241
2025-11-12 04:00:00,11945.455
2025-11-12 05:00:00,12816.292
2025-11-12 06:00:00,14080.952
2025-11-12 07:00:00,13768.339
2025-11-12 08:00:00,15084.522
2025-11-12 09:00:00,16532.55
2025-11-12 10:00:00,18789.463
2025-11-12 11:00:00,19290.98
2025-11-12 12:00:00,18125.018
2025-11-12 13:00:00,17386.539
2025-11-12 14:00:00,15630.698
2025-11-12 15:00:00,15050.479
2025-11-12 16:00:00,13823.561
2025-11-12 17:00:00,14181.6
2025-11-12 18:00:00,13121.711
2025-11-12 19:00:00,11998.656
2025-11-12 20:00:00,11586.86
2025-11-12 21:00:00,10958.214
2025-11-12 22:00:00,10124.562
2025-11-12 23:00:00,9567.52
2025-11-13 00:00:00,9209.776
2025-11-13 01:00:00,9214.234
2025-11-13 02:00:00,9804.28
2025-11-13 03:00:00,10200.436
2025-11-13 04:00:00,10623.015
2025-11-13 05:00:00,11884.326
2025-11-13 06:00:00,13409.297
2025-11-13 07:00:00,14110.699
2025-11-13 08:00:00,14858.231
2025-11-13 09:00:00,16032.622
2025-11-13 10:00:00,16345.989
2025-11-13 11:00:00,16451.943
2025-11-13 12:00:00,16126.608
2025-11-13 13:00:00,15733.017
2025-11-13 14:00:00,15551.016
2025-11-13 15:00:00,14109.868
2025-11-13 16:00:00,13563.456
2025-11-13 17:00:00,13108.44
2025-11-13 18:00:00,12804.92
2025-11-13 19:00:00,12148.801
2025-11-13 20:00:00,12026.396
2025-11-13 21:00:00,11490.988
2025-11-13 22:00:00,10632.419
2025-11-13 23:00:00,10393.657
2025-11-14 00:00:00,10371.498
2025-11-14 01:00:00,10709.486
2025-11-14 02:00:00,10864.976
2025-11-14 03:00:00,11467.609
2025-11-14 04:00:00,12695.289
2025-11-14 05:00:00,14865.142
2025-11-14 06:00:00,15411.104
2025-11-14 07:00:00,15879.151
2025-11-14 08:00:00,16950.715
2025-11-14 09:00:00,17764.841
2025-11-14 10:00:00,18093.042
2025-11-14 11:00:00,18167.301
2025-11-14 12:00:00,18176.858
2025-11-14 13:00:00,17748.456
2025-11-14 14:00:00,17612.76
2025-11-14 15:00:00,17453.948
2025-11-14 16:00:00,18037.549
2025-11-14 17:00:00,18391.465
2025-11-14 18:00:00,17847.009
2025-11-14 19:00:00,16665.877
2025-11-14 20:00:00,15224.824
2025-11-14 21:00:00,14029.625
2025-11-14 22:00:00,13129.648
2025-11-14 23:00:00,12634.211
2025-11-15 00:00:00,11963.801
2025-11-15 01:00:00,11489.202
2025-11-15 02:00:00,11430.347
2025-11-15 03:00:00,11353.383
2025-11-15 04:00:00,11211.893
2025-11-15 05:00:00,11477.781
2025-11-15 06:00:00,11737.488
2025-11-15 07:00:00,12616.956
2025-11-15 08:00:00,13650.019
2025-11-15 09:00:00,14655.314
2025-11-15 10:00:00,15384.511
2025-11-15 11:00:00,15986.595
2025-11-15 12:00:00,16522.286
2025-11-15 13:00:00,16701.429
2025-11-15 14:00:00,16068.735
2025-11-15 15:00:00,15372.641
2025-11-15 16:00:00,14880.835
2025-11-15 17:00:00,14886.333
2025-11-15 18:00:00,15170.742
2025-11-15 19:00:00,15058.987
2025-11-15 20:00:00,14354.353
2025-11-15 21:00:00,13728.471
2025-11-15 22:00:00,13091.234
2025-11-15 23:00:00,12301.561
2025-11-16 00:00:00,12223.834
2025-11-16 01:00:00,11814.12
2025-11-16 02:00:00,11817.3
2025-11-16 03:00:00,11568.639
2025-11-16 04:00:00,11653.123
2025-11-16 05:00:00,12910.178
2025-11-16 06:00:00,13648.425
2025-11-16 07:00:00,14459.523
2025-11-16 08:00:00,15639.463
2025-11-16 09:00:00,16855.724
2025-11-16 10:00:00,17487.266
2025-11-16 11:00:00,18034.231
2025-11-16 12:00:00,18830.767
2025-11-16 13:00:00,18838.881
2025-11-16 14:00:00,19235.582
2025-11-16 15:00:00,17323.017
2025-11-16 16:00:00,16295.296
2025-11-16 17:00:00,15933.244
2025-11-16 18:00:00,15671.328
2025-11-16 19:00:00,14932.346
2025-11-16 20:00:00,13703.228
2025-11-16 21:00:00,12502.265
2025-11-16 22:00:00,10039.646
2025-11-16 23:00:00,9575.71
2025-11-17 00:00:00,10203.381
2025-11-17 01:00:00,10573.466
2025-11-17 02:00:00,11132.758
2025-11-17 03:00:00,11651.424
2025-11-17 04:00:00,12616.311
2025-11-17 05:00:00,14302.238
2025-11-17 06:00:00,17507.095
2025-11-17 07:00:00,19092.996
2025-11-17 08:00:00,20360.298
2025-11-17 09:00:00,22603.781
2025-11-17 10:00:00,23342.566
2025-11-17 11:00:00,24828.114
2025-11-17 12:00:00,24795.84
2025-11-17 13:00:00,24289.854
2025-11-17 14:00:00,23053.234
2025-11-17 15:00:00,19813.591
2025-11-17 16:00:00,18442.335
2025-11-17 17:00:00,17802.376
2025-11-17 18:00:00,17207.297
2025-11-17 19:00:00,16736.315
2025-11-17 20:00:00,16182.41
2025-11-17 21:00:00,14787.11
2025-11-17 22:00:00,12112.377
2025-11-17 23:00:00,11243.315
2025-11-18 00:00:00,11384.049
2025-11-18 01:00:00,11595.833
2025-11-18 02:00:00,11721.097
2025-11-18 03:00:00,11791.658
2025-11-18 04:00:00,13337.992
2025-11-18 05:00:00,15915.263
2025-11-18 06:00:00,19249.567
2025-11-18 07:00:00,19769.248
2025-11-18 08:00:00,20618.685
2025-11-18 09:00:00,21852.25
2025-11-18 10:00:00,22235.438
2025-11-18 11:00:00,22857.48
2025-11-18 12:00:00,24147.762
2025-11-18 13:00:00,23604.334
2025-11-18 14:00:00,21610.819
2025-11-18 15:00:00,20163.133
2025-11-18 16:00:00,19318.225
2025-11-18 17:00:00,19917.002
2025-11-18 18:00:00,19900.596
2025-11-18 19:00:00,19660.003
2025-11-18 20:00:00,18885.768
2025-11-18 21:00:00,17541.699
2025-11-18 22:00:00,16429.956
2025-11-18 23:00:00,16222.232
2025-11-19 00:00:00,15739.465
2025-11-19 01:00:00,16178.164
2025-11-19 02:00:00,16141.103
2025-11-19 03:00:00,16157.75
2025-11-19 04:00:00,16349.974
2025-11-19 05:00:00,17638.838
2025-11-19 06:00:00,18716.946
2025-11-19 07:00:00,18523.484
2025-11-19 08:00:00,17746.365
2025-11-19 09:00:00,18575.28
2025-11-19 10:00:00,18843.304
2025-11-19 11:00:00,19883.703
2025-11-19 12:00:00,21246.6
2025-11-19 13:00:00,21562.389
2025-11-19 14:00:00,22121.771
2025-11-19 15:00:00,21895.414
2025-11-19 16:00:00,21597.348
2025-11-19 17:00:00,21812.271
2025-11-19 18:00:00,21854.726
2025-11-19 19:00:00,21587.006
2025-11-19 20:00:00,19443.017
2025-11-19 21:00:00,17498.354
2025-11-19 22:00:00,15564.793
2025-11-19 23:00:00,13806.981
2025-11-20 00:00:00,13254.258
2025-11-20 01:00:00,12167.251
2025-11-20 02:00:00,12089.614
2025-11-20 03:00:00,11945.105
2025-11-20 04:00:00,13557.84
2025-11-20 05:00:00,16195.46
2025-11-20 06:00:00,17190.87
2025-11-20 07:00:00,17618.929
2025-11-20 08:00:00,20050.691
2025-11-20 09:00:00,20461.272
2025-11-20 10:00:00,21810.603
2025-11-20 11:00:00,21216.617
2025-11-20 12:00:00,21249.874
2025-11-20 13:00:00,20299.716
2025-11-20 14:00:00,18328.219
2025-11-20 15:00:00,17702.522
2025-11-20 16:00:00,17504.066
2025-11-20 17:00:00,17140.123
2025-11-20 18:00:00,17132.95
2025-11-20 19:00:00,16876.779
2025-11-20 20:00:00,16762.972
2025-11-20 21:00:00,15877.665
2025-11-20 22:00:00,15323.181
2025-11-20 23:00:00,15878.993
2025-11-21 00:00:00,15678.248
2025-11-21 01:00:00,15682.418
2025-11-21 02:00:00,15683.609
2025-11-21 03:00:00,16073.502
2025-11-21 04:00:00,16282.501
2025-11-21 05:00:00,16646.773
2025-11-21 06:00:00,17071.253
2025-11-21 07:00:00,17546.575
2025-11-21 08:00:00,21814.51
2025-11-21 09:00:00,24481.299
2025-11-21 10:00:00,24202.632
2025-11-21 11:00:00,24081.502
2025-11-21 12:00:00,24183.505
2025-11-21 13:00:00,22849.371
2025-11-21 14:00:00,21085.44
2025-11-21 15:00:00,17033.686
2025-11-21 16:00:00,16516.546
2025-11-21 17:00:00,16290.708
2025-11-21 18:00:00,16179.048
2025-11-21 19:00:00,16395.049
2025-11-21 20:00:00,16367.152
2025-11-21 21:00:00,15421.929
2025-11-21 22:00:00,14796.168
2025-11-21 23:00:00,13668.446
2025-11-22 00:00:00,12376.655
2025-11-22 01:00:00,12077.896
2025-11-22 02:00:00,11811.493
2025-11-22 03:00:00,12351.044
2025-11-22 04:00:00,13090.26
2025-11-22 05:00:00,14235.419
2025-11-22 06:00:00,14665.175
2025-11-22 07:00:00,15698.036
2025-11-22 08:00:00,19079.609
2025-11-22 09:00:00,20288.32
2025-11-22 10:00:00,21362.643
2025-11-22 11:00:00,22040.277
2025-11-22 12:00:00,23133.836
2025-11-22 13:00:00,23254.667
2025-11-22 14:00:00,22713.362
2025-11-22 15:00:00,19802.911
2025-11-22 16:00:00,19052.22
2025-11-22 17:00:00,19045.895
2025-11-22 18:00:00,18808.453
2025-11-22 19:00:00,18305.448
2025-11-22 20:00:00,17697.725
2025-11-22 21:00:00,16459.123
2025-11-22 22:00:00,15683.087
2025-11-22 23:00:00,14826.422
2025-11-23 00:00:00,14500.416
2025-11-23 01:00:00,14514.063
2025-11-23 02:00:00,15108.362
2025-11-23 03:00:00,15030.471
2025-11-23 04:00:00,15115.167
2025-11-23 05:00:00,15716.097
2025-11-23 06:00:00,16168.445
2025-11-23 07:00:00,16940.893
2025-11-23 08:00:00,17619.849
2025-11-23 09:00:00,18696.763
2025-11-23 10:00:00,19624.783
2025-11-23 11:00:00,19533.854
2025-11-23 12:00:00,18473.941
2025-11-23 13:00:00,17768.58
2025-11-23 14:00:00,17736.914
2025-11-23 15:00:00,17833.074
2025-11-23 16:00:00,18260.778
2025-11-23 17:00:00,18148.484
2025-11-23 18:00:00,17371.729
2025-11-23 19:00:00,16501.165
2025-11-23 20:00:00,15665.179
2025-11-23 21:00:00,15039.433
2025-11-23 22:00:00,13365.392
2025-11-23 23:00:00,12943.962
2025-11-24 00:00:00,12335.858
2025-11-24 01:00:00,12067.406
2025-11-24 02:00:00,12010.323
2025-11-24 03:00:00,11480.612
2025-11-24 04:00:00,12949.926
2025-11-24 05:00:00,15020.53
2025-11-24 06:00:00,17482.762
2025-11-24 07:00:00,18921.794
2025-11-24 08:00:00,19615.752
2025-11-24 09:00:00,21052.287
2025-11-24 10:00:00,22487.922
2025-11-24 11:00:00,21934.016
2025-11-24 12:00:00,21478.645
2025-11-24 13:00:00,19559.186
2025-11-24 14:00:00,16739.805
2025-11-24 15:00:00,15020.279
2025-11-24 16:00:00,14667.196
2025-11-24 17:00:00,14465.411
2025-11-24 18:00:00,14461.869
2025-11-24 19:00:00,14333.32
2025-11-24 20:00:00,14060.998
2025-11-24 21:00:00,13931.686
2025-11-24 22:00:00,13159.796
2025-11-24 23:00:00,12466.251
2025-11-25 00:00:00,12314.518
2025-11-25 01:00:00,11906.633
2025-11-25 02:00:00,12117.113
2025-11-25 03:00:00,13476.869
2025-11-25 04:00:00,15510.392
2025-11-25 05:00:00,17376.601
2025-11-25 06:00:00,19231.009
2025-11-25 07:00:00,20206.982
2025-11-25 08:00:00,21021.48
2025-11-25 09:00:00,21847.459
2025-11-25 10:00:00,22417.767
2025-11-25 11:00:00,22648.156
2025-11-25 12:00:00,23411.937
2025-11-25 13:00:00,23014.66
2025-11-25 14:00:00,21975.733
2025-11-25 15:00:00,20738.857
2025-11-25 16:00:00,20184.161
2025-11-25 17:00:00,19735.643
2025-11-25 18:00:00,19097.865
2025-11-25 19:00:00,18661.775
2025-11-25 20:00:00,18279.171
2025-11-25 21:00:00,17607.019
2025-11-25 22:00:00,16865.451
2025-11-25 23:00:00,15779.825
2025-11-26 00:00:00,14946.987
2025-11-26 01:00:00,14433.891
2025-11-26 02:00:00,13898.902
2025-11-26 03:00:00,14005.197
2025-11-26 04:00:00,14816.115
2025-11-26 05:00:00,15391.639
2025-11-26 06:00:00,15574.373
2025-11-26 07:00:00,15619.709
2025-11-26 08:00:00,16553.969
2025-11-26 09:00:00,18210.92
2025-11-26 10:00:00,19232.73
2025-11-26 11:00:00,19852.486
2025-11-26 12:00:00,19929.998
2025-11-26 13:00:00,19552.613
2025-11-26 14:00:00,17887.882
2025-11-26 15:00:00,15696.879
2025-11-26 16:00:00,15685.609
2025-11-26 17:00:00,15779.176
2025-11-26 18:00:00,16301.501
2025-11-26 19:00:00,16526.134
2025-11-26 20:00:00,16854.52
2025-11-26 21:00:00,17092.955
2025-11-26 22:00:00,16736.265
2025-11-26 23:00:00,14813.294
2025-11-27 00:00:00,13611.663
2025-11-27 01:00:00,13449.302
2025-11-27 02:00:00,13206.682
2025-11-27 03:00:00,13633.781
2025-11-27 04:00:00,14731.254
2025-11-27 05:00:00,16926.318
2025-11-27 06:00:00,19481.109
2025-11-27 07:00:00,20689.083
2025-11-27 08:00:00,21078.911
2025-11-27 09:00:00,21293.8
2025-11-27 10:00:00,20962.978
2025-11-27 11:00:00,20557.084
2025-11-27 12:00:00,20405.894
2025-11-27 13:00:00,20389.789
2025-11-27 14:00:00,20226.979
2025-11-27 15:00:00,19902.195
2025-11-27 16:00:00,19622.186
2025-11-27 17:00:00,19651.494
2025-11-27 18:00:00,19252.992
2025-11-27 19:00:00,18141.399
2025-11-27 20:00:00,16899.871
2025-11-27 21:00:00,15928.935
2025-11-27 22:00:00,15169.312
2025-11-27 23:00:00,14201.499
2025-11-28 00:00:00,13963.044
2025-11-28 01:00:00,13713.692
2025-11-28 02:00:00,13633.159
2025-11-28 03:00:00,13550.468
2025-11-28 04:00:00,13777.006
2025-11-28 05:00:00,14533.662
2025-11-28 06:00:00,16947.952
2025-11-28 07:00:00,17654.532
2025-11-28 08:00:00,17368.07
2025-11-28 09:00:00,18297.239
2025-11-28 10:00:00,19429.061
2025-11-28 11:00:00,20209.086
2025-11-28 12:00:00,20055.218
2025-11-28 13:00:00,19978.128
2025-11-28 14:00:00,19692.913
2025-11-28 15:00:00,19013.361
2025-11-28 16:00:00,19292.055
2025-11-28 17:00:00,19368.886
2025-11-28 18:00:00,19201.033
2025-11-28 19:00:00,17953.77
2025-11-28 20:00:00,16478.58
2025-11-28 21:00:00,15696.105
2025-11-28 22:00:00,14019.999
2025-11-28 23:00:00,12944.473
2025-11-29 00:00:00,11655.253
2025-11-29 01:00:00,10859.681
2025-11-29 02:00:00,10138.719
2025-11-29 03:00:00,10270.136
2025-11-29 04:00:00,11210.353
2025-11-29 05:00:00,12342.329
2025-11-29 06:00:00,14450.341
2025-11-29 07:00:00,16161.632
2025-11-29 08:00:00,17590.488
2025-11-29 09:00:00,19351.013
2025-11-29 10:00:00,19496.88
2025-11-29 11:00:00,19628.408
2025-11-29 12:00:00,19221.684
2025-11-29 13:00:00,19237.314
2025-11-29 14:00:00,18075.092
2025-11-29 15:00:00,17042.855
2025-11-29 16:00:00,16812.293
2025-11-29 17:00:00,16792.355
2025-11-29 18:00:00,16324.457
2025-11-29 19:00:00,15536.604
2025-11-29 20:00:00,14345.642
2025-11-29 21:00:00,13328.257
2025-11-29 22:00:00,12391.899
2025-11-29 23:00:00,11709.076
2025-11-30 00:00:00,11538.909
2025-11-30 01:00:00,11569.068
2025-11-30 02:00:00,11357.278
2025-11-30 03:00:00,11924.883
2025-11-30 04:00:00,12039.065
2025-11-30 05:00:00,12469.495
2025-11-30 06:00:00,12359.27
2025-11-30 07:00:00,12459.632
2025-11-30 08:00:00,13075.545
2025-11-30 09:00:00,15292.772
2025-11-30 10:00:00,18897.916
2025-11-30 11:00:00,19342.35
2025-11-30 12:00:00,19202.78
2025-11-30 13:00:00,18726.074
2025-11-30 14:00:00,17234.228
2025-11-30 15:00:00,16185.636
2025-11-30 16:00:00,15955.715
2025-11-30 17:00:00,15587.197
2025-11-30 18:00:00,15456.572
2025-11-30 19:00:00,14597.926
2025-11-30 20:00:00,13850.349
2025-11-30 21:00:00,12982.691
2025-11-30 22:00:00,11634.951
2025-11-30 23:00:00,10144.606
2025-12-01 00:00:00,10277.284
2025-12-01 01:00:00,10858.234
2025-12-01 02:00:00,11513.502
2025-12-01 03:00:00,12175.582
2025-12-01 04:00:00,13232.429
2025-12-01 05:00:00,14956.045
2025-12-01 06:00:00,16766.48
2025-12-01 07:00:00,17904.682
2025-12-01 08:00:00,19606.117
2025-12-01 09:00:00,21560.022
2025-12-01 10:00:00,22148.929
2025-12-01 11:00:00,22672.743
2025-12-01 12:00:00,22530.67
2025-12-01 13:00:00,22140.42
2025-12-01 14:00:00,21490.838
2025-12-01 15:00:00,20963.857
2025-12-01 16:00:00,21057.319
2025-12-01 17:00:00,20464.575
2025-12-01 18:00:00,19494.717
2025-12-01 19:00:00,18747.072
2025-12-01 20:00:00,17419.142
2025-12-01 21:00:00,16760.748
2025-12-01 22:00:00,15933.428
2025-12-01 23:00:00,14823.722
2025-12-02 00:00:00,14749.584
2025-12-02 01:00:00,14885.403
2025-12-02 02:00:00,15155.899
2025-12-02 03:00:00,15173.052
2025-12-02 04:00:00,15184.77
2025-12-02 05:00:00,16202.2
2025-12-02 06:00:00,18740.291
2025-12-02 07:00:00,20108.34
2025-12-02 08:00:00,20155.665
2025-12-02 09:00:00,20596.115
2025-12-02 10:00:00,20842.112
2025-12-02 11:00:00,21196.696
2025-12-02 12:00:00,21035.306
2025-12-02 13:00:00,20694.809
2025-12-02 14:00:00,19743.725
2025-12-02 15:00:00,18888.444
2025-12-02 16:00:00,18577.096
2025-12-02 17:00:00,18199.498
2025-12-02 18:00:00,17942.016
2025-12-02 19:00:00,17500.426
2025-12-02 20:00:00,16935.619
2025-12-02 21:00:00,16502.192
2025-12-02 22:00:00,15867.561
2025-12-02 23:00:00,14972.906
2025-12-03 00:00:00,14868.649
2025-12-03 01:00:00,14999.715
2025-12-03 02:00:00,14862.971
2025-12-03 03:00:00,14913.138
2025-12-03 04:00:00,15343.598
2025-12-03 05:00:00,16152.177
2025-12-03 06:00:00,16718.816
2025-12-03 07:00:00,16890.726
2025-12-03 08:00:00,17211.154
2025-12-03 09:00:00,17885.249
2025-12-03 10:00:00,18545.872
2025-12-03 11:00:00,18941.902
2025-12-03 12:00:00,19440.719
2025-12-03 13:00:00,18686.138
2025-12-03 14:00:00,17946.862
2025-12-03 15:00:00,17090.346
2025-12-03 16:00:00,16855.2
2025-12-03 17:00:00,16790.77
2025-12-03 18:00:00,16858.983
2025-12-03 19:00:00,17055.941
2025-12-03 20:00:00,16893.546
2025-12-03 21:00:00,16141.453
2025-12-03 22:00:00,15377.345
2025-12-03 23:00:00,15382.783
2025-12-04 00:00:00,14924.964
2025-12-04 01:00:00,14638.878
2025-12-04 02:00:00,14571.011
2025-12-04 03:00:00,14873.997
2025-12-04 04:00:00,15845.755
2025-12-04 05:00:00,17554.007
2025-12-04 06:00:00,19086.369
2025-12-04 07:00:00,19535.835
2025-12-04 08:00:00,20157.238
2025-12-04 09:00:00,22380.228
2025-12-04 10:00:00,24163.517
2025-12-04 11:00:00,26237.76
2025-12-04 12:00:00,27032.844
2025-12-04 13:00:00,26221.671
2025-12-04 14:00:00,23151.116
2025-12-04 15:00:00,21932.717
2025-12-04 16:00:00,22350.434
2025-12-04 17:00:00,21768.004
2025-12-04 18:00:00,21297.462
2025-12-04 19:00:00,20835.759
2025-12-04 20:00:00,19305.085
2025-12-04 21:00:00,17765.591
2025-12-04 22:00:00,16462.258
2025-12-04 23:00:00,15602.424
2025-12-05 00:00:00,14560.834
2025-12-05 01:00:00,13933.303
2025-12-05 02:00:00,13618.946
2025-12-05 03:00:00,13922.097
2025-12-05 04:00:00,14675.125
2025-12-05 05:00:00,15936.941
2025-12-05 06:00:00,16588.408
2025-12-05 07:00:00,16916.473
2025-12-05 08:00:00,17387.415
2025-12-05 09:00:00,18680.641
2025-12-05 10:00:00,19299.799
2025-12-05 11:00:00,19775.073
2025-12-05 12:00:00,19812.216
2025-12-05 13:00:00,20018.695
2025-12-05 14:00:00,19626.998
2025-12-05 15:00:00,19843.298
2025-12-05 16:00:00,20520.726
2025-12-05 17:00:00,20615.645
2025-12-05 18:00:00,20296.96
2025-12-05 19:00:00,19043.82
2025-12-05 20:00:00,18078.946
2025-12-05 21:00:00,17005.425
2025-12-05 22:00:00,15414.187
2025-12-05 23:00:00,13523.407
2025-12-06 00:00:00,13060.07
2025-12-06 01:00:00,13555.385
2025-12-06 02:00:00,13816.393
2025-12-06 03:00:00,14108.774
2025-12-06 04:00:00,14092.162
2025-12-06 05:00:00,14003.918
2025-12-06 06:00:00,14578.792
2025-12-06 07:00:00,14834.453
2025-12-06 08:00:00,15103.607
2025-12-06 09:00:00,15954.711
2025-12-06 10:00:00,16023.563
2025-12-06 11:00:00,16233.682
2025-12-06 12:00:00,16104.486
2025-12-06 13:00:00,15822.986
2025-12-06 14:00:00,15032.265
2025-12-06 15:00:00,14702.456
2025-12-06 16:00:00,14612.683
2025-12-06 17:00:00,14165.238
2025-12-06 18:00:00,14019.764
2025-12-06 19:00:00,14176.454
2025-12-06 20:00:00,13822.762
2025-12-06 21:00:00,13298.047
2025-12-06 22:00:00,13045.728
2025-12-06 23:00:00,12510.607
2025-12-07 00:00:00,12171.081
2025-12-07 01:00:00,11981.897
2025-12-07 02:00:00,11590.254
2025-12-07 03:00:00,11063.321
2025-12-07 04:00:00,10327.177
2025-12-07 05:00:00,9629.172
2025-12-07 06:00:00,10266.628
2025-12-07 07:00:00,11654.622
2025-12-07 08:00:00,13325.719
2025-12-07 09:00:00,14567.654
2025-12-07 10:00:00,15239.453
2025-12-07 11:00:00,15455.012
2025-12-07 12:00:00,15619.49
2025-12-07 13:00:00,15283.641
2025-12-07 14:00:00,14831.179
2025-12-07 15:00:00,15110.632
2025-12-07 16:00:00,15746.271
2025-12-07 17:00:00,16007.114
2025-12-07 18:00:00,15430.413
2025-12-07 19:00:00,14595.443
2025-12-07 20:00:00,14366.036
2025-12-07 21:00:00,14192.451
2025-12-07 22:00:00,14118.429
2025-12-07 23:00:00,13950.653
2025-12-08 00:00:00,13791.393
2025-12-08 01:00:00,13015.115
2025-12-08 02:00:00,12004.312
2025-12-08 03:00:00,11773.129
2025-12-08 04:00:00,11583.126
2025-12-08 05:00:00,12328.961
2025-12-08 06:00:00,12865.898
2025-12-08 07:00:00,14358.076
2025-12-08 08:00:00,15242.185
2025-12-08 09:00:00,16095.525
2025-12-08 10:00:00,17104.334
2025-12-08 11:00:00,16863.196
2025-12-08 12:00:00,17294.464
2025-12-08 13:00:00,17631.386
2025-12-08 14:00:00,17896.292
2025-12-08 15:00:00,17329.257
2025-12-08 16:00:00,16555.333
2025-12-08 17:00:00,15991.441
2025-12-08 18:00:00,15740.699
2025-12-08 19:00:00,14887.339
2025-12-08 20:00:00,13548.29
2025-12-08 21:00:00,12639.417
2025-12-08 22:00:00,11608.335
2025-12-08 23:00:00,10518.492
2025-12-09 00:00:00,10008.977
2025-12-09 01:00:00,9631.784
2025-12-09 02:00:00,9345.698
2025-12-09 03:00:00,9741.031
2025-12-09 04:00:00,10524.006
2025-12-09 05:00:00,13514.257
2025-12-09 06:00:00,16019.705
2025-12-09 07:00:00,16676.617
2025-12-09 08:00:00,16740.721
2025-12-09 09:00:00,17183.397
2025-12-09 10:00:00,18931.555
2025-12-09 11:00:00,19614.865
2025-12-09 12:00:00,20089.976
2025-12-09 13:00:00,19938.567
2025-12-09 14:00:00,19432.029
2025-12-09 15:00:00,18612.195
2025-12-09 16:00:00,18783.648
2025-12-09 17:00:00,18777.911
2025-12-09 18:00:00,18623.589
2025-12-09 19:00:00,16021.199
2025-12-09 20:00:00,14580.434
2025-12-09 21:00:00,13796.844
2025-12-09 22:00:00,13399.272
2025-12-09 23:00:00,12835.587
2025-12-10 00:00:00,12565.201
2025-12-10 01:00:00,12446.276
2025-12-10 02:00:00,11781.853
2025-12-10 03:00:00,11023.424
2025-12-10 04:00:00,11165.572
2025-12-10 05:00:00,12354.182
2025-12-10 06:00:00,14888.521
2025-12-10 07:00:00,15897.643
2025-12-10 08:00:00,16431.186
2025-12-10 09:00:00,17578.978
2025-12-10 10:00:00,18436.039
2025-12-10 11:00:00,19500.551
2025-12-10 12:00:00,19821.612
2025-12-10 13:00:00,19919.725
2025-12-10 14:00:00,19241.403
2025-12-10 15:00:00,18748.186
2025-12-10 16:00:00,18709.248
2025-12-10 17:00:00,18549.687
2025-12-10 18:00:00,17836.288
2025-12-10 19:00:00,16290.23
2025-12-10 20:00:00,13987.25
2025-12-10 21:00:00,12445.64
2025-12-10 22:00:00,10655.409
2025-12-10 23:00:00,10329.245
2025-12-11 00:00:00,10341.179
2025-12-11 01:00:00,10260.404
2025-12-11 02:00:00,10048.565
2025-12-11 03:00:00,10108.592
2025-12-11 04:00:00,10673.148
2025-12-11 05:00:00,12536.981
2025-12-11 06:00:00,15556.623
2025-12-11 07:00:00,16777.508
2025-12-11 08:00:00,17339.004
2025-12-11 09:00:00,18246.684
2025-12-11 10:00:00,19291.515
2025-12-11 11:00:00,20287.336
2025-12-11 12:00:00,20358.091
2025-12-11 13:00:00,19209.161
2025-12-11 14:00:00,17668.989
2025-12-11 15:00:00,15687.576
2025-12-11 16:00:00,15930.122
2025-12-11 17:00:00,16562.851
2025-12-11 18:00:00,16834.496
2025-12-11 19:00:00,16518.996
2025-12-11 20:00:00,15223.235
2025-12-11 21:00:00,14006.684
2025-12-11 22:00:00,13121.064
2025-12-11 23:00:00,12268.785
2025-12-12 00:00:00,12065.137
2025-12-12 01:00:00,12065.49
2025-12-12 02:00:00,12750.534
2025-12-12 03:00:00,13393.164
2025-12-12 04:00:00,14247.392
2025-12-12 05:00:00,15426.352
2025-12-12 06:00:00,16278.545
2025-12-12 07:00:00,16643.847
2025-12-12 08:00:00,16576.316
2025-12-12 09:00:00,17210.267
2025-12-12 10:00:00,17925.205
2025-12-12 11:00:00,18347.76
2025-12-12 12:00:00,17963.436
2025-12-12 13:00:00,17398.377
2025-12-12 14:00:00,16844.319
2025-12-12 15:00:00,16826.977
2025-12-12 16:00:00,16957.319
2025-12-12 17:00:00,16981.267
2025-12-12 18:00:00,17254.817
2025-12-12 19:00:00,17524.977
2025-12-12 20:00:00,16533.318
2025-12-12 21:00:00,15688.997
2025-12-12 22:00:00,15173.232
2025-12-12 23:00:00,14769.345
2025-12-13 00:00:00,14586.894
2025-12-13 01:00:00,14086.91
2025-12-13 02:00:00,13860.912
2025-12-13 03:00:00,13164.068
2025-12-13 04:00:00,12656.245
2025-12-13 05:00:00,12086.218
2025-12-13 06:00:00,12067.312
2025-12-13 07:00:00,12578.836
2025-12-13 08:00:00,13542.729
2025-12-13 09:00:00,14784.315
2025-12-13 10:00:00,16406.868
2025-12-13 11:00:00,17257.52
2025-12-13 12:00:00,18482.614
2025-12-13 13:00:00,18787.272
2025-12-13 14:00:00,16905.811
2025-12-13 15:00:00,13793.709
2025-12-13 16:00:00,13951.99
2025-12-13 17:00:00,14138.781
2025-12-13 18:00:00,14263.273
2025-12-13 19:00:00,14015.98
2025-12-13 20:00:00,13748.15
2025-12-13 21:00:00,13389.227
2025-12-13 22:00:00,12428.932
2025-12-13 23:00:00,11065.34
2025-12-14 00:00:00,10089.561
2025-12-14 01:00:00,10073.597
2025-12-14 02:00:00,10290.944
2025-12-14 03:00:00,10620.898
2025-12-14 04:00:00,11448.493
2025-12-14 05:00:00,12327.073
2025-12-14 06:00:00,13478.516
2025-12-14 07:00:00,14299.569
2025-12-14 08:00:00,14918.406
2025-12-14 09:00:00,16492.065
2025-12-14 10:00:00,18424.429
2025-12-14 11:00:00,19509.582
2025-12-14 12:00:00,19134.964
2025-12-14 13:00:00,18060.513
2025-12-14 14:00:00,17256.478
2025-12-14 15:00:00,16682.672
2025-12-14 16:00:00,16474.362
2025-12-14 17:00:00,16649.767
2025-12-14 18:00:00,16353.971
2025-12-14 19:00:00,15619.963
2025-12-14 20:00:00,13963.892
2025-12-14 21:00:00,14063.075
2025-12-14 22:00:00,13965.958
2025-12-14 23:00:00,13605.659
2025-12-15 00:00:00,13595.709
2025-12-15 01:00:00,13086.591
2025-12-15 02:00:00,12675.584
2025-12-15 03:00:00,13147.11
2025-12-15 04:00:00,13859.259
2025-12-15 05:00:00,15355.571
2025-12-15 06:00:00,17731.552
2025-12-15 07:00:00,19024.406
2025-12-15 08:00:00,19477.713
2025-12-15 09:00:00,21154.903
2025-12-15 10:00:00,21764.511
2025-12-15 11:00:00,22889.859
2025-12-15 12:00:00,23192.948
2025-12-15 13:00:00,22545.168
2025-12-15 14:00:00,21066.008
2025-12-15 15:00:00,17278.297
2025-12-15 16:00:00,16171.68
2025-12-15 17:00:00,16289.932
2025-12-15 18:00:00,16562.591
2025-12-15 19:00:00,16004.571
2025-12-15 20:00:00,14600.939
2025-12-15 21:00:00,13166.24
2025-12-15 22:00:00,12034.805
2025-12-15 23:00:00,11839.336
2025-12-16 00:00:00,11775.973
2025-12-16 01:00:00,11724.631
2025-12-16 02:00:00,11909.055
2025-12-16 03:00:00,11911.897
2025-12-16 04:00:00,12573.44
2025-12-16 05:00:00,13889.325
2025-12-16 06:00:00,16092.876
2025-12-16 07:00:00,16866.153
2025-12-16 08:00:00,18001.207
2025-12-16 09:00:00,19669.157
2025-12-16 10:00:00,20221.416
2025-12-16 11:00:00,20341.075
2025-12-16 12:00:00,19772.656
2025-12-16 13:00:00,18538.183
2025-12-16 14:00:00,17256.053
2025-12-16 15:00:00,15849.651
2025-12-16 16:00:00,15722.157
2025-12-16 17:00:00,15483.184
2025-12-16 18:00:00,15374.196
2025-12-16 19:00:00,15168.927
2025-12-16 20:00:00,14875.941
2025-12-16 21:00:00,14240.852
2025-12-16 22:00:00,13748.509
2025-12-16 23:00:00,13391.606
2025-12-17 00:00:00,13199.835
2025-12-17 01:00:00,13185.065
2025-12-17 02:00:00,13070.853
2025-12-17 03:00:00,13249.406
2025-12-17 04:00:00,13712.555
2025-12-17 05:00:00,14586.273
2025-12-17 06:00:00,15374.176
2025-12-17 07:00:00,15375.979
2025-12-17 08:00:00,15437.183
2025-12-17 09:00:00,16140.054
2025-12-17 10:00:00,16856.518
2025-12-17 11:00:00,17614.566
2025-12-17 12:00:00,17951.503
2025-12-17 13:00:00,18225.552
2025-12-17 14:00:00,18351.715
2025-12-17 15:00:00,18128.714
2025-12-17 16:00:00,18690.963
2025-12-17 17:00:00,18774.359
2025-12-17 18:00:00,18166.25
2025-12-17 19:00:00,16941.423
2025-12-17 20:00:00,16561.36
2025-12-17 21:00:00,15429.709
2025-12-17 22:00:00,13769.36
2025-12-17 23:00:00,12931.399
2025-12-18 00:00:00,13031.52
2025-12-18 01:00:00,13031.007
2025-12-18 02:00:00,13192.747
2025-12-18 03:00:00,13591.183
2025-12-18 04:00:00,14026.191
2025-12-18 05:00:00,14736.935
2025-12-18 06:00:00,15711.771
2025-12-18 07:00:00,16505.336
2025-12-18 08:00:00,16744.675
2025-12-18 09:00:00,16920.777
2025-12-18 10:00:00,17418.772
2025-12-18 11:00:00,17847.687
2025-12-18 12:00:00,18362.871
2025-12-18 13:00:00,17691.619
2025-12-18 14:00:00,16387.277
2025-12-18 15:00:00,15448.906
2025-12-18 16:00:00,15926.861
2025-12-18 17:00:00,16063.267
2025-12-18 18:00:00,15227.305
2025-12-18 19:00:00,14474.194
2025-12-18 20:00:00,14221.096
2025-12-18 21:00:00,13975.797
2025-12-18 22:00:00,13672.152
2025-12-18 23:00:00,13587.482
2025-12-19 00:00:00,13307.026
2025-12-19 01:00:00,12821.681
2025-12-19 02:00:00,12605.748
2025-12-19 03:00:00,11788.373
2025-12-19 04:00:00,10699.142
2025-12-19 05:00:00,9946.362
2025-12-19 06:00:00,11976.972
2025-12-19 07:00:00,13362.745
2025-12-19 08:00:00,13793.976
2025-12-19 09:00:00,14196.118
2025-12-19 10:00:00,15454.855
2025-12-19 11:00:00,16835.27
2025-12-19 12:00:00,17668.394
2025-12-19 13:00:00,17552.698
2025-12-19 14:00:00,16850.529
2025-12-19 15:00:00,16243.424
2025-12-19 16:00:00,16231.247
2025-12-19 17:00:00,16042.655
2025-12-19 18:00:00,15683.535
2025-12-19 19:00:00,15010.264
2025-12-19 20:00:00,14259.561
2025-12-19 21:00:00,13309.039
2025-12-19 22:00:00,12651.986
2025-12-19 23:00:00,12463.183
2025-12-20 00:00:00,12285.512
2025-12-20 01:00:00,12349.971
2025-12-20 02:00:00,11894.61
2025-12-20 03:00:00,11703.067
2025-12-20 04:00:00,12057.823
2025-12-20 05:00:00,12263.568
2025-12-20 06:00:00,13111.946
2025-12-20 07:00:00,13437.328
2025-12-20 08:00:00,13793.721
2025-12-20 09:00:00,14995.014
2025-12-20 10:00:00,16222.724
2025-12-20 11:00:00,16033.969
2025-12-20 12:00:00,15495.262
2025-12-20 13:00:00,15461.114
2025-12-20 14:00:00,15130.341
2025-12-20 15:00:00,14973.796
2025-12-20 16:00:00,15405.869
2025-12-20 17:00:00,15794.055
2025-12-20 18:00:00,16061.276
2025-12-20 19:00:00,15370.996
2025-12-20 20:00:00,14353.425
2025-12-20 21:00:00,13191.613
2025-12-20 22:00:00,11821.011
2025-12-20 23:00:00,11364.726
2025-12-21 00:00:00,10933.11
2025-12-21 01:00:00,10421.512
2025-12-21 02:00:00,10262.279
2025-12-21 03:00:00,9905.073
2025-12-21 04:00:00,9830.842
2025-12-21 05:00:00,10067.129
2025-12-21 06:00:00,10906.892
2025-12-21 07:00:00,11877.828
2025-12-21 08:00:00,12337.713
2025-12-21 09:00:00,13491.8
2025-12-21 10:00:00,15034.381
2025-12-21 11:00:00,16044.057
2025-12-21 12:00:00,15586.068
2025-12-21 13:00:00,15456.272
2025-12-21 14:00:00,14407.207
2025-12-21 15:00:00,13042.104
2025-12-21 16:00:00,13428.185
2025-12-21 17:00:00,13623.289
2025-12-21 18:00:00,13252.664
2025-12-21 19:00:00,12835.624
2025-12-21 20:00:00,12101.163
2025-12-21 21:00:00,12083.991
2025-12-21 22:00:00,11961.012
2025-12-21 23:00:00,11922.734
2025-12-22 00:00:00,11555.424
2025-12-22 01:00:00,11127.517
2025-12-22 02:00:00,10522.236
2025-12-22 03:00:00,10248.069
2025-12-22 04:00:00,10362.269
2025-12-22 05:00:00,11646.697
2025-12-22 06:00:00,13561.697
2025-12-22 07:00:00,15559.151
2025-12-22 08:00:00,16364.244
2025-12-22 09:00:00,18099.729
2025-12-22 10:00:00,18860.812
2025-12-22 11:00:00,19258.261
2025-12-22 12:00:00,19138.257
2025-12-22 13:00:00,18302.197
2025-12-22 14:00:00,17571.713
2025-12-22 15:00:00,17028.725
2025-12-22 16:00:00,17390.706
2025-12-22 17:00:00,17615.509
2025-12-22 18:00:00,16879.467
2025-12-22 19:00:00,15936.605
2025-12-22 20:00:00,15317.783
2025-12-22 21:00:00,13839.801
2025-12-22 22:00:00,12875.108
2025-12-22 23:00:00,12178.13
2025-12-23 00:00:00,11449.071
2025-12-23 01:00:00,11798.071
2025-12-23 02:00:00,12531.964
2025-12-23 03:00:00,12695.626
2025-12-23 04:00:00,13079.15
2025-12-23 05:00:00,13809.567
2025-12-23 06:00:00,14698.218
2025-12-23 07:00:00,15738.58
2025-12-23 08:00:00,16049.656
2025-12-23 09:00:00,16817.312
2025-12-23 10:00:00,17470.001
2025-12-23 11:00:00,17750.958
2025-12-23 12:00:00,18163.884
2025-12-23 13:00:00,18268.342
2025-12-23 14:00:00,17912.266
2025-12-23 15:00:00,17562.069
2025-12-23 16:00:00,17677.27
2025-12-23 17:00:00,17443.97
2025-12-23 18:00:00,16850.148
2025-12-23 19:00:00,15858.879
2025-12-23 20:00:00,15038.513
2025-12-23 21:00:00,14662.153
2025-12-23 22:00:00,14220.262
2025-12-23 23:00:00,13420.046
2025-12-24 00:00:00,13060.922
2025-12-24 01:00:00,12841.136
2025-12-24 02:00:00,12999.967
2025-12-24 03:00:00,13082.411
2025-12-24 04:00:00,13191.204
2025-12-24 05:00:00,13534.899
2025-12-24 06:00:00,14337.003
2025-12-24 07:00:00,14878.152
2025-12-24 08:00:00,15418.472
2025-12-24 09:00:00,19215.377
2025-12-24 10:00:00,22632.946
2025-12-24 11:00:00,23982.805
2025-12-24 12:00:00,24103.137
2025-12-24 13:00:00,23157.026
2025-12-24 14:00:00,21136.186
2025-12-24 15:00:00,16052.561
2025-12-24 16:00:00,14894.965
2025-12-24 17:00:00,14997.252
2025-12-24 18:00:00,15343.596
2025-12-24 19:00:00,15331.466
2025-12-24 20:00:00,15459.304
2025-12-24 21:00:00,15154.215
2025-12-24 22:00:00,14953.619
2025-12-24 23:00:00,14977.143
2025-12-25 00:00:00,14900.848
2025-12-25 01:00:00,14707.946
2025-12-25 02:00:00,14630.813
2025-12-25 03:00:00,14871.471
2025-12-25 04:00:00,14907.68
2025-12-25 05:00:00,15666.271
2025-12-25 06:00:00,16197.269
2025-12-25 07:00:00,16487.422
2025-12-25 08:00:00,17816.971
2025-12-25 09:00:00,21891.929
2025-12-25 10:00:00,25105.671
2025-12-25 11:00:00,26015.075
2025-12-25 12:00:00,25682.203
2025-12-25 13:00:00,24269.146
2025-12-25 14:00:00,23598.865
2025-12-25 15:00:00,19346.319
2025-12-25 16:00:00,18793.149
2025-12-25 17:00:00,18925.764
2025-12-25 18:00:00,18796.096
2025-12-25 19:00:00,18684.248
2025-12-25 20:00:00,18100.695
2025-12-25 21:00:00,17157.855
2025-12-25 22:00:00,15960.985
2025-12-25 23:00:00,15648.013
2025-12-26 00:00:00,14728.665
2025-12-26 01:00:00,14115.79
2025-12-26 02:00:00,13621.952
2025-12-26 03:00:00,13633.065
2025-12-26 04:00:00,14415.018
2025-12-26 05:00:00,15333.757
2025-12-26 06:00:00,16373.318
2025-12-26 07:00:00,16792.938
2025-12-26 08:00:00,16464.95
2025-12-26 09:00:00,20534.308
2025-12-26 10:00:00,24790.222
2025-12-26 11:00:00,25961.568
2025-12-26 12:00:00,25930.564
2025-12-26 13:00:00,24277.966
2025-12-26 14:00:00,21495.102
2025-12-26 15:00:00,17028.596
2025-12-26 16:00:00,16929.438
2025-12-26 17:00:00,16625.388
2025-12-26 18:00:00,16284.148
2025-12-26 19:00:00,15495.225
2025-12-26 20:00:00,15188.542
2025-12-26 21:00:00,15129.591
2025-12-26 22:00:00,14707.731
2025-12-26 23:00:00,14262.141
2025-12-27 00:00:00,13757.344
2025-12-27 01:00:00,12818.523
2025-12-27 02:00:00,11811.446
2025-12-27 03:00:00,11922.656
2025-12-27 04:00:00,11953.465
2025-12-27 05:00:00,12572.859
2025-12-27 06:00:00,12970.104
2025-12-27 07:00:00,13734.608
2025-12-27 08:00:00,14298.249
2025-12-27 09:00:00,15137.605
2025-12-27 10:00:00,14719.244
2025-12-27 11:00:00,15133.673
2025-12-27 12:00:00,15098.837
2025-12-27 13:00:00,15117.53
2025-12-27 14:00:00,15453.978
2025-12-27 15:00:00,15791.604
2025-12-27 16:00:00,15959.761
2025-12-27 17:00:00,15764.023
2025-12-27 18:00:00,15562.658
2025-12-27 19:00:00,15073.605
2025-12-27 20:00:00,14385.251
2025-12-27 21:00:00,12981.499
2025-12-27 22:00:00,10998.41
2025-12-27 23:00:00,9959.706
2025-12-28 00:00:00,9537.61
2025-12-28 01:00:00,9737.69
2025-12-28 02:00:00,9575.797
2025-12-28 03:00:00,9410.242
2025-12-28 04:00:00,8970.312
2025-12-28 05:00:00,9018.251
2025-12-28 06:00:00,9528.999
2025-12-28 07:00:00,10126.891
2025-12-28 08:00:00,10692.04
2025-12-28 09:00:00,13311.845
2025-12-28 10:00:00,15787.859
2025-12-28 11:00:00,16766.518
2025-12-28 12:00:00,17107.68
2025-12-28 13:00:00,16927.454
2025-12-28 14:00:00,16739.743
2025-12-28 15:00:00,13306.796
2025-12-28 16:00:00,12614.413
2025-12-28 17:00:00,12466.006
2025-12-28 18:00:00,12486.061
2025-12-28 19:00:00,12273.104
2025-12-28 20:00:00,12111.408
2025-12-28 21:00:00,11611.032
2025-12-28 22:00:00,10630.238
2025-12-28 23:00:00,10512.776
2025-12-29 00:00:00,10688.607
2025-12-29 01:00:00,10814.431
2025-12-29 02:00:00,10859.384
2025-12-29 03:00:00,11251.684
2025-12-29 04:00:00,11652.919
2025-12-29 05:00:00,11830.511
2025-12-29 06:00:00,13303.106
2025-12-29 07:00:00,13832.254
2025-12-29 08:00:00,14001.571
2025-12-29 09:00:00,14247.294
2025-12-29 10:00:00,14553.565
2025-12-29 11:00:00,14927.719
2025-12-29 12:00:00,15241.458
2025-12-29 13:00:00,16305.085
2025-12-29 14:00:00,15836.009
2025-12-29 15:00:00,15445.422
2025-12-29 16:00:00,15543.722
2025-12-29 17:00:00,15700.031
2025-12-29 18:00:00,15610.99
2025-12-29 19:00:00,14888.671
2025-12-29 20:00:00,13967.893
2025-12-29 21:00:00,12348.238
2025-12-29 22:00:00,11711.818
2025-12-29 23:00:00,11364.597
2025-12-30 00:00:00,11042.049
2025-12-30 01:00:00,10698.935
2025-12-30 02:00:00,10942.713
2025-12-30 03:00:00,10869.12
2025-12-30 04:00:00,10977.462
2025-12-30 05:00:00,11882.845
2025-12-30 06:00:00,12670.169
2025-12-30 07:00:00,13159.679
2025-12-30 08:00:00,13407.446
2025-12-30 09:00:00,16702.598
2025-12-30 10:00:00,17275.541
2025-12-30 11:00:00,17718.41
2025-12-30 12:00:00,17235.009
2025-12-30 13:00:00,17562.791
2025-12-30 14:00:00,17737.115
2025-12-30 15:00:00,14292.836
2025-12-30 16:00:00,13956.15
2025-12-30 17:00:00,13741.489
2025-12-30 18:00:00,13738.145
2025-12-30 19:00:00,13466.902
2025-12-30 20:00:00,12932.366
2025-12-30 21:00:00,12640.012
2025-12-30 22:00:00,11400.938
2025-12-30 23:00:00,10774.883
2025-12-31 00:00:00,10139.498
2025-12-31 01:00:00,9844.196
2025-12-31 02:00:00,9946.919
2025-12-31 03:00:00,9695.728
2025-12-31 04:00:00,10499.008
2025-12-31 05:00:00,11566.165
2025-12-31 06:00:00,12555.889
2025-12-31 07:00:00,13412.495
2025-12-31 08:00:00,14695.649
2025-12-31 09:00:00,16996.274
2025-12-31 10:00:00,18628.344
2025-12-31 11:00:00,19587.117
2025-12-31 12:00:00,19965.477
2025-12-31 13:00:00,19580.857
2025-12-31 14:00:00,18469.6
2025-12-31 15:00:00,17428.819
2025-12-31 16:00:00,16342.143
2025-12-31 17:00:00,16065.259
2025-12-31 18:00:00,15789.256
2025-12-31 19:00:00,14983.598
2025-12-31 20:00:00,14115.072
2025-12-31 21:00:00,13482.464
2025-12-31 22:00:00,13354.356
