nodes,NLD
techs,wind_offshore
2025-01-01 00:00:00,0.974
2025-01-01 01:00:00,0.9687
2025-01-01 02:00:00,0.9646
2025-01-01 03:00:00,0.9625
2025-01-01 04:00:00,0.9584
2025-01-01 05:00:00,0.953
2025-01-01 06:00:00,0.9545
2025-01-01 07:00:00,0.9575
2025-01-01 08:00:00,0.9616
2025-01-01 09:00:00,0.9667
2025-01-01 10:00:00,0.9719
2025-01-01 11:00:00,0.977
2025-01-01 12:00:00,0.9821
2025-01-01 13:00:00,0.9848
2025-01-01 14:00:00,0.9849
2025-01-01 15:00:00,0.9839
2025-01-01 16:00:00,0.9784
2025-01-01 17:00:00,0.9614
2025-01-01 18:00:00,0.9317
2025-01-01 19:00:00,0.9047
2025-01-01 20:00:00,0.8762
2025-01-01 21:00:00,0.8357
2025-01-01 22:00:00,0.8266
2025-01-01 23:00:00,0.8938
2025-01-02 00:00:00,0.9529
2025-01-02 01:00:00,0.9782
2025-01-02 02:00:00,0.9861
2025-01-02 03:00:00,0.9861
2025-01-02 04:00:00,0.9878
2025-01-02 05:00:00,0.9595
2025-01-02 06:00:00,0.9528
2025-01-02 07:00:00,0.9408
2025-01-02 08:00:00,0.8882
2025-01-02 09:00:00,0.8657
2025-01-02 10:00:00,0.8446
2025-01-02 11:00:00,0.8247
2025-01-02 12:00:00,0.76
2025-01-02 13:00:00,0.7172
2025-01-02 14:00:00,0.7869
2025-01-02 15:00:00,0.8826
2025-01-02 16:00:00,0.9546
2025-01-02 17:00:00,0.9709
2025-01-02 18:00:00,0.9557
2025-01-02 19:00:00,0.9451
2025-01-02 20:00:00,0.9348
2025-01-02 21:00:00,0.9025
2025-01-02 22:00:00,0.868
2025-01-02 23:00:00,0.8094
2025-01-03 00:00:00,0.8524
2025-01-03 01:00:00,0.9196
2025-01-03 02:00:00,0.9357
2025-01-03 03:00:00,0.9487
2025-01-03 04:00:00,0.9702
2025-01-03 05:00:00,0.9855
2025-01-03 06:00:00,0.989
2025-01-03 07:00:00,0.986
2025-01-03 08:00:00,0.9797
2025-01-03 09:00:00,0.9707
2025-01-03 10:00:00,0.9569
2025-01-03 11:00:00,0.9321
2025-01-03 12:00:00,0.8911
2025-01-03 13:00:00,0.8322
2025-01-03 14:00:00,0.7473
2025-01-03 15:00:00,0.6515
2025-01-03 16:00:00,0.5764
2025-01-03 17:00:00,0.5541
2025-01-03 18:00:00,0.5697
2025-01-03 19:00:00,0.5939
2025-01-03 20:00:00,0.6235
2025-01-03 21:00:00,0.6558
2025-01-03 22:00:00,0.6755
2025-01-03 23:00:00,0.6905
2025-01-04 00:00:00,0.6984
2025-01-04 01:00:00,0.686
2025-01-04 02:00:00,0.6444
2025-01-04 03:00:00,0.5803
2025-01-04 04:00:00,0.5156
2025-01-04 05:00:00,0.4613
2025-01-04 06:00:00,0.4149
2025-01-04 07:00:00,0.3626
2025-01-04 08:00:00,0.3219
2025-01-04 09:00:00,0.2716
2025-01-04 10:00:00,0.2082
2025-01-04 11:00:00,0.1402
2025-01-04 12:00:00,0.1268
2025-01-04 13:00:00,0.1537
2025-01-04 14:00:00,0.1936
2025-01-04 15:00:00,0.2635
2025-01-04 16:00:00,0.3331
2025-01-04 17:00:00,0.4299
2025-01-04 18:00:00,0.5275
2025-01-04 19:00:00,0.6445
2025-01-04 20:00:00,0.748
2025-01-04 21:00:00,0.8378
2025-01-04 22:00:00,0.9032
2025-01-04 23:00:00,0.9375
2025-01-05 00:00:00,0.9548
2025-01-05 01:00:00,0.961
2025-01-05 02:00:00,0.9576
2025-01-05 03:00:00,0.9499
2025-01-05 04:00:00,0.9289
2025-01-05 05:00:00,0.9102
2025-01-05 06:00:00,0.8875
2025-01-05 07:00:00,0.839
2025-01-05 08:00:00,0.7832
2025-01-05 09:00:00,0.7329
2025-01-05 10:00:00,0.7037
2025-01-05 11:00:00,0.714
2025-01-05 12:00:00,0.7427
2025-01-05 13:00:00,0.7813
2025-01-05 14:00:00,0.8153
2025-01-05 15:00:00,0.831
2025-01-05 16:00:00,0.8407
2025-01-05 17:00:00,0.8567
2025-01-05 18:00:00,0.8765
2025-01-05 19:00:00,0.8913
2025-01-05 20:00:00,0.8965
2025-01-05 21:00:00,0.898
2025-01-05 22:00:00,0.8936
2025-01-05 23:00:00,0.8844
2025-01-06 00:00:00,0.877
2025-01-06 01:00:00,0.8773
2025-01-06 02:00:00,0.8866
2025-01-06 03:00:00,0.8995
2025-01-06 04:00:00,0.912
2025-01-06 05:00:00,0.9203
2025-01-06 06:00:00,0.9227
2025-01-06 07:00:00,0.9209
2025-01-06 08:00:00,0.9153
2025-01-06 09:00:00,0.9086
2025-01-06 10:00:00,0.9061
2025-01-06 11:00:00,0.9065
2025-01-06 12:00:00,0.9091
2025-01-06 13:00:00,0.9121
2025-01-06 14:00:00,0.9149
2025-01-06 15:00:00,0.9194
2025-01-06 16:00:00,0.9242
2025-01-06 17:00:00,0.9278
2025-01-06 18:00:00,0.9278
2025-01-06 19:00:00,0.9258
2025-01-06 20:00:00,0.9219
2025-01-06 21:00:00,0.9188
2025-01-06 22:00:00,0.9155
2025-01-06 23:00:00,0.9137
2025-01-07 00:00:00,0.9147
2025-01-07 01:00:00,0.9176
2025-01-07 02:00:00,0.9208
2025-01-07 03:00:00,0.9199
2025-01-07 04:00:00,0.915
2025-01-07 05:00:00,0.9064
2025-01-07 06:00:00,0.8966
2025-01-07 07:00:00,0.8857
2025-01-07 08:00:00,0.8674
2025-01-07 09:00:00,0.838
2025-01-07 10:00:00,0.8017
2025-01-07 11:00:00,0.7666
2025-01-07 12:00:00,0.7462
2025-01-07 13:00:00,0.7426
2025-01-07 14:00:00,0.7481
2025-01-07 15:00:00,0.7522
2025-01-07 16:00:00,0.7524
2025-01-07 17:00:00,0.7545
2025-01-07 18:00:00,0.7645
2025-01-07 19:00:00,0.7824
2025-01-07 20:00:00,0.8038
2025-01-07 21:00:00,0.8346
2025-01-07 22:00:00,0.8691
2025-01-07 23:00:00,0.8961
2025-01-08 00:00:00,0.9152
2025-01-08 01:00:00,0.9244
2025-01-08 02:00:00,0.9257
2025-01-08 03:00:00,0.9256
2025-01-08 04:00:00,0.9268
2025-01-08 05:00:00,0.9301
2025-01-08 06:00:00,0.9365
2025-01-08 07:00:00,0.9453
2025-01-08 08:00:00,0.9525
2025-01-08 09:00:00,0.9586
2025-01-08 10:00:00,0.9624
2025-01-08 11:00:00,0.9629
2025-01-08 12:00:00,0.9617
2025-01-08 13:00:00,0.9605
2025-01-08 14:00:00,0.9618
2025-01-08 15:00:00,0.9655
2025-01-08 16:00:00,0.9696
2025-01-08 17:00:00,0.9715
2025-01-08 18:00:00,0.9712
2025-01-08 19:00:00,0.9695
2025-01-08 20:00:00,0.9668
2025-01-08 21:00:00,0.961
2025-01-08 22:00:00,0.9515
2025-01-08 23:00:00,0.94
2025-01-09 00:00:00,0.9267
2025-01-09 01:00:00,0.9133
2025-01-09 02:00:00,0.8982
2025-01-09 03:00:00,0.8824
2025-01-09 04:00:00,0.8685
2025-01-09 05:00:00,0.8556
2025-01-09 06:00:00,0.8425
2025-01-09 07:00:00,0.8261
2025-01-09 08:00:00,0.8051
2025-01-09 09:00:00,0.7793
2025-01-09 10:00:00,0.7489
2025-01-09 11:00:00,0.7129
2025-01-09 12:00:00,0.6886
2025-01-09 13:00:00,0.6862
2025-01-09 14:00:00,0.6973
2025-01-09 15:00:00,0.6905
2025-01-09 16:00:00,0.6658
2025-01-09 17:00:00,0.6432
2025-01-09 18:00:00,0.6266
2025-01-09 19:00:00,0.6037
2025-01-09 20:00:00,0.5685
2025-01-09 21:00:00,0.5367
2025-01-09 22:00:00,0.5096
2025-01-09 23:00:00,0.4805
2025-01-10 00:00:00,0.4503
2025-01-10 01:00:00,0.4287
2025-01-10 02:00:00,0.4234
2025-01-10 03:00:00,0.4435
2025-01-10 04:00:00,0.4811
2025-01-10 05:00:00,0.5273
2025-01-10 06:00:00,0.5687
2025-01-10 07:00:00,0.6016
2025-01-10 08:00:00,0.6243
2025-01-10 09:00:00,0.6311
2025-01-10 10:00:00,0.6342
2025-01-10 11:00:00,0.6411
2025-01-10 12:00:00,0.6514
2025-01-10 13:00:00,0.6662
2025-01-10 14:00:00,0.6822
2025-01-10 15:00:00,0.6984
2025-01-10 16:00:00,0.6953
2025-01-10 17:00:00,0.67
2025-01-10 18:00:00,0.6314
2025-01-10 19:00:00,0.583
2025-01-10 20:00:00,0.5214
2025-01-10 21:00:00,0.4434
2025-01-10 22:00:00,0.368
2025-01-10 23:00:00,0.3284
2025-01-11 00:00:00,0.3452
2025-01-11 01:00:00,0.3684
2025-01-11 02:00:00,0.3675
2025-01-11 03:00:00,0.3983
2025-01-11 04:00:00,0.5018
2025-01-11 05:00:00,0.5882
2025-01-11 06:00:00,0.6177
2025-01-11 07:00:00,0.6375
2025-01-11 08:00:00,0.6654
2025-01-11 09:00:00,0.7005
2025-01-11 10:00:00,0.7338
2025-01-11 11:00:00,0.7664
2025-01-11 12:00:00,0.8031
2025-01-11 13:00:00,0.8408
2025-01-11 14:00:00,0.8665
2025-01-11 15:00:00,0.866
2025-01-11 16:00:00,0.8465
2025-01-11 17:00:00,0.813
2025-01-11 18:00:00,0.7677
2025-01-11 19:00:00,0.7264
2025-01-11 20:00:00,0.6901
2025-01-11 21:00:00,0.6557
2025-01-11 22:00:00,0.6338
2025-01-11 23:00:00,0.6446
2025-01-12 00:00:00,0.6942
2025-01-12 01:00:00,0.7616
2025-01-12 02:00:00,0.8242
2025-01-12 03:00:00,0.8721
2025-01-12 04:00:00,0.9004
2025-01-12 05:00:00,0.9101
2025-01-12 06:00:00,0.9057
2025-01-12 07:00:00,0.9005
2025-01-12 08:00:00,0.8973
2025-01-12 09:00:00,0.8867
2025-01-12 10:00:00,0.8651
2025-01-12 11:00:00,0.8405
2025-01-12 12:00:00,0.8079
2025-01-12 13:00:00,0.7778
2025-01-12 14:00:00,0.7569
2025-01-12 15:00:00,0.7517
2025-01-12 16:00:00,0.7455
2025-01-12 17:00:00,0.7187
2025-01-12 18:00:00,0.6687
2025-01-12 19:00:00,0.6013
2025-01-12 20:00:00,0.5548
2025-01-12 21:00:00,0.5606
2025-01-12 22:00:00,0.5969
2025-01-12 23:00:00,0.6529
2025-01-13 00:00:00,0.7372
2025-01-13 01:00:00,0.8294
2025-01-13 02:00:00,0.8954
2025-01-13 03:00:00,0.9278
2025-01-13 04:00:00,0.9393
2025-01-13 05:00:00,0.9383
2025-01-13 06:00:00,0.9275
2025-01-13 07:00:00,0.9153
2025-01-13 08:00:00,0.9065
2025-01-13 09:00:00,0.9109
2025-01-13 10:00:00,0.9154
2025-01-13 11:00:00,0.914
2025-01-13 12:00:00,0.9131
2025-01-13 13:00:00,0.9185
2025-01-13 14:00:00,0.9258
2025-01-13 15:00:00,0.9314
2025-01-13 16:00:00,0.9357
2025-01-13 17:00:00,0.946
2025-01-13 18:00:00,0.9546
2025-01-13 19:00:00,0.9576
2025-01-13 20:00:00,0.9579
2025-01-13 21:00:00,0.9542
2025-01-13 22:00:00,0.9485
2025-01-13 23:00:00,0.9422
2025-01-14 00:00:00,0.9367
2025-01-14 01:00:00,0.9327
2025-01-14 02:00:00,0.9258
2025-01-14 03:00:00,0.9141
2025-01-14 04:00:00,0.8907
2025-01-14 05:00:00,0.8629
2025-01-14 06:00:00,0.839
2025-01-14 07:00:00,0.8273
2025-01-14 08:00:00,0.8298
2025-01-14 09:00:00,0.8483
2025-01-14 10:00:00,0.8763
2025-01-14 11:00:00,0.9056
2025-01-14 12:00:00,0.9288
2025-01-14 13:00:00,0.9471
2025-01-14 14:00:00,0.9601
2025-01-14 15:00:00,0.9693
2025-01-14 16:00:00,0.9758
2025-01-14 17:00:00,0.9823
2025-01-14 18:00:00,0.9869
2025-01-14 19:00:00,0.9876
2025-01-14 20:00:00,0.9857
2025-01-14 21:00:00,0.9834
2025-01-14 22:00:00,0.9839
2025-01-14 23:00:00,0.9858
2025-01-15 00:00:00,0.9878
2025-01-15 01:00:00,0.989
2025-01-15 02:00:00,0.9891
2025-01-15 03:00:00,0.9891
2025-01-15 04:00:00,0.9897
2025-01-15 05:00:00,0.9906
2025-01-15 06:00:00,0.9908
2025-01-15 07:00:00,0.9899
2025-01-15 08:00:00,0.9885
2025-01-15 09:00:00,0.9866
2025-01-15 10:00:00,0.9873
2025-01-15 11:00:00,0.9894
2025-01-15 12:00:00,0.9907
2025-01-15 13:00:00,0.9912
2025-01-15 14:00:00,0.9912
2025-01-15 15:00:00,0.9905
2025-01-15 16:00:00,0.9906
2025-01-15 17:00:00,0.9907
2025-01-15 18:00:00,0.9893
2025-01-15 19:00:00,0.9856
2025-01-15 20:00:00,0.9795
2025-01-15 21:00:00,0.9698
2025-01-15 22:00:00,0.96
2025-01-15 23:00:00,0.951
2025-01-16 00:00:00,0.9403
2025-01-16 01:00:00,0.9272
2025-01-16 02:00:00,0.9133
2025-01-16 03:00:00,0.895
2025-01-16 04:00:00,0.8759
2025-01-16 05:00:00,0.8625
2025-01-16 06:00:00,0.8519
2025-01-16 07:00:00,0.8382
2025-01-16 08:00:00,0.8247
2025-01-16 09:00:00,0.8242
2025-01-16 10:00:00,0.8294
2025-01-16 11:00:00,0.8345
2025-01-16 12:00:00,0.8405
2025-01-16 13:00:00,0.8355
2025-01-16 14:00:00,0.8109
2025-01-16 15:00:00,0.7954
2025-01-16 16:00:00,0.814
2025-01-16 17:00:00,0.8699
2025-01-16 18:00:00,0.9362
2025-01-16 19:00:00,0.9741
2025-01-16 20:00:00,0.986
2025-01-16 21:00:00,0.9831
2025-01-16 22:00:00,0.9751
2025-01-16 23:00:00,0.9714
2025-01-17 00:00:00,0.9727
2025-01-17 01:00:00,0.9796
2025-01-17 02:00:00,0.9842
2025-01-17 03:00:00,0.9752
2025-01-17 04:00:00,0.9434
2025-01-17 05:00:00,0.8792
2025-01-17 06:00:00,0.7738
2025-01-17 07:00:00,0.6299
2025-01-17 08:00:00,0.4989
2025-01-17 09:00:00,0.422
2025-01-17 10:00:00,0.3956
2025-01-17 11:00:00,0.4098
2025-01-17 12:00:00,0.47
2025-01-17 13:00:00,0.563
2025-01-17 14:00:00,0.6346
2025-01-17 15:00:00,0.6647
2025-01-17 16:00:00,0.6551
2025-01-17 17:00:00,0.6267
2025-01-17 18:00:00,0.5973
2025-01-17 19:00:00,0.5812
2025-01-17 20:00:00,0.5752
2025-01-17 21:00:00,0.5843
2025-01-17 22:00:00,0.6086
2025-01-17 23:00:00,0.6344
2025-01-18 00:00:00,0.6692
2025-01-18 01:00:00,0.7121
2025-01-18 02:00:00,0.7521
2025-01-18 03:00:00,0.7705
2025-01-18 04:00:00,0.7623
2025-01-18 05:00:00,0.7426
2025-01-18 06:00:00,0.7272
2025-01-18 07:00:00,0.7213
2025-01-18 08:00:00,0.7279
2025-01-18 09:00:00,0.7286
2025-01-18 10:00:00,0.7087
2025-01-18 11:00:00,0.678
2025-01-18 12:00:00,0.6675
2025-01-18 13:00:00,0.6798
2025-01-18 14:00:00,0.6981
2025-01-18 15:00:00,0.7202
2025-01-18 16:00:00,0.7682
2025-01-18 17:00:00,0.827
2025-01-18 18:00:00,0.8848
2025-01-18 19:00:00,0.9274
2025-01-18 20:00:00,0.9541
2025-01-18 21:00:00,0.9672
2025-01-18 22:00:00,0.9717
2025-01-18 23:00:00,0.9735
2025-01-19 00:00:00,0.9738
2025-01-19 01:00:00,0.9719
2025-01-19 02:00:00,0.9668
2025-01-19 03:00:00,0.9555
2025-01-19 04:00:00,0.9367
2025-01-19 05:00:00,0.909
2025-01-19 06:00:00,0.886
2025-01-19 07:00:00,0.8838
2025-01-19 08:00:00,0.9045
2025-01-19 09:00:00,0.9368
2025-01-19 10:00:00,0.9603
2025-01-19 11:00:00,0.9704
2025-01-19 12:00:00,0.974
2025-01-19 13:00:00,0.9768
2025-01-19 14:00:00,0.9791
2025-01-19 15:00:00,0.9795
2025-01-19 16:00:00,0.9802
2025-01-19 17:00:00,0.9813
2025-01-19 18:00:00,0.9824
2025-01-19 19:00:00,0.9833
2025-01-19 20:00:00,0.9842
2025-01-19 21:00:00,0.9861
2025-01-19 22:00:00,0.9877
2025-01-19 23:00:00,0.9888
2025-01-20 00:00:00,0.9895
2025-01-20 01:00:00,0.99
2025-01-20 02:00:00,0.9905
2025-01-20 03:00:00,0.9907
2025-01-20 04:00:00,0.991
2025-01-20 05:00:00,0.9913
2025-01-20 06:00:00,0.9915
2025-01-20 07:00:00,0.9911
2025-01-20 08:00:00,0.9905
2025-01-20 09:00:00,0.9904
2025-01-20 10:00:00,0.9902
2025-01-20 11:00:00,0.9899
2025-01-20 12:00:00,0.9901
2025-01-20 13:00:00,0.9905
2025-01-20 14:00:00,0.9904
2025-01-20 15:00:00,0.9902
2025-01-20 16:00:00,0.9903
2025-01-20 17:00:00,0.9903
2025-01-20 18:00:00,0.9904
2025-01-20 19:00:00,0.9907
2025-01-20 20:00:00,0.9909
2025-01-20 21:00:00,0.9906
2025-01-20 22:00:00,0.9895
2025-01-20 23:00:00,0.9873
2025-01-21 00:00:00,0.9831
2025-01-21 01:00:00,0.977
2025-01-21 02:00:00,0.9758
2025-01-21 03:00:00,0.9763
2025-01-21 04:00:00,0.975
2025-01-21 05:00:00,0.9724
2025-01-21 06:00:00,0.9697
2025-01-21 07:00:00,0.9713
2025-01-21 08:00:00,0.9757
2025-01-21 09:00:00,0.9774
2025-01-21 10:00:00,0.9796
2025-01-21 11:00:00,0.9819
2025-01-21 12:00:00,0.9842
2025-01-21 13:00:00,0.9857
2025-01-21 14:00:00,0.9873
2025-01-21 15:00:00,0.9855
2025-01-21 16:00:00,0.9719
2025-01-21 17:00:00,0.9417
2025-01-21 18:00:00,0.8951
2025-01-21 19:00:00,0.8086
2025-01-21 20:00:00,0.6401
2025-01-21 21:00:00,0.4919
2025-01-21 22:00:00,0.3624
2025-01-21 23:00:00,0.2726
2025-01-22 00:00:00,0.2361
2025-01-22 01:00:00,0.322
2025-01-22 02:00:00,0.3672
2025-01-22 03:00:00,0.3939
2025-01-22 04:00:00,0.5786
2025-01-22 05:00:00,0.7925
2025-01-22 06:00:00,0.9136
2025-01-22 07:00:00,0.9518
2025-01-22 08:00:00,0.9699
2025-01-22 09:00:00,0.9771
2025-01-22 10:00:00,0.98
2025-01-22 11:00:00,0.9825
2025-01-22 12:00:00,0.9845
2025-01-22 13:00:00,0.9859
2025-01-22 14:00:00,0.9861
2025-01-22 15:00:00,0.9861
2025-01-22 16:00:00,0.9885
2025-01-22 17:00:00,0.9889
2025-01-22 18:00:00,0.9865
2025-01-22 19:00:00,0.9824
2025-01-22 20:00:00,0.9792
2025-01-22 21:00:00,0.9761
2025-01-22 22:00:00,0.9724
2025-01-22 23:00:00,0.9742
2025-01-23 00:00:00,0.975
2025-01-23 01:00:00,0.9746
2025-01-23 02:00:00,0.9752
2025-01-23 03:00:00,0.9837
2025-01-23 04:00:00,0.9895
2025-01-23 05:00:00,0.9906
2025-01-23 06:00:00,0.9885
2025-01-23 07:00:00,0.9785
2025-01-23 08:00:00,0.9495
2025-01-23 09:00:00,0.9075
2025-01-23 10:00:00,0.9013
2025-01-23 11:00:00,0.9047
2025-01-23 12:00:00,0.9297
2025-01-23 13:00:00,0.9616
2025-01-23 14:00:00,0.9769
2025-01-23 15:00:00,0.9779
2025-01-23 16:00:00,0.9587
2025-01-23 17:00:00,0.9554
2025-01-23 18:00:00,0.958
2025-01-23 19:00:00,0.9614
2025-01-23 20:00:00,0.9591
2025-01-23 21:00:00,0.9312
2025-01-23 22:00:00,0.9033
2025-01-23 23:00:00,0.874
2025-01-24 00:00:00,0.8517
2025-01-24 01:00:00,0.8348
2025-01-24 02:00:00,0.8166
2025-01-24 03:00:00,0.777
2025-01-24 04:00:00,0.7144
2025-01-24 05:00:00,0.6947
2025-01-24 06:00:00,0.6911
2025-01-24 07:00:00,0.6885
2025-01-24 08:00:00,0.7109
2025-01-24 09:00:00,0.7054
2025-01-24 10:00:00,0.7424
2025-01-24 11:00:00,0.7953
2025-01-24 12:00:00,0.8653
2025-01-24 13:00:00,0.9147
2025-01-24 14:00:00,0.9479
2025-01-24 15:00:00,0.967
2025-01-24 16:00:00,0.9786
2025-01-24 17:00:00,0.9825
2025-01-24 18:00:00,0.9862
2025-01-24 19:00:00,0.9865
2025-01-24 20:00:00,0.9819
2025-01-24 21:00:00,0.9781
2025-01-24 22:00:00,0.9736
2025-01-24 23:00:00,0.9689
2025-01-25 00:00:00,0.9604
2025-01-25 01:00:00,0.9448
2025-01-25 02:00:00,0.9281
2025-01-25 03:00:00,0.8795
2025-01-25 04:00:00,0.7993
2025-01-25 05:00:00,0.6973
2025-01-25 06:00:00,0.5952
2025-01-25 07:00:00,0.5185
2025-01-25 08:00:00,0.4678
2025-01-25 09:00:00,0.4731
2025-01-25 10:00:00,0.5355
2025-01-25 11:00:00,0.6085
2025-01-25 12:00:00,0.6767
2025-01-25 13:00:00,0.7342
2025-01-25 14:00:00,0.7867
2025-01-25 15:00:00,0.8416
2025-01-25 16:00:00,0.8773
2025-01-25 17:00:00,0.9013
2025-01-25 18:00:00,0.9161
2025-01-25 19:00:00,0.9279
2025-01-25 20:00:00,0.9303
2025-01-25 21:00:00,0.9324
2025-01-25 22:00:00,0.941
2025-01-25 23:00:00,0.9526
2025-01-26 00:00:00,0.967
2025-01-26 01:00:00,0.9794
2025-01-26 02:00:00,0.9879
2025-01-26 03:00:00,0.9889
2025-01-26 04:00:00,0.9773
2025-01-26 05:00:00,0.9624
2025-01-26 06:00:00,0.9585
2025-01-26 07:00:00,0.961
2025-01-26 08:00:00,0.9695
2025-01-26 09:00:00,0.9668
2025-01-26 10:00:00,0.973
2025-01-26 11:00:00,0.9799
2025-01-26 12:00:00,0.9814
2025-01-26 13:00:00,0.9859
2025-01-26 14:00:00,0.9887
2025-01-26 15:00:00,0.9868
2025-01-26 16:00:00,0.9808
2025-01-26 17:00:00,0.9714
2025-01-26 18:00:00,0.9608
2025-01-26 19:00:00,0.9502
2025-01-26 20:00:00,0.9413
2025-01-26 21:00:00,0.932
2025-01-26 22:00:00,0.9169
2025-01-26 23:00:00,0.9103
2025-01-27 00:00:00,0.9001
2025-01-27 01:00:00,0.8799
2025-01-27 02:00:00,0.8479
2025-01-27 03:00:00,0.8381
2025-01-27 04:00:00,0.8339
2025-01-27 05:00:00,0.8556
2025-01-27 06:00:00,0.8811
2025-01-27 07:00:00,0.8969
2025-01-27 08:00:00,0.9158
2025-01-27 09:00:00,0.9235
2025-01-27 10:00:00,0.9145
2025-01-27 11:00:00,0.9032
2025-01-27 12:00:00,0.8856
2025-01-27 13:00:00,0.8642
2025-01-27 14:00:00,0.8569
2025-01-27 15:00:00,0.84
2025-01-27 16:00:00,0.8155
2025-01-27 17:00:00,0.809
2025-01-27 18:00:00,0.8179
2025-01-27 19:00:00,0.8328
2025-01-27 20:00:00,0.8526
2025-01-27 21:00:00,0.8665
2025-01-27 22:00:00,0.8715
2025-01-27 23:00:00,0.8715
2025-01-28 00:00:00,0.8668
2025-01-28 01:00:00,0.8533
2025-01-28 02:00:00,0.848
2025-01-28 03:00:00,0.8658
2025-01-28 04:00:00,0.8852
2025-01-28 05:00:00,0.8982
2025-01-28 06:00:00,0.904
2025-01-28 07:00:00,0.904
2025-01-28 08:00:00,0.9039
2025-01-28 09:00:00,0.9009
2025-01-28 10:00:00,0.9018
2025-01-28 11:00:00,0.9094
2025-01-28 12:00:00,0.918
2025-01-28 13:00:00,0.9292
2025-01-28 14:00:00,0.9413
2025-01-28 15:00:00,0.9521
2025-01-28 16:00:00,0.9612
2025-01-28 17:00:00,0.9666
2025-01-28 18:00:00,0.968
2025-01-28 19:00:00,0.9664
2025-01-28 20:00:00,0.9621
2025-01-28 21:00:00,0.9548
2025-01-28 22:00:00,0.9432
2025-01-28 23:00:00,0.9262
2025-01-29 00:00:00,0.9027
2025-01-29 01:00:00,0.8758
2025-01-29 02:00:00,0.8504
2025-01-29 03:00:00,0.8323
2025-01-29 04:00:00,0.8088
2025-01-29 05:00:00,0.7783
2025-01-29 06:00:00,0.7539
2025-01-29 07:00:00,0.734
2025-01-29 08:00:00,0.6953
2025-01-29 09:00:00,0.6208
2025-01-29 10:00:00,0.5593
2025-01-29 11:00:00,0.5096
2025-01-29 12:00:00,0.4603
2025-01-29 13:00:00,0.4259
2025-01-29 14:00:00,0.4551
2025-01-29 15:00:00,0.5253
2025-01-29 16:00:00,0.61
2025-01-29 17:00:00,0.6917
2025-01-29 18:00:00,0.7545
2025-01-29 19:00:00,0.7919
2025-01-29 20:00:00,0.8132
2025-01-29 21:00:00,0.8121
2025-01-29 22:00:00,0.8102
2025-01-29 23:00:00,0.8157
2025-01-30 00:00:00,0.8335
2025-01-30 01:00:00,0.8575
2025-01-30 02:00:00,0.8851
2025-01-30 03:00:00,0.911
2025-01-30 04:00:00,0.9312
2025-01-30 05:00:00,0.9495
2025-01-30 06:00:00,0.9576
2025-01-30 07:00:00,0.9651
2025-01-30 08:00:00,0.9745
2025-01-30 09:00:00,0.9799
2025-01-30 10:00:00,0.9807
2025-01-30 11:00:00,0.9711
2025-01-30 12:00:00,0.9628
2025-01-30 13:00:00,0.9572
2025-01-30 14:00:00,0.96
2025-01-30 15:00:00,0.9677
2025-01-30 16:00:00,0.9759
2025-01-30 17:00:00,0.9683
2025-01-30 18:00:00,0.9393
2025-01-30 19:00:00,0.8868
2025-01-30 20:00:00,0.8431
2025-01-30 21:00:00,0.8022
2025-01-30 22:00:00,0.7207
2025-01-30 23:00:00,0.6993
2025-01-31 00:00:00,0.7015
2025-01-31 01:00:00,0.6814
2025-01-31 02:00:00,0.684
2025-01-31 03:00:00,0.7063
2025-01-31 04:00:00,0.7338
2025-01-31 05:00:00,0.7874
2025-01-31 06:00:00,0.8384
2025-01-31 07:00:00,0.8735
2025-01-31 08:00:00,0.9173
2025-01-31 09:00:00,0.9517
2025-01-31 10:00:00,0.9719
2025-01-31 11:00:00,0.9844
2025-01-31 12:00:00,0.9891
2025-01-31 13:00:00,0.9881
2025-01-31 14:00:00,0.983
2025-01-31 15:00:00,0.9801
2025-01-31 16:00:00,0.9797
2025-01-31 17:00:00,0.9788
2025-01-31 18:00:00,0.9771
2025-01-31 19:00:00,0.9784
2025-01-31 20:00:00,0.9829
2025-01-31 21:00:00,0.9879
2025-01-31 22:00:00,0.9906
2025-01-31 23:00:00,0.9861
2025-02-01 00:00:00,0.9759
2025-02-01 01:00:00,0.9686
2025-02-01 02:00:00,0.9669
2025-02-01 03:00:00,0.97
2025-02-01 04:00:00,0.975
2025-02-01 05:00:00,0.9782
2025-02-01 06:00:00,0.9781
2025-02-01 07:00:00,0.9738
2025-02-01 08:00:00,0.967
2025-02-01 09:00:00,0.9578
2025-02-01 10:00:00,0.9475
2025-02-01 11:00:00,0.9352
2025-02-01 12:00:00,0.9195
2025-02-01 13:00:00,0.8912
2025-02-01 14:00:00,0.8479
2025-02-01 15:00:00,0.7853
2025-02-01 16:00:00,0.7147
2025-02-01 17:00:00,0.7125
2025-02-01 18:00:00,0.7677
2025-02-01 19:00:00,0.8215
2025-02-01 20:00:00,0.8499
2025-02-01 21:00:00,0.8773
2025-02-01 22:00:00,0.9098
2025-02-01 23:00:00,0.9324
2025-02-02 00:00:00,0.9528
2025-02-02 01:00:00,0.9664
2025-02-02 02:00:00,0.9713
2025-02-02 03:00:00,0.9708
2025-02-02 04:00:00,0.9683
2025-02-02 05:00:00,0.9633
2025-02-02 06:00:00,0.9543
2025-02-02 07:00:00,0.9531
2025-02-02 08:00:00,0.9567
2025-02-02 09:00:00,0.9632
2025-02-02 10:00:00,0.9707
2025-02-02 11:00:00,0.9753
2025-02-02 12:00:00,0.9753
2025-02-02 13:00:00,0.9735
2025-02-02 14:00:00,0.9739
2025-02-02 15:00:00,0.9771
2025-02-02 16:00:00,0.9761
2025-02-02 17:00:00,0.9786
2025-02-02 18:00:00,0.9811
2025-02-02 19:00:00,0.9842
2025-02-02 20:00:00,0.9855
2025-02-02 21:00:00,0.9861
2025-02-02 22:00:00,0.9866
2025-02-02 23:00:00,0.9863
2025-02-03 00:00:00,0.9857
2025-02-03 01:00:00,0.9848
2025-02-03 02:00:00,0.9827
2025-02-03 03:00:00,0.984
2025-02-03 04:00:00,0.9881
2025-02-03 05:00:00,0.9856
2025-02-03 06:00:00,0.9865
2025-02-03 07:00:00,0.9864
2025-02-03 08:00:00,0.9842
2025-02-03 09:00:00,0.9821
2025-02-03 10:00:00,0.9833
2025-02-03 11:00:00,0.9811
2025-02-03 12:00:00,0.9809
2025-02-03 13:00:00,0.9746
2025-02-03 14:00:00,0.9646
2025-02-03 15:00:00,0.95
2025-02-03 16:00:00,0.9321
2025-02-03 17:00:00,0.9176
2025-02-03 18:00:00,0.9233
2025-02-03 19:00:00,0.9302
2025-02-03 20:00:00,0.9399
2025-02-03 21:00:00,0.9481
2025-02-03 22:00:00,0.9499
2025-02-03 23:00:00,0.951
2025-02-04 00:00:00,0.954
2025-02-04 01:00:00,0.9614
2025-02-04 02:00:00,0.9697
2025-02-04 03:00:00,0.9753
2025-02-04 04:00:00,0.9807
2025-02-04 05:00:00,0.9823
2025-02-04 06:00:00,0.9846
2025-02-04 07:00:00,0.9858
2025-02-04 08:00:00,0.9849
2025-02-04 09:00:00,0.9855
2025-02-04 10:00:00,0.9857
2025-02-04 11:00:00,0.9879
2025-02-04 12:00:00,0.9889
2025-02-04 13:00:00,0.9868
2025-02-04 14:00:00,0.9883
2025-02-04 15:00:00,0.9875
2025-02-04 16:00:00,0.9864
2025-02-04 17:00:00,0.9849
2025-02-04 18:00:00,0.9864
2025-02-04 19:00:00,0.9857
2025-02-04 20:00:00,0.9832
2025-02-04 21:00:00,0.982
2025-02-04 22:00:00,0.9846
2025-02-04 23:00:00,0.9853
2025-02-05 00:00:00,0.9814
2025-02-05 01:00:00,0.9795
2025-02-05 02:00:00,0.9847
2025-02-05 03:00:00,0.9826
2025-02-05 04:00:00,0.9824
2025-02-05 05:00:00,0.9831
2025-02-05 06:00:00,0.983
2025-02-05 07:00:00,0.982
2025-02-05 08:00:00,0.982
2025-02-05 09:00:00,0.9831
2025-02-05 10:00:00,0.9844
2025-02-05 11:00:00,0.9858
2025-02-05 12:00:00,0.9878
2025-02-05 13:00:00,0.9893
2025-02-05 14:00:00,0.9896
2025-02-05 15:00:00,0.9892
2025-02-05 16:00:00,0.9888
2025-02-05 17:00:00,0.989
2025-02-05 18:00:00,0.989
2025-02-05 19:00:00,0.9876
2025-02-05 20:00:00,0.9876
2025-02-05 21:00:00,0.9883
2025-02-05 22:00:00,0.9883
2025-02-05 23:00:00,0.9876
2025-02-06 00:00:00,0.9874
2025-02-06 01:00:00,0.9881
2025-02-06 02:00:00,0.9862
2025-02-06 03:00:00,0.9848
2025-02-06 04:00:00,0.9818
2025-02-06 05:00:00,0.9744
2025-02-06 06:00:00,0.9658
2025-02-06 07:00:00,0.9596
2025-02-06 08:00:00,0.9439
2025-02-06 09:00:00,0.9276
2025-02-06 10:00:00,0.9236
2025-02-06 11:00:00,0.9331
2025-02-06 12:00:00,0.9543
2025-02-06 13:00:00,0.9739
2025-02-06 14:00:00,0.9793
2025-02-06 15:00:00,0.9762
2025-02-06 16:00:00,0.9687
2025-02-06 17:00:00,0.9648
2025-02-06 18:00:00,0.958
2025-02-06 19:00:00,0.9526
2025-02-06 20:00:00,0.9458
2025-02-06 21:00:00,0.9313
2025-02-06 22:00:00,0.9008
2025-02-06 23:00:00,0.8917
2025-02-07 00:00:00,0.8944
2025-02-07 01:00:00,0.9028
2025-02-07 02:00:00,0.9056
2025-02-07 03:00:00,0.8906
2025-02-07 04:00:00,0.8629
2025-02-07 05:00:00,0.8272
2025-02-07 06:00:00,0.7748
2025-02-07 07:00:00,0.7003
2025-02-07 08:00:00,0.6029
2025-02-07 09:00:00,0.4691
2025-02-07 10:00:00,0.3217
2025-02-07 11:00:00,0.2037
2025-02-07 12:00:00,0.1349
2025-02-07 13:00:00,0.1269
2025-02-07 14:00:00,0.1705
2025-02-07 15:00:00,0.2453
2025-02-07 16:00:00,0.3295
2025-02-07 17:00:00,0.4143
2025-02-07 18:00:00,0.4849
2025-02-07 19:00:00,0.5346
2025-02-07 20:00:00,0.5628
2025-02-07 21:00:00,0.5767
2025-02-07 22:00:00,0.5654
2025-02-07 23:00:00,0.5086
2025-02-08 00:00:00,0.4185
2025-02-08 01:00:00,0.3273
2025-02-08 02:00:00,0.2566
2025-02-08 03:00:00,0.1858
2025-02-08 04:00:00,0.1291
2025-02-08 05:00:00,0.1052
2025-02-08 06:00:00,0.1245
2025-02-08 07:00:00,0.1729
2025-02-08 08:00:00,0.2547
2025-02-08 09:00:00,0.3329
2025-02-08 10:00:00,0.4094
2025-02-08 11:00:00,0.4938
2025-02-08 12:00:00,0.5707
2025-02-08 13:00:00,0.6535
2025-02-08 14:00:00,0.742
2025-02-08 15:00:00,0.8226
2025-02-08 16:00:00,0.878
2025-02-08 17:00:00,0.9067
2025-02-08 18:00:00,0.9315
2025-02-08 19:00:00,0.9521
2025-02-08 20:00:00,0.9652
2025-02-08 21:00:00,0.966
2025-02-08 22:00:00,0.9601
2025-02-08 23:00:00,0.9517
2025-02-09 00:00:00,0.9448
2025-02-09 01:00:00,0.943
2025-02-09 02:00:00,0.9462
2025-02-09 03:00:00,0.9503
2025-02-09 04:00:00,0.963
2025-02-09 05:00:00,0.9776
2025-02-09 06:00:00,0.9755
2025-02-09 07:00:00,0.9622
2025-02-09 08:00:00,0.9414
2025-02-09 09:00:00,0.9208
2025-02-09 10:00:00,0.9046
2025-02-09 11:00:00,0.893
2025-02-09 12:00:00,0.8827
2025-02-09 13:00:00,0.8786
2025-02-09 14:00:00,0.8894
2025-02-09 15:00:00,0.9126
2025-02-09 16:00:00,0.9384
2025-02-09 17:00:00,0.9524
2025-02-09 18:00:00,0.9639
2025-02-09 19:00:00,0.9667
2025-02-09 20:00:00,0.9656
2025-02-09 21:00:00,0.9615
2025-02-09 22:00:00,0.9548
2025-02-09 23:00:00,0.938
2025-02-10 00:00:00,0.9217
2025-02-10 01:00:00,0.9061
2025-02-10 02:00:00,0.8779
2025-02-10 03:00:00,0.8573
2025-02-10 04:00:00,0.8374
2025-02-10 05:00:00,0.8165
2025-02-10 06:00:00,0.7881
2025-02-10 07:00:00,0.763
2025-02-10 08:00:00,0.7435
2025-02-10 09:00:00,0.7082
2025-02-10 10:00:00,0.6543
2025-02-10 11:00:00,0.5918
2025-02-10 12:00:00,0.5042
2025-02-10 13:00:00,0.4261
2025-02-10 14:00:00,0.4241
2025-02-10 15:00:00,0.4672
2025-02-10 16:00:00,0.5499
2025-02-10 17:00:00,0.6667
2025-02-10 18:00:00,0.756
2025-02-10 19:00:00,0.7957
2025-02-10 20:00:00,0.8094
2025-02-10 21:00:00,0.8093
2025-02-10 22:00:00,0.8027
2025-02-10 23:00:00,0.8057
2025-02-11 00:00:00,0.799
2025-02-11 01:00:00,0.781
2025-02-11 02:00:00,0.7715
2025-02-11 03:00:00,0.7698
2025-02-11 04:00:00,0.7643
2025-02-11 05:00:00,0.7495
2025-02-11 06:00:00,0.7387
2025-02-11 07:00:00,0.7359
2025-02-11 08:00:00,0.7541
2025-02-11 09:00:00,0.7751
2025-02-11 10:00:00,0.7668
2025-02-11 11:00:00,0.747
2025-02-11 12:00:00,0.7201
2025-02-11 13:00:00,0.6959
2025-02-11 14:00:00,0.6886
2025-02-11 15:00:00,0.6942
2025-02-11 16:00:00,0.7068
2025-02-11 17:00:00,0.7182
2025-02-11 18:00:00,0.7394
2025-02-11 19:00:00,0.7718
2025-02-11 20:00:00,0.7846
2025-02-11 21:00:00,0.7847
2025-02-11 22:00:00,0.7933
2025-02-11 23:00:00,0.8141
2025-02-12 00:00:00,0.8318
2025-02-12 01:00:00,0.8247
2025-02-12 02:00:00,0.8032
2025-02-12 03:00:00,0.7773
2025-02-12 04:00:00,0.7551
2025-02-12 05:00:00,0.7314
2025-02-12 06:00:00,0.7018
2025-02-12 07:00:00,0.6711
2025-02-12 08:00:00,0.6551
2025-02-12 09:00:00,0.6638
2025-02-12 10:00:00,0.698
2025-02-12 11:00:00,0.7346
2025-02-12 12:00:00,0.7575
2025-02-12 13:00:00,0.7653
2025-02-12 14:00:00,0.7647
2025-02-12 15:00:00,0.7695
2025-02-12 16:00:00,0.7831
2025-02-12 17:00:00,0.7878
2025-02-12 18:00:00,0.7947
2025-02-12 19:00:00,0.8081
2025-02-12 20:00:00,0.8389
2025-02-12 21:00:00,0.8501
2025-02-12 22:00:00,0.8889
2025-02-12 23:00:00,0.9095
2025-02-13 00:00:00,0.9253
2025-02-13 01:00:00,0.9317
2025-02-13 02:00:00,0.942
2025-02-13 03:00:00,0.949
2025-02-13 04:00:00,0.9507
2025-02-13 05:00:00,0.9517
2025-02-13 06:00:00,0.9394
2025-02-13 07:00:00,0.9205
2025-02-13 08:00:00,0.9067
2025-02-13 09:00:00,0.8994
2025-02-13 10:00:00,0.8903
2025-02-13 11:00:00,0.8866
2025-02-13 12:00:00,0.8862
2025-02-13 13:00:00,0.8859
2025-02-13 14:00:00,0.8781
2025-02-13 15:00:00,0.8763
2025-02-13 16:00:00,0.8847
2025-02-13 17:00:00,0.9093
2025-02-13 18:00:00,0.9358
2025-02-13 19:00:00,0.9487
2025-02-13 20:00:00,0.9485
2025-02-13 21:00:00,0.9319
2025-02-13 22:00:00,0.9078
2025-02-13 23:00:00,0.8845
2025-02-14 00:00:00,0.8372
2025-02-14 01:00:00,0.758
2025-02-14 02:00:00,0.6845
2025-02-14 03:00:00,0.6336
2025-02-14 04:00:00,0.6165
2025-02-14 05:00:00,0.6354
2025-02-14 06:00:00,0.669
2025-02-14 07:00:00,0.7056
2025-02-14 08:00:00,0.7689
2025-02-14 09:00:00,0.8276
2025-02-14 10:00:00,0.8682
2025-02-14 11:00:00,0.8961
2025-02-14 12:00:00,0.9174
2025-02-14 13:00:00,0.9421
2025-02-14 14:00:00,0.9515
2025-02-14 15:00:00,0.9536
2025-02-14 16:00:00,0.9467
2025-02-14 17:00:00,0.937
2025-02-14 18:00:00,0.9295
2025-02-14 19:00:00,0.9231
2025-02-14 20:00:00,0.9325
2025-02-14 21:00:00,0.9368
2025-02-14 22:00:00,0.9319
2025-02-14 23:00:00,0.928
2025-02-15 00:00:00,0.9209
2025-02-15 01:00:00,0.9081
2025-02-15 02:00:00,0.9026
2025-02-15 03:00:00,0.9003
2025-02-15 04:00:00,0.9065
2025-02-15 05:00:00,0.9118
2025-02-15 06:00:00,0.9175
2025-02-15 07:00:00,0.9266
2025-02-15 08:00:00,0.9385
2025-02-15 09:00:00,0.946
2025-02-15 10:00:00,0.9535
2025-02-15 11:00:00,0.9547
2025-02-15 12:00:00,0.9545
2025-02-15 13:00:00,0.9507
2025-02-15 14:00:00,0.9486
2025-02-15 15:00:00,0.956
2025-02-15 16:00:00,0.9603
2025-02-15 17:00:00,0.9637
2025-02-15 18:00:00,0.9667
2025-02-15 19:00:00,0.9703
2025-02-15 20:00:00,0.9721
2025-02-15 21:00:00,0.973
2025-02-15 22:00:00,0.9698
2025-02-15 23:00:00,0.9642
2025-02-16 00:00:00,0.955
2025-02-16 01:00:00,0.9408
2025-02-16 02:00:00,0.9137
2025-02-16 03:00:00,0.8992
2025-02-16 04:00:00,0.8914
2025-02-16 05:00:00,0.8842
2025-02-16 06:00:00,0.8745
2025-02-16 07:00:00,0.866
2025-02-16 08:00:00,0.8778
2025-02-16 09:00:00,0.8904
2025-02-16 10:00:00,0.9035
2025-02-16 11:00:00,0.9041
2025-02-16 12:00:00,0.8885
2025-02-16 13:00:00,0.8521
2025-02-16 14:00:00,0.8403
2025-02-16 15:00:00,0.8354
2025-02-16 16:00:00,0.8375
2025-02-16 17:00:00,0.8322
2025-02-16 18:00:00,0.8321
2025-02-16 19:00:00,0.8384
2025-02-16 20:00:00,0.8232
2025-02-16 21:00:00,0.7907
2025-02-16 22:00:00,0.7518
2025-02-16 23:00:00,0.7023
2025-02-17 00:00:00,0.6384
2025-02-17 01:00:00,0.5845
2025-02-17 02:00:00,0.5527
2025-02-17 03:00:00,0.5028
2025-02-17 04:00:00,0.4312
2025-02-17 05:00:00,0.3592
2025-02-17 06:00:00,0.296
2025-02-17 07:00:00,0.2402
2025-02-17 08:00:00,0.1931
2025-02-17 09:00:00,0.1634
2025-02-17 10:00:00,0.1644
2025-02-17 11:00:00,0.1977
2025-02-17 12:00:00,0.2397
2025-02-17 13:00:00,0.2973
2025-02-17 14:00:00,0.3795
2025-02-17 15:00:00,0.4654
2025-02-17 16:00:00,0.56
2025-02-17 17:00:00,0.6657
2025-02-17 18:00:00,0.7765
2025-02-17 19:00:00,0.8664
2025-02-17 20:00:00,0.9255
2025-02-17 21:00:00,0.9555
2025-02-17 22:00:00,0.9708
2025-02-17 23:00:00,0.9791
2025-02-18 00:00:00,0.9827
2025-02-18 01:00:00,0.9847
2025-02-18 02:00:00,0.9886
2025-02-18 03:00:00,0.9895
2025-02-18 04:00:00,0.9869
2025-02-18 05:00:00,0.9819
2025-02-18 06:00:00,0.9745
2025-02-18 07:00:00,0.9577
2025-02-18 08:00:00,0.9364
2025-02-18 09:00:00,0.9128
2025-02-18 10:00:00,0.8713
2025-02-18 11:00:00,0.8313
2025-02-18 12:00:00,0.8055
2025-02-18 13:00:00,0.7968
2025-02-18 14:00:00,0.8011
2025-02-18 15:00:00,0.8484
2025-02-18 16:00:00,0.8994
2025-02-18 17:00:00,0.929
2025-02-18 18:00:00,0.9409
2025-02-18 19:00:00,0.9476
2025-02-18 20:00:00,0.9469
2025-02-18 21:00:00,0.9316
2025-02-18 22:00:00,0.8985
2025-02-18 23:00:00,0.8713
2025-02-19 00:00:00,0.8594
2025-02-19 01:00:00,0.851
2025-02-19 02:00:00,0.8514
2025-02-19 03:00:00,0.8601
2025-02-19 04:00:00,0.8739
2025-02-19 05:00:00,0.8693
2025-02-19 06:00:00,0.8531
2025-02-19 07:00:00,0.848
2025-02-19 08:00:00,0.8641
2025-02-19 09:00:00,0.8919
2025-02-19 10:00:00,0.9064
2025-02-19 11:00:00,0.9063
2025-02-19 12:00:00,0.9054
2025-02-19 13:00:00,0.9085
2025-02-19 14:00:00,0.9196
2025-02-19 15:00:00,0.9329
2025-02-19 16:00:00,0.9331
2025-02-19 17:00:00,0.9282
2025-02-19 18:00:00,0.9281
2025-02-19 19:00:00,0.9232
2025-02-19 20:00:00,0.9099
2025-02-19 21:00:00,0.8683
2025-02-19 22:00:00,0.8005
2025-02-19 23:00:00,0.7713
2025-02-20 00:00:00,0.773
2025-02-20 01:00:00,0.7541
2025-02-20 02:00:00,0.7452
2025-02-20 03:00:00,0.7349
2025-02-20 04:00:00,0.7336
2025-02-20 05:00:00,0.7382
2025-02-20 06:00:00,0.76
2025-02-20 07:00:00,0.7995
2025-02-20 08:00:00,0.8494
2025-02-20 09:00:00,0.8865
2025-02-20 10:00:00,0.9103
2025-02-20 11:00:00,0.9257
2025-02-20 12:00:00,0.9392
2025-02-20 13:00:00,0.9458
2025-02-20 14:00:00,0.951
2025-02-20 15:00:00,0.9537
2025-02-20 16:00:00,0.96
2025-02-20 17:00:00,0.9742
2025-02-20 18:00:00,0.9798
2025-02-20 19:00:00,0.9847
2025-02-20 20:00:00,0.9852
2025-02-20 21:00:00,0.9834
2025-02-20 22:00:00,0.9845
2025-02-20 23:00:00,0.9848
2025-02-21 00:00:00,0.9757
2025-02-21 01:00:00,0.9431
2025-02-21 02:00:00,0.89
2025-02-21 03:00:00,0.8191
2025-02-21 04:00:00,0.7273
2025-02-21 05:00:00,0.6848
2025-02-21 06:00:00,0.7057
2025-02-21 07:00:00,0.7997
2025-02-21 08:00:00,0.884
2025-02-21 09:00:00,0.9317
2025-02-21 10:00:00,0.9658
2025-02-21 11:00:00,0.9847
2025-02-21 12:00:00,0.9877
2025-02-21 13:00:00,0.9871
2025-02-21 14:00:00,0.9843
2025-02-21 15:00:00,0.9839
2025-02-21 16:00:00,0.9851
2025-02-21 17:00:00,0.9866
2025-02-21 18:00:00,0.9906
2025-02-21 19:00:00,0.9904
2025-02-21 20:00:00,0.9877
2025-02-21 21:00:00,0.9843
2025-02-21 22:00:00,0.9663
2025-02-21 23:00:00,0.9246
2025-02-22 00:00:00,0.8729
2025-02-22 01:00:00,0.8037
2025-02-22 02:00:00,0.7271
2025-02-22 03:00:00,0.6936
2025-02-22 04:00:00,0.6887
2025-02-22 05:00:00,0.7093
2025-02-22 06:00:00,0.7869
2025-02-22 07:00:00,0.8705
2025-02-22 08:00:00,0.916
2025-02-22 09:00:00,0.9342
2025-02-22 10:00:00,0.9452
2025-02-22 11:00:00,0.9571
2025-02-22 12:00:00,0.9703
2025-02-22 13:00:00,0.9844
2025-02-22 14:00:00,0.99
2025-02-22 15:00:00,0.9843
2025-02-22 16:00:00,0.9493
2025-02-22 17:00:00,0.8692
2025-02-22 18:00:00,0.8189
2025-02-22 19:00:00,0.7893
2025-02-22 20:00:00,0.8695
2025-02-22 21:00:00,0.8498
2025-02-22 22:00:00,0.9009
2025-02-22 23:00:00,0.9551
2025-02-23 00:00:00,0.8858
2025-02-23 01:00:00,0.9228
2025-02-23 02:00:00,0.9516
2025-02-23 03:00:00,0.9714
2025-02-23 04:00:00,0.9819
2025-02-23 05:00:00,0.9857
2025-02-23 06:00:00,0.986
2025-02-23 07:00:00,0.9839
2025-02-23 08:00:00,0.9794
2025-02-23 09:00:00,0.9712
2025-02-23 10:00:00,0.959
2025-02-23 11:00:00,0.9477
2025-02-23 12:00:00,0.9372
2025-02-23 13:00:00,0.9218
2025-02-23 14:00:00,0.9016
2025-02-23 15:00:00,0.8627
2025-02-23 16:00:00,0.8045
2025-02-23 17:00:00,0.7535
2025-02-23 18:00:00,0.7237
2025-02-23 19:00:00,0.7153
2025-02-23 20:00:00,0.7343
2025-02-23 21:00:00,0.7572
2025-02-23 22:00:00,0.7568
2025-02-23 23:00:00,0.7396
2025-02-24 00:00:00,0.7159
2025-02-24 01:00:00,0.7026
2025-02-24 02:00:00,0.7035
2025-02-24 03:00:00,0.7128
2025-02-24 04:00:00,0.7314
2025-02-24 05:00:00,0.7513
2025-02-24 06:00:00,0.7678
2025-02-24 07:00:00,0.7775
2025-02-24 08:00:00,0.7774
2025-02-24 09:00:00,0.7559
2025-02-24 10:00:00,0.7126
2025-02-24 11:00:00,0.6625
2025-02-24 12:00:00,0.6162
2025-02-24 13:00:00,0.58
2025-02-24 14:00:00,0.5426
2025-02-24 15:00:00,0.5044
2025-02-24 16:00:00,0.477
2025-02-24 17:00:00,0.4723
2025-02-24 18:00:00,0.4882
2025-02-24 19:00:00,0.5036
2025-02-24 20:00:00,0.5076
2025-02-24 21:00:00,0.4755
2025-02-24 22:00:00,0.4059
2025-02-24 23:00:00,0.3199
2025-02-25 00:00:00,0.2288
2025-02-25 01:00:00,0.1679
2025-02-25 02:00:00,0.1399
2025-02-25 03:00:00,0.1301
2025-02-25 04:00:00,0.1177
2025-02-25 05:00:00,0.0846
2025-02-25 06:00:00,0.0473
2025-02-25 07:00:00,0.0349
2025-02-25 08:00:00,0.0348
2025-02-25 09:00:00,0.0391
2025-02-25 10:00:00,0.0453
2025-02-25 11:00:00,0.0487
2025-02-25 12:00:00,0.0451
2025-02-25 13:00:00,0.0407
2025-02-25 14:00:00,0.0518
2025-02-25 15:00:00,0.0983
2025-02-25 16:00:00,0.1957
2025-02-25 17:00:00,0.3377
2025-02-25 18:00:00,0.4663
2025-02-25 19:00:00,0.5608
2025-02-25 20:00:00,0.6153
2025-02-25 21:00:00,0.6407
2025-02-25 22:00:00,0.6609
2025-02-25 23:00:00,0.6891
2025-02-26 00:00:00,0.721
2025-02-26 01:00:00,0.7565
2025-02-26 02:00:00,0.8033
2025-02-26 03:00:00,0.8501
2025-02-26 04:00:00,0.8825
2025-02-26 05:00:00,0.9088
2025-02-26 06:00:00,0.9298
2025-02-26 07:00:00,0.9399
2025-02-26 08:00:00,0.9438
2025-02-26 09:00:00,0.9482
2025-02-26 10:00:00,0.9522
2025-02-26 11:00:00,0.9528
2025-02-26 12:00:00,0.9534
2025-02-26 13:00:00,0.9519
2025-02-26 14:00:00,0.9486
2025-02-26 15:00:00,0.9442
2025-02-26 16:00:00,0.939
2025-02-26 17:00:00,0.9309
2025-02-26 18:00:00,0.9149
2025-02-26 19:00:00,0.8875
2025-02-26 20:00:00,0.853
2025-02-26 21:00:00,0.8168
2025-02-26 22:00:00,0.7747
2025-02-26 23:00:00,0.7178
2025-02-27 00:00:00,0.6394
2025-02-27 01:00:00,0.5432
2025-02-27 02:00:00,0.4437
2025-02-27 03:00:00,0.3583
2025-02-27 04:00:00,0.2795
2025-02-27 05:00:00,0.2023
2025-02-27 06:00:00,0.1354
2025-02-27 07:00:00,0.0797
2025-02-27 08:00:00,0.0414
2025-02-27 09:00:00,0.0384
2025-02-27 10:00:00,0.0726
2025-02-27 11:00:00,0.1295
2025-02-27 12:00:00,0.1971
2025-02-27 13:00:00,0.2694
2025-02-27 14:00:00,0.3286
2025-02-27 15:00:00,0.3923
2025-02-27 16:00:00,0.4646
2025-02-27 17:00:00,0.5381
2025-02-27 18:00:00,0.6047
2025-02-27 19:00:00,0.6628
2025-02-27 20:00:00,0.7114
2025-02-27 21:00:00,0.761
2025-02-27 22:00:00,0.7981
2025-02-27 23:00:00,0.807
2025-02-28 00:00:00,0.7735
2025-02-28 01:00:00,0.7343
2025-02-28 02:00:00,0.6786
2025-02-28 03:00:00,0.5698
2025-02-28 04:00:00,0.4861
2025-02-28 05:00:00,0.4459
2025-02-28 06:00:00,0.3994
2025-02-28 07:00:00,0.3517
2025-02-28 08:00:00,0.3458
2025-02-28 09:00:00,0.4093
2025-02-28 10:00:00,0.5116
2025-02-28 11:00:00,0.6084
2025-02-28 12:00:00,0.6834
2025-02-28 13:00:00,0.7466
2025-02-28 14:00:00,0.8099
2025-02-28 15:00:00,0.8618
2025-02-28 16:00:00,0.9142
2025-02-28 17:00:00,0.952
2025-02-28 18:00:00,0.97
2025-02-28 19:00:00,0.9782
2025-02-28 20:00:00,0.9818
2025-02-28 21:00:00,0.9851
2025-02-28 22:00:00,0.9879
2025-02-28 23:00:00,0.99
2025-03-01 00:00:00,0.6482
2025-03-01 01:00:00,0.6365
2025-03-01 02:00:00,0.6768
2025-03-01 03:00:00,0.6898
2025-03-01 04:00:00,0.6226
2025-03-01 05:00:00,0.5143
2025-03-01 06:00:00,0.4845
2025-03-01 07:00:00,0.5786
2025-03-01 08:00:00,0.6687
2025-03-01 09:00:00,0.7335
2025-03-01 10:00:00,0.7699
2025-03-01 11:00:00,0.8061
2025-03-01 12:00:00,0.8642
2025-03-01 13:00:00,0.9258
2025-03-01 14:00:00,0.9666
2025-03-01 15:00:00,0.9805
2025-03-01 16:00:00,0.981
2025-03-01 17:00:00,0.9763
2025-03-01 18:00:00,0.9588
2025-03-01 19:00:00,0.9427
2025-03-01 20:00:00,0.9332
2025-03-01 21:00:00,0.9191
2025-03-01 22:00:00,0.9222
2025-03-01 23:00:00,0.9424
2025-03-02 00:00:00,0.9618
2025-03-02 01:00:00,0.979
2025-03-02 02:00:00,0.9806
2025-03-02 03:00:00,0.9773
2025-03-02 04:00:00,0.9742
2025-03-02 05:00:00,0.9705
2025-03-02 06:00:00,0.9665
2025-03-02 07:00:00,0.9615
2025-03-02 08:00:00,0.9551
2025-03-02 09:00:00,0.9482
2025-03-02 10:00:00,0.933
2025-03-02 11:00:00,0.9079
2025-03-02 12:00:00,0.8667
2025-03-02 13:00:00,0.8403
2025-03-02 14:00:00,0.8519
2025-03-02 15:00:00,0.8794
2025-03-02 16:00:00,0.9061
2025-03-02 17:00:00,0.9297
2025-03-02 18:00:00,0.9491
2025-03-02 19:00:00,0.9629
2025-03-02 20:00:00,0.9761
2025-03-02 21:00:00,0.9707
2025-03-02 22:00:00,0.9364
2025-03-02 23:00:00,0.878
2025-03-03 00:00:00,0.8366
2025-03-03 01:00:00,0.7538
2025-03-03 02:00:00,0.6944
2025-03-03 03:00:00,0.6728
2025-03-03 04:00:00,0.6695
2025-03-03 05:00:00,0.6484
2025-03-03 06:00:00,0.6184
2025-03-03 07:00:00,0.5908
2025-03-03 08:00:00,0.5684
2025-03-03 09:00:00,0.5293
2025-03-03 10:00:00,0.4736
2025-03-03 11:00:00,0.414
2025-03-03 12:00:00,0.359
2025-03-03 13:00:00,0.3216
2025-03-03 14:00:00,0.3051
2025-03-03 15:00:00,0.3473
2025-03-03 16:00:00,0.4066
2025-03-03 17:00:00,0.4388
2025-03-03 18:00:00,0.4408
2025-03-03 19:00:00,0.4173
2025-03-03 20:00:00,0.3838
2025-03-03 21:00:00,0.385
2025-03-03 22:00:00,0.4174
2025-03-03 23:00:00,0.4136
2025-03-04 00:00:00,0.3877
2025-03-04 01:00:00,0.3689
2025-03-04 02:00:00,0.3504
2025-03-04 03:00:00,0.318
2025-03-04 04:00:00,0.2624
2025-03-04 05:00:00,0.193
2025-03-04 06:00:00,0.1309
2025-03-04 07:00:00,0.091
2025-03-04 08:00:00,0.0774
2025-03-04 09:00:00,0.0926
2025-03-04 10:00:00,0.1145
2025-03-04 11:00:00,0.1139
2025-03-04 12:00:00,0.0833
2025-03-04 13:00:00,0.0502
2025-03-04 14:00:00,0.0431
2025-03-04 15:00:00,0.0607
2025-03-04 16:00:00,0.0955
2025-03-04 17:00:00,0.146
2025-03-04 18:00:00,0.1986
2025-03-04 19:00:00,0.2513
2025-03-04 20:00:00,0.2975
2025-03-04 21:00:00,0.3317
2025-03-04 22:00:00,0.3525
2025-03-04 23:00:00,0.3684
2025-03-05 00:00:00,0.3894
2025-03-05 01:00:00,0.4099
2025-03-05 02:00:00,0.4297
2025-03-05 03:00:00,0.4507
2025-03-05 04:00:00,0.4749
2025-03-05 05:00:00,0.4976
2025-03-05 06:00:00,0.5191
2025-03-05 07:00:00,0.537
2025-03-05 08:00:00,0.5422
2025-03-05 09:00:00,0.5293
2025-03-05 10:00:00,0.5159
2025-03-05 11:00:00,0.5076
2025-03-05 12:00:00,0.507
2025-03-05 13:00:00,0.5183
2025-03-05 14:00:00,0.552
2025-03-05 15:00:00,0.597
2025-03-05 16:00:00,0.6277
2025-03-05 17:00:00,0.6452
2025-03-05 18:00:00,0.6518
2025-03-05 19:00:00,0.6523
2025-03-05 20:00:00,0.6503
2025-03-05 21:00:00,0.6489
2025-03-05 22:00:00,0.6424
2025-03-05 23:00:00,0.6314
2025-03-06 00:00:00,0.6201
2025-03-06 01:00:00,0.6079
2025-03-06 02:00:00,0.5982
2025-03-06 03:00:00,0.5908
2025-03-06 04:00:00,0.5816
2025-03-06 05:00:00,0.572
2025-03-06 06:00:00,0.5666
2025-03-06 07:00:00,0.5596
2025-03-06 08:00:00,0.5468
2025-03-06 09:00:00,0.5322
2025-03-06 10:00:00,0.5179
2025-03-06 11:00:00,0.5074
2025-03-06 12:00:00,0.4786
2025-03-06 13:00:00,0.4434
2025-03-06 14:00:00,0.4209
2025-03-06 15:00:00,0.4234
2025-03-06 16:00:00,0.4601
2025-03-06 17:00:00,0.5204
2025-03-06 18:00:00,0.5859
2025-03-06 19:00:00,0.6327
2025-03-06 20:00:00,0.6521
2025-03-06 21:00:00,0.6368
2025-03-06 22:00:00,0.6027
2025-03-06 23:00:00,0.5674
2025-03-07 00:00:00,0.5304
2025-03-07 01:00:00,0.4961
2025-03-07 02:00:00,0.4781
2025-03-07 03:00:00,0.4982
2025-03-07 04:00:00,0.542
2025-03-07 05:00:00,0.592
2025-03-07 06:00:00,0.6441
2025-03-07 07:00:00,0.6915
2025-03-07 08:00:00,0.7239
2025-03-07 09:00:00,0.7438
2025-03-07 10:00:00,0.7582
2025-03-07 11:00:00,0.7629
2025-03-07 12:00:00,0.7603
2025-03-07 13:00:00,0.7672
2025-03-07 14:00:00,0.7889
2025-03-07 15:00:00,0.8178
2025-03-07 16:00:00,0.845
2025-03-07 17:00:00,0.8691
2025-03-07 18:00:00,0.882
2025-03-07 19:00:00,0.883
2025-03-07 20:00:00,0.8784
2025-03-07 21:00:00,0.8767
2025-03-07 22:00:00,0.8772
2025-03-07 23:00:00,0.8783
2025-03-08 00:00:00,0.8758
2025-03-08 01:00:00,0.8739
2025-03-08 02:00:00,0.874
2025-03-08 03:00:00,0.8824
2025-03-08 04:00:00,0.9031
2025-03-08 05:00:00,0.9258
2025-03-08 06:00:00,0.9439
2025-03-08 07:00:00,0.9552
2025-03-08 08:00:00,0.9596
2025-03-08 09:00:00,0.9573
2025-03-08 10:00:00,0.9541
2025-03-08 11:00:00,0.9552
2025-03-08 12:00:00,0.958
2025-03-08 13:00:00,0.9608
2025-03-08 14:00:00,0.9639
2025-03-08 15:00:00,0.9676
2025-03-08 16:00:00,0.971
2025-03-08 17:00:00,0.974
2025-03-08 18:00:00,0.9768
2025-03-08 19:00:00,0.9759
2025-03-08 20:00:00,0.9723
2025-03-08 21:00:00,0.9655
2025-03-08 22:00:00,0.9581
2025-03-08 23:00:00,0.9481
2025-03-09 00:00:00,0.9351
2025-03-09 01:00:00,0.9266
2025-03-09 02:00:00,0.9209
2025-03-09 03:00:00,0.9147
2025-03-09 04:00:00,0.9059
2025-03-09 05:00:00,0.902
2025-03-09 06:00:00,0.9065
2025-03-09 07:00:00,0.9132
2025-03-09 08:00:00,0.9144
2025-03-09 09:00:00,0.9092
2025-03-09 10:00:00,0.9037
2025-03-09 11:00:00,0.9082
2025-03-09 12:00:00,0.9157
2025-03-09 13:00:00,0.9246
2025-03-09 14:00:00,0.9327
2025-03-09 15:00:00,0.9452
2025-03-09 16:00:00,0.9563
2025-03-09 17:00:00,0.967
2025-03-09 18:00:00,0.9744
2025-03-09 19:00:00,0.9721
2025-03-09 20:00:00,0.9692
2025-03-09 21:00:00,0.9596
2025-03-09 22:00:00,0.9565
2025-03-09 23:00:00,0.9524
2025-03-10 00:00:00,0.9412
2025-03-10 01:00:00,0.9429
2025-03-10 02:00:00,0.9608
2025-03-10 03:00:00,0.9737
2025-03-10 04:00:00,0.979
2025-03-10 05:00:00,0.9819
2025-03-10 06:00:00,0.9855
2025-03-10 07:00:00,0.9873
2025-03-10 08:00:00,0.9874
2025-03-10 09:00:00,0.9848
2025-03-10 10:00:00,0.9812
2025-03-10 11:00:00,0.9815
2025-03-10 12:00:00,0.9779
2025-03-10 13:00:00,0.9736
2025-03-10 14:00:00,0.9719
2025-03-10 15:00:00,0.9681
2025-03-10 16:00:00,0.9711
2025-03-10 17:00:00,0.9692
2025-03-10 18:00:00,0.9583
2025-03-10 19:00:00,0.9477
2025-03-10 20:00:00,0.9346
2025-03-10 21:00:00,0.9229
2025-03-10 22:00:00,0.9183
2025-03-10 23:00:00,0.9183
2025-03-11 00:00:00,0.9164
2025-03-11 01:00:00,0.9125
2025-03-11 02:00:00,0.9079
2025-03-11 03:00:00,0.9008
2025-03-11 04:00:00,0.8949
2025-03-11 05:00:00,0.8852
2025-03-11 06:00:00,0.872
2025-03-11 07:00:00,0.8569
2025-03-11 08:00:00,0.844
2025-03-11 09:00:00,0.8312
2025-03-11 10:00:00,0.8138
2025-03-11 11:00:00,0.7836
2025-03-11 12:00:00,0.7565
2025-03-11 13:00:00,0.7473
2025-03-11 14:00:00,0.7484
2025-03-11 15:00:00,0.7526
2025-03-11 16:00:00,0.7501
2025-03-11 17:00:00,0.7359
2025-03-11 18:00:00,0.7034
2025-03-11 19:00:00,0.6506
2025-03-11 20:00:00,0.5975
2025-03-11 21:00:00,0.5526
2025-03-11 22:00:00,0.4965
2025-03-11 23:00:00,0.4274
2025-03-12 00:00:00,0.3596
2025-03-12 01:00:00,0.3064
2025-03-12 02:00:00,0.2816
2025-03-12 03:00:00,0.2547
2025-03-12 04:00:00,0.2174
2025-03-12 05:00:00,0.1858
2025-03-12 06:00:00,0.1596
2025-03-12 07:00:00,0.1428
2025-03-12 08:00:00,0.1362
2025-03-12 09:00:00,0.148
2025-03-12 10:00:00,0.2055
2025-03-12 11:00:00,0.2736
2025-03-12 12:00:00,0.3361
2025-03-12 13:00:00,0.3893
2025-03-12 14:00:00,0.4603
2025-03-12 15:00:00,0.5569
2025-03-12 16:00:00,0.6519
2025-03-12 17:00:00,0.7292
2025-03-12 18:00:00,0.7781
2025-03-12 19:00:00,0.8078
2025-03-12 20:00:00,0.8341
2025-03-12 21:00:00,0.8384
2025-03-12 22:00:00,0.8261
2025-03-12 23:00:00,0.8159
2025-03-13 00:00:00,0.8055
2025-03-13 01:00:00,0.8041
2025-03-13 02:00:00,0.8045
2025-03-13 03:00:00,0.8085
2025-03-13 04:00:00,0.8274
2025-03-13 05:00:00,0.8529
2025-03-13 06:00:00,0.871
2025-03-13 07:00:00,0.8856
2025-03-13 08:00:00,0.9021
2025-03-13 09:00:00,0.9258
2025-03-13 10:00:00,0.9363
2025-03-13 11:00:00,0.9484
2025-03-13 12:00:00,0.9557
2025-03-13 13:00:00,0.962
2025-03-13 14:00:00,0.967
2025-03-13 15:00:00,0.974
2025-03-13 16:00:00,0.9791
2025-03-13 17:00:00,0.9823
2025-03-13 18:00:00,0.9811
2025-03-13 19:00:00,0.9823
2025-03-13 20:00:00,0.9816
2025-03-13 21:00:00,0.9794
2025-03-13 22:00:00,0.9795
2025-03-13 23:00:00,0.9749
2025-03-14 00:00:00,0.9682
2025-03-14 01:00:00,0.9625
2025-03-14 02:00:00,0.9606
2025-03-14 03:00:00,0.9581
2025-03-14 04:00:00,0.9527
2025-03-14 05:00:00,0.9471
2025-03-14 06:00:00,0.9416
2025-03-14 07:00:00,0.9382
2025-03-14 08:00:00,0.9389
2025-03-14 09:00:00,0.9392
2025-03-14 10:00:00,0.9409
2025-03-14 11:00:00,0.9429
2025-03-14 12:00:00,0.9437
2025-03-14 13:00:00,0.9453
2025-03-14 14:00:00,0.9471
2025-03-14 15:00:00,0.9494
2025-03-14 16:00:00,0.9544
2025-03-14 17:00:00,0.9596
2025-03-14 18:00:00,0.9691
2025-03-14 19:00:00,0.9745
2025-03-14 20:00:00,0.9766
2025-03-14 21:00:00,0.9778
2025-03-14 22:00:00,0.9804
2025-03-14 23:00:00,0.9829
2025-03-15 00:00:00,0.9788
2025-03-15 01:00:00,0.9803
2025-03-15 02:00:00,0.9822
2025-03-15 03:00:00,0.9831
2025-03-15 04:00:00,0.9794
2025-03-15 05:00:00,0.9764
2025-03-15 06:00:00,0.9755
2025-03-15 07:00:00,0.9781
2025-03-15 08:00:00,0.9793
2025-03-15 09:00:00,0.9816
2025-03-15 10:00:00,0.9846
2025-03-15 11:00:00,0.986
2025-03-15 12:00:00,0.9856
2025-03-15 13:00:00,0.9827
2025-03-15 14:00:00,0.9796
2025-03-15 15:00:00,0.9814
2025-03-15 16:00:00,0.9817
2025-03-15 17:00:00,0.9848
2025-03-15 18:00:00,0.983
2025-03-15 19:00:00,0.9781
2025-03-15 20:00:00,0.9631
2025-03-15 21:00:00,0.9379
2025-03-15 22:00:00,0.9045
2025-03-15 23:00:00,0.894
2025-03-16 00:00:00,0.907
2025-03-16 01:00:00,0.922
2025-03-16 02:00:00,0.9319
2025-03-16 03:00:00,0.9316
2025-03-16 04:00:00,0.9316
2025-03-16 05:00:00,0.9201
2025-03-16 06:00:00,0.8897
2025-03-16 07:00:00,0.8339
2025-03-16 08:00:00,0.7606
2025-03-16 09:00:00,0.6974
2025-03-16 10:00:00,0.6495
2025-03-16 11:00:00,0.6227
2025-03-16 12:00:00,0.6198
2025-03-16 13:00:00,0.5979
2025-03-16 14:00:00,0.5246
2025-03-16 15:00:00,0.4342
2025-03-16 16:00:00,0.3667
2025-03-16 17:00:00,0.3224
2025-03-16 18:00:00,0.3014
2025-03-16 19:00:00,0.2873
2025-03-16 20:00:00,0.2554
2025-03-16 21:00:00,0.2269
2025-03-16 22:00:00,0.2438
2025-03-16 23:00:00,0.3079
2025-03-17 00:00:00,0.3945
2025-03-17 01:00:00,0.4789
2025-03-17 02:00:00,0.5663
2025-03-17 03:00:00,0.6498
2025-03-17 04:00:00,0.7221
2025-03-17 05:00:00,0.7837
2025-03-17 06:00:00,0.8382
2025-03-17 07:00:00,0.8787
2025-03-17 08:00:00,0.9104
2025-03-17 09:00:00,0.9255
2025-03-17 10:00:00,0.9332
2025-03-17 11:00:00,0.941
2025-03-17 12:00:00,0.9444
2025-03-17 13:00:00,0.9468
2025-03-17 14:00:00,0.9465
2025-03-17 15:00:00,0.9558
2025-03-17 16:00:00,0.9638
2025-03-17 17:00:00,0.9676
2025-03-17 18:00:00,0.9661
2025-03-17 19:00:00,0.9591
2025-03-17 20:00:00,0.9497
2025-03-17 21:00:00,0.9316
2025-03-17 22:00:00,0.907
2025-03-17 23:00:00,0.864
2025-03-18 00:00:00,0.8115
2025-03-18 01:00:00,0.7529
2025-03-18 02:00:00,0.6853
2025-03-18 03:00:00,0.6173
2025-03-18 04:00:00,0.551
2025-03-18 05:00:00,0.5197
2025-03-18 06:00:00,0.5293
2025-03-18 07:00:00,0.5428
2025-03-18 08:00:00,0.5565
2025-03-18 09:00:00,0.5481
2025-03-18 10:00:00,0.5255
2025-03-18 11:00:00,0.494
2025-03-18 12:00:00,0.4408
2025-03-18 13:00:00,0.3828
2025-03-18 14:00:00,0.3393
2025-03-18 15:00:00,0.3237
2025-03-18 16:00:00,0.3262
2025-03-18 17:00:00,0.3644
2025-03-18 18:00:00,0.4428
2025-03-18 19:00:00,0.535
2025-03-18 20:00:00,0.6311
2025-03-18 21:00:00,0.7184
2025-03-18 22:00:00,0.7814
2025-03-18 23:00:00,0.8212
2025-03-19 00:00:00,0.8477
2025-03-19 01:00:00,0.866
2025-03-19 02:00:00,0.8807
2025-03-19 03:00:00,0.8924
2025-03-19 04:00:00,0.8977
2025-03-19 05:00:00,0.9008
2025-03-19 06:00:00,0.9026
2025-03-19 07:00:00,0.9078
2025-03-19 08:00:00,0.9146
2025-03-19 09:00:00,0.9256
2025-03-19 10:00:00,0.9344
2025-03-19 11:00:00,0.9435
2025-03-19 12:00:00,0.9458
2025-03-19 13:00:00,0.9475
2025-03-19 14:00:00,0.9447
2025-03-19 15:00:00,0.9307
2025-03-19 16:00:00,0.9143
2025-03-19 17:00:00,0.8788
2025-03-19 18:00:00,0.8241
2025-03-19 19:00:00,0.7491
2025-03-19 20:00:00,0.6655
2025-03-19 21:00:00,0.5968
2025-03-19 22:00:00,0.5518
2025-03-19 23:00:00,0.5121
2025-03-20 00:00:00,0.4601
2025-03-20 01:00:00,0.3977
2025-03-20 02:00:00,0.3336
2025-03-20 03:00:00,0.2874
2025-03-20 04:00:00,0.2703
2025-03-20 05:00:00,0.2903
2025-03-20 06:00:00,0.3327
2025-03-20 07:00:00,0.3792
2025-03-20 08:00:00,0.4134
2025-03-20 09:00:00,0.4166
2025-03-20 10:00:00,0.4005
2025-03-20 11:00:00,0.3861
2025-03-20 12:00:00,0.3908
2025-03-20 13:00:00,0.4071
2025-03-20 14:00:00,0.4172
2025-03-20 15:00:00,0.448
2025-03-20 16:00:00,0.5083
2025-03-20 17:00:00,0.598
2025-03-20 18:00:00,0.6947
2025-03-20 19:00:00,0.7776
2025-03-20 20:00:00,0.8311
2025-03-20 21:00:00,0.8194
2025-03-20 22:00:00,0.7806
2025-03-20 23:00:00,0.7807
2025-03-21 00:00:00,0.7897
2025-03-21 01:00:00,0.7989
2025-03-21 02:00:00,0.8228
2025-03-21 03:00:00,0.829
2025-03-21 04:00:00,0.7763
2025-03-21 05:00:00,0.6138
2025-03-21 06:00:00,0.3912
2025-03-21 07:00:00,0.1936
2025-03-21 08:00:00,0.1152
2025-03-21 09:00:00,0.1683
2025-03-21 10:00:00,0.2658
2025-03-21 11:00:00,0.3843
2025-03-21 12:00:00,0.5434
2025-03-21 13:00:00,0.7081
2025-03-21 14:00:00,0.8164
2025-03-21 15:00:00,0.8738
2025-03-21 16:00:00,0.9061
2025-03-21 17:00:00,0.9242
2025-03-21 18:00:00,0.9264
2025-03-21 19:00:00,0.934
2025-03-21 20:00:00,0.9469
2025-03-21 21:00:00,0.9468
2025-03-21 22:00:00,0.9472
2025-03-21 23:00:00,0.9521
2025-03-22 00:00:00,0.9632
2025-03-22 01:00:00,0.9557
2025-03-22 02:00:00,0.9458
2025-03-22 03:00:00,0.9476
2025-03-22 04:00:00,0.946
2025-03-22 05:00:00,0.9371
2025-03-22 06:00:00,0.922
2025-03-22 07:00:00,0.8983
2025-03-22 08:00:00,0.8782
2025-03-22 09:00:00,0.8589
2025-03-22 10:00:00,0.8527
2025-03-22 11:00:00,0.8521
2025-03-22 12:00:00,0.8476
2025-03-22 13:00:00,0.8268
2025-03-22 14:00:00,0.7849
2025-03-22 15:00:00,0.7353
2025-03-22 16:00:00,0.6792
2025-03-22 17:00:00,0.6287
2025-03-22 18:00:00,0.612
2025-03-22 19:00:00,0.6261
2025-03-22 20:00:00,0.6696
2025-03-22 21:00:00,0.7612
2025-03-22 22:00:00,0.8466
2025-03-22 23:00:00,0.8838
2025-03-23 00:00:00,0.8964
2025-03-23 01:00:00,0.9139
2025-03-23 02:00:00,0.9328
2025-03-23 03:00:00,0.943
2025-03-23 04:00:00,0.9521
2025-03-23 05:00:00,0.961
2025-03-23 06:00:00,0.9667
2025-03-23 07:00:00,0.9704
2025-03-23 08:00:00,0.9753
2025-03-23 09:00:00,0.9802
2025-03-23 10:00:00,0.983
2025-03-23 11:00:00,0.9834
2025-03-23 12:00:00,0.9814
2025-03-23 13:00:00,0.9773
2025-03-23 14:00:00,0.9746
2025-03-23 15:00:00,0.9728
2025-03-23 16:00:00,0.972
2025-03-23 17:00:00,0.9752
2025-03-23 18:00:00,0.9811
2025-03-23 19:00:00,0.9866
2025-03-23 20:00:00,0.9895
2025-03-23 21:00:00,0.9889
2025-03-23 22:00:00,0.9832
2025-03-23 23:00:00,0.9716
2025-03-24 00:00:00,0.9589
2025-03-24 01:00:00,0.9557
2025-03-24 02:00:00,0.9667
2025-03-24 03:00:00,0.9805
2025-03-24 04:00:00,0.987
2025-03-24 05:00:00,0.9885
2025-03-24 06:00:00,0.9878
2025-03-24 07:00:00,0.9881
2025-03-24 08:00:00,0.9891
2025-03-24 09:00:00,0.9887
2025-03-24 10:00:00,0.9877
2025-03-24 11:00:00,0.9867
2025-03-24 12:00:00,0.9868
2025-03-24 13:00:00,0.988
2025-03-24 14:00:00,0.9896
2025-03-24 15:00:00,0.9913
2025-03-24 16:00:00,0.991
2025-03-24 17:00:00,0.9868
2025-03-24 18:00:00,0.9766
2025-03-24 19:00:00,0.9584
2025-03-24 20:00:00,0.9306
2025-03-24 21:00:00,0.8924
2025-03-24 22:00:00,0.8395
2025-03-24 23:00:00,0.7684
2025-03-25 00:00:00,0.691
2025-03-25 01:00:00,0.6224
2025-03-25 02:00:00,0.5693
2025-03-25 03:00:00,0.5161
2025-03-25 04:00:00,0.4553
2025-03-25 05:00:00,0.386
2025-03-25 06:00:00,0.3094
2025-03-25 07:00:00,0.2308
2025-03-25 08:00:00,0.1675
2025-03-25 09:00:00,0.1381
2025-03-25 10:00:00,0.1489
2025-03-25 11:00:00,0.1718
2025-03-25 12:00:00,0.1891
2025-03-25 13:00:00,0.2019
2025-03-25 14:00:00,0.2126
2025-03-25 15:00:00,0.2468
2025-03-25 16:00:00,0.3339
2025-03-25 17:00:00,0.4425
2025-03-25 18:00:00,0.5468
2025-03-25 19:00:00,0.6242
2025-03-25 20:00:00,0.6819
2025-03-25 21:00:00,0.7317
2025-03-25 22:00:00,0.7683
2025-03-25 23:00:00,0.7898
2025-03-26 00:00:00,0.8044
2025-03-26 01:00:00,0.8168
2025-03-26 02:00:00,0.8254
2025-03-26 03:00:00,0.8244
2025-03-26 04:00:00,0.8212
2025-03-26 05:00:00,0.8148
2025-03-26 06:00:00,0.8017
2025-03-26 07:00:00,0.7792
2025-03-26 08:00:00,0.7632
2025-03-26 09:00:00,0.7574
2025-03-26 10:00:00,0.7289
2025-03-26 11:00:00,0.6788
2025-03-26 12:00:00,0.6111
2025-03-26 13:00:00,0.5147
2025-03-26 14:00:00,0.4211
2025-03-26 15:00:00,0.3706
2025-03-26 16:00:00,0.392
2025-03-26 17:00:00,0.4721
2025-03-26 18:00:00,0.572
2025-03-26 19:00:00,0.6573
2025-03-26 20:00:00,0.7257
2025-03-26 21:00:00,0.7766
2025-03-26 22:00:00,0.8066
2025-03-26 23:00:00,0.8404
2025-03-27 00:00:00,0.8668
2025-03-27 01:00:00,0.9025
2025-03-27 02:00:00,0.9113
2025-03-27 03:00:00,0.884
2025-03-27 04:00:00,0.8961
2025-03-27 05:00:00,0.9312
2025-03-27 06:00:00,0.9389
2025-03-27 07:00:00,0.9166
2025-03-27 08:00:00,0.9078
2025-03-27 09:00:00,0.9129
2025-03-27 10:00:00,0.8998
2025-03-27 11:00:00,0.8676
2025-03-27 12:00:00,0.8383
2025-03-27 13:00:00,0.8183
2025-03-27 14:00:00,0.7804
2025-03-27 15:00:00,0.7705
2025-03-27 16:00:00,0.7874
2025-03-27 17:00:00,0.8123
2025-03-27 18:00:00,0.8349
2025-03-27 19:00:00,0.8335
2025-03-27 20:00:00,0.827
2025-03-27 21:00:00,0.7817
2025-03-27 22:00:00,0.7467
2025-03-27 23:00:00,0.7137
2025-03-28 00:00:00,0.6831
2025-03-28 01:00:00,0.6781
2025-03-28 02:00:00,0.748
2025-03-28 03:00:00,0.822
2025-03-28 04:00:00,0.8706
2025-03-28 05:00:00,0.8924
2025-03-28 06:00:00,0.8854
2025-03-28 07:00:00,0.859
2025-03-28 08:00:00,0.8297
2025-03-28 09:00:00,0.8101
2025-03-28 10:00:00,0.7925
2025-03-28 11:00:00,0.7896
2025-03-28 12:00:00,0.8583
2025-03-28 13:00:00,0.9169
2025-03-28 14:00:00,0.9258
2025-03-28 15:00:00,0.9269
2025-03-28 16:00:00,0.9321
2025-03-28 17:00:00,0.9333
2025-03-28 18:00:00,0.9513
2025-03-28 19:00:00,0.973
2025-03-28 20:00:00,0.9814
2025-03-28 21:00:00,0.9801
2025-03-28 22:00:00,0.976
2025-03-28 23:00:00,0.9723
2025-03-29 00:00:00,0.9693
2025-03-29 01:00:00,0.973
2025-03-29 02:00:00,0.984
2025-03-29 03:00:00,0.9886
2025-03-29 04:00:00,0.9908
2025-03-29 05:00:00,0.9911
2025-03-29 06:00:00,0.9886
2025-03-29 07:00:00,0.9839
2025-03-29 08:00:00,0.9765
2025-03-29 09:00:00,0.9715
2025-03-29 10:00:00,0.9646
2025-03-29 11:00:00,0.9542
2025-03-29 12:00:00,0.9443
2025-03-29 13:00:00,0.934
2025-03-29 14:00:00,0.9269
2025-03-29 15:00:00,0.9258
2025-03-29 16:00:00,0.9205
2025-03-29 17:00:00,0.9205
2025-03-29 18:00:00,0.9218
2025-03-29 19:00:00,0.9302
2025-03-29 20:00:00,0.9329
2025-03-29 21:00:00,0.9335
2025-03-29 22:00:00,0.9336
2025-03-29 23:00:00,0.9238
2025-03-30 00:00:00,0.8861
2025-03-30 01:00:00,0.8187
2025-03-30 02:00:00,0.7769
2025-03-30 03:00:00,0.7814
2025-03-30 04:00:00,0.7119
2025-03-30 05:00:00,0.5656
2025-03-30 06:00:00,0.4509
2025-03-30 07:00:00,0.3898
2025-03-30 08:00:00,0.3621
2025-03-30 09:00:00,0.2841
2025-03-30 10:00:00,0.1872
2025-03-30 11:00:00,0.1363
2025-03-30 12:00:00,0.1214
2025-03-30 13:00:00,0.1028
2025-03-30 14:00:00,0.1524
2025-03-30 15:00:00,0.2722
2025-03-30 16:00:00,0.3792
2025-03-30 17:00:00,0.3884
2025-03-30 18:00:00,0.3345
2025-03-30 19:00:00,0.2839
2025-03-30 20:00:00,0.2456
2025-03-30 21:00:00,0.2146
2025-03-30 22:00:00,0.1768
2025-03-30 23:00:00,0.1637
2025-03-31 00:00:00,0.1614
2025-03-31 01:00:00,0.1786
2025-03-31 02:00:00,0.25
2025-03-31 03:00:00,0.2962
2025-03-31 04:00:00,0.3272
2025-03-31 05:00:00,0.424
2025-03-31 06:00:00,0.5125
2025-03-31 07:00:00,0.5906
2025-03-31 08:00:00,0.6573
2025-03-31 09:00:00,0.7244
2025-03-31 10:00:00,0.78
2025-03-31 11:00:00,0.8163
2025-03-31 12:00:00,0.8399
2025-03-31 13:00:00,0.8484
2025-03-31 14:00:00,0.8444
2025-03-31 15:00:00,0.8474
2025-03-31 16:00:00,0.8555
2025-03-31 17:00:00,0.8638
2025-03-31 18:00:00,0.8913
2025-03-31 19:00:00,0.9248
2025-03-31 20:00:00,0.9468
2025-03-31 21:00:00,0.9537
2025-03-31 22:00:00,0.9529
2025-03-31 23:00:00,0.9525
2025-04-01 00:00:00,0.9327
2025-04-01 01:00:00,0.8809
2025-04-01 02:00:00,0.7987
2025-04-01 03:00:00,0.7513
2025-04-01 04:00:00,0.7291
2025-04-01 05:00:00,0.693
2025-04-01 06:00:00,0.6255
2025-04-01 07:00:00,0.5631
2025-04-01 08:00:00,0.5406
2025-04-01 09:00:00,0.5195
2025-04-01 10:00:00,0.5114
2025-04-01 11:00:00,0.5382
2025-04-01 12:00:00,0.5786
2025-04-01 13:00:00,0.6438
2025-04-01 14:00:00,0.706
2025-04-01 15:00:00,0.7502
2025-04-01 16:00:00,0.7612
2025-04-01 17:00:00,0.7389
2025-04-01 18:00:00,0.6842
2025-04-01 19:00:00,0.641
2025-04-01 20:00:00,0.6151
2025-04-01 21:00:00,0.6087
2025-04-01 22:00:00,0.6094
2025-04-01 23:00:00,0.6338
2025-04-02 00:00:00,0.6536
2025-04-02 01:00:00,0.6753
2025-04-02 02:00:00,0.696
2025-04-02 03:00:00,0.7078
2025-04-02 04:00:00,0.7093
2025-04-02 05:00:00,0.721
2025-04-02 06:00:00,0.7141
2025-04-02 07:00:00,0.6815
2025-04-02 08:00:00,0.6536
2025-04-02 09:00:00,0.645
2025-04-02 10:00:00,0.6305
2025-04-02 11:00:00,0.5753
2025-04-02 12:00:00,0.5118
2025-04-02 13:00:00,0.4695
2025-04-02 14:00:00,0.4393
2025-04-02 15:00:00,0.397
2025-04-02 16:00:00,0.3444
2025-04-02 17:00:00,0.3136
2025-04-02 18:00:00,0.2869
2025-04-02 19:00:00,0.2353
2025-04-02 20:00:00,0.2341
2025-04-02 21:00:00,0.2962
2025-04-02 22:00:00,0.3635
2025-04-02 23:00:00,0.4472
2025-04-03 00:00:00,0.5498
2025-04-03 01:00:00,0.6527
2025-04-03 02:00:00,0.7378
2025-04-03 03:00:00,0.7961
2025-04-03 04:00:00,0.8257
2025-04-03 05:00:00,0.85
2025-04-03 06:00:00,0.8676
2025-04-03 07:00:00,0.8862
2025-04-03 08:00:00,0.895
2025-04-03 09:00:00,0.8956
2025-04-03 10:00:00,0.8934
2025-04-03 11:00:00,0.8948
2025-04-03 12:00:00,0.9034
2025-04-03 13:00:00,0.9088
2025-04-03 14:00:00,0.9264
2025-04-03 15:00:00,0.9392
2025-04-03 16:00:00,0.9497
2025-04-03 17:00:00,0.9542
2025-04-03 18:00:00,0.9599
2025-04-03 19:00:00,0.9622
2025-04-03 20:00:00,0.9728
2025-04-03 21:00:00,0.98
2025-04-03 22:00:00,0.9825
2025-04-03 23:00:00,0.9765
2025-04-04 00:00:00,0.9632
2025-04-04 01:00:00,0.94
2025-04-04 02:00:00,0.923
2025-04-04 03:00:00,0.8794
2025-04-04 04:00:00,0.8202
2025-04-04 05:00:00,0.8286
2025-04-04 06:00:00,0.8325
2025-04-04 07:00:00,0.8217
2025-04-04 08:00:00,0.7736
2025-04-04 09:00:00,0.7433
2025-04-04 10:00:00,0.7576
2025-04-04 11:00:00,0.8037
2025-04-04 12:00:00,0.8561
2025-04-04 13:00:00,0.8772
2025-04-04 14:00:00,0.8679
2025-04-04 15:00:00,0.8499
2025-04-04 16:00:00,0.8342
2025-04-04 17:00:00,0.7813
2025-04-04 18:00:00,0.7313
2025-04-04 19:00:00,0.6987
2025-04-04 20:00:00,0.6362
2025-04-04 21:00:00,0.608
2025-04-04 22:00:00,0.5946
2025-04-04 23:00:00,0.5237
2025-04-05 00:00:00,0.486
2025-04-05 01:00:00,0.5497
2025-04-05 02:00:00,0.694
2025-04-05 03:00:00,0.8182
2025-04-05 04:00:00,0.8991
2025-04-05 05:00:00,0.9586
2025-04-05 06:00:00,0.973
2025-04-05 07:00:00,0.9816
2025-04-05 08:00:00,0.9834
2025-04-05 09:00:00,0.9885
2025-04-05 10:00:00,0.9916
2025-04-05 11:00:00,0.991
2025-04-05 12:00:00,0.9904
2025-04-05 13:00:00,0.9885
2025-04-05 14:00:00,0.9863
2025-04-05 15:00:00,0.9828
2025-04-05 16:00:00,0.9806
2025-04-05 17:00:00,0.9796
2025-04-05 18:00:00,0.9784
2025-04-05 19:00:00,0.9747
2025-04-05 20:00:00,0.9703
2025-04-05 21:00:00,0.9646
2025-04-05 22:00:00,0.9576
2025-04-05 23:00:00,0.947
2025-04-06 00:00:00,0.935
2025-04-06 01:00:00,0.9125
2025-04-06 02:00:00,0.8893
2025-04-06 03:00:00,0.8486
2025-04-06 04:00:00,0.8549
2025-04-06 05:00:00,0.9036
2025-04-06 06:00:00,0.9436
2025-04-06 07:00:00,0.9706
2025-04-06 08:00:00,0.9849
2025-04-06 09:00:00,0.9897
2025-04-06 10:00:00,0.991
2025-04-06 11:00:00,0.9901
2025-04-06 12:00:00,0.9904
2025-04-06 13:00:00,0.9895
2025-04-06 14:00:00,0.9876
2025-04-06 15:00:00,0.9839
2025-04-06 16:00:00,0.9891
2025-04-06 17:00:00,0.9906
2025-04-06 18:00:00,0.9906
2025-04-06 19:00:00,0.9907
2025-04-06 20:00:00,0.9909
2025-04-06 21:00:00,0.991
2025-04-06 22:00:00,0.9904
2025-04-06 23:00:00,0.9898
2025-04-07 00:00:00,0.9884
2025-04-07 01:00:00,0.9866
2025-04-07 02:00:00,0.9861
2025-04-07 03:00:00,0.99
2025-04-07 04:00:00,0.9914
2025-04-07 05:00:00,0.9897
2025-04-07 06:00:00,0.9866
2025-04-07 07:00:00,0.9847
2025-04-07 08:00:00,0.9838
2025-04-07 09:00:00,0.9839
2025-04-07 10:00:00,0.9842
2025-04-07 11:00:00,0.9848
2025-04-07 12:00:00,0.9835
2025-04-07 13:00:00,0.9815
2025-04-07 14:00:00,0.9835
2025-04-07 15:00:00,0.9829
2025-04-07 16:00:00,0.9753
2025-04-07 17:00:00,0.9707
2025-04-07 18:00:00,0.9679
2025-04-07 19:00:00,0.9596
2025-04-07 20:00:00,0.9498
2025-04-07 21:00:00,0.945
2025-04-07 22:00:00,0.9382
2025-04-07 23:00:00,0.9272
2025-04-08 00:00:00,0.9112
2025-04-08 01:00:00,0.893
2025-04-08 02:00:00,0.88
2025-04-08 03:00:00,0.8565
2025-04-08 04:00:00,0.8266
2025-04-08 05:00:00,0.8096
2025-04-08 06:00:00,0.8007
2025-04-08 07:00:00,0.773
2025-04-08 08:00:00,0.7229
2025-04-08 09:00:00,0.6373
2025-04-08 10:00:00,0.5721
2025-04-08 11:00:00,0.5762
2025-04-08 12:00:00,0.5344
2025-04-08 13:00:00,0.4623
2025-04-08 14:00:00,0.4194
2025-04-08 15:00:00,0.496
2025-04-08 16:00:00,0.6684
2025-04-08 17:00:00,0.7945
2025-04-08 18:00:00,0.8576
2025-04-08 19:00:00,0.895
2025-04-08 20:00:00,0.9176
2025-04-08 21:00:00,0.9243
2025-04-08 22:00:00,0.9292
2025-04-08 23:00:00,0.9499
2025-04-09 00:00:00,0.9507
2025-04-09 01:00:00,0.9183
2025-04-09 02:00:00,0.8906
2025-04-09 03:00:00,0.8782
2025-04-09 04:00:00,0.8701
2025-04-09 05:00:00,0.9207
2025-04-09 06:00:00,0.9588
2025-04-09 07:00:00,0.9799
2025-04-09 08:00:00,0.983
2025-04-09 09:00:00,0.9786
2025-04-09 10:00:00,0.9769
2025-04-09 11:00:00,0.9746
2025-04-09 12:00:00,0.9765
2025-04-09 13:00:00,0.9791
2025-04-09 14:00:00,0.9824
2025-04-09 15:00:00,0.9857
2025-04-09 16:00:00,0.9861
2025-04-09 17:00:00,0.9849
2025-04-09 18:00:00,0.9876
2025-04-09 19:00:00,0.9907
2025-04-09 20:00:00,0.9899
2025-04-09 21:00:00,0.9876
2025-04-09 22:00:00,0.9861
2025-04-09 23:00:00,0.9851
2025-04-10 00:00:00,0.984
2025-04-10 01:00:00,0.9826
2025-04-10 02:00:00,0.9775
2025-04-10 03:00:00,0.9656
2025-04-10 04:00:00,0.9221
2025-04-10 05:00:00,0.8237
2025-04-10 06:00:00,0.7414
2025-04-10 07:00:00,0.7177
2025-04-10 08:00:00,0.6853
2025-04-10 09:00:00,0.6902
2025-04-10 10:00:00,0.7475
2025-04-10 11:00:00,0.8105
2025-04-10 12:00:00,0.8613
2025-04-10 13:00:00,0.8936
2025-04-10 14:00:00,0.9145
2025-04-10 15:00:00,0.9284
2025-04-10 16:00:00,0.9446
2025-04-10 17:00:00,0.9662
2025-04-10 18:00:00,0.98
2025-04-10 19:00:00,0.9854
2025-04-10 20:00:00,0.9867
2025-04-10 21:00:00,0.9845
2025-04-10 22:00:00,0.9837
2025-04-10 23:00:00,0.9839
2025-04-11 00:00:00,0.9869
2025-04-11 01:00:00,0.9892
2025-04-11 02:00:00,0.99
2025-04-11 03:00:00,0.9884
2025-04-11 04:00:00,0.987
2025-04-11 05:00:00,0.9816
2025-04-11 06:00:00,0.9732
2025-04-11 07:00:00,0.9633
2025-04-11 08:00:00,0.9489
2025-04-11 09:00:00,0.9298
2025-04-11 10:00:00,0.9062
2025-04-11 11:00:00,0.8854
2025-04-11 12:00:00,0.8639
2025-04-11 13:00:00,0.8494
2025-04-11 14:00:00,0.8261
2025-04-11 15:00:00,0.802
2025-04-11 16:00:00,0.7879
2025-04-11 17:00:00,0.7966
2025-04-11 18:00:00,0.8188
2025-04-11 19:00:00,0.8477
2025-04-11 20:00:00,0.8772
2025-04-11 21:00:00,0.9031
2025-04-11 22:00:00,0.929
2025-04-11 23:00:00,0.9459
2025-04-12 00:00:00,0.9551
2025-04-12 01:00:00,0.9583
2025-04-12 02:00:00,0.9612
2025-04-12 03:00:00,0.965
2025-04-12 04:00:00,0.9675
2025-04-12 05:00:00,0.9686
2025-04-12 06:00:00,0.9694
2025-04-12 07:00:00,0.9658
2025-04-12 08:00:00,0.9605
2025-04-12 09:00:00,0.9511
2025-04-12 10:00:00,0.936
2025-04-12 11:00:00,0.9175
2025-04-12 12:00:00,0.8941
2025-04-12 13:00:00,0.8682
2025-04-12 14:00:00,0.8435
2025-04-12 15:00:00,0.8349
2025-04-12 16:00:00,0.8333
2025-04-12 17:00:00,0.8292
2025-04-12 18:00:00,0.8468
2025-04-12 19:00:00,0.875
2025-04-12 20:00:00,0.8997
2025-04-12 21:00:00,0.9218
2025-04-12 22:00:00,0.9454
2025-04-12 23:00:00,0.9635
2025-04-13 00:00:00,0.9658
2025-04-13 01:00:00,0.9565
2025-04-13 02:00:00,0.9406
2025-04-13 03:00:00,0.9172
2025-04-13 04:00:00,0.8846
2025-04-13 05:00:00,0.8482
2025-04-13 06:00:00,0.8098
2025-04-13 07:00:00,0.7837
2025-04-13 08:00:00,0.7731
2025-04-13 09:00:00,0.7804
2025-04-13 10:00:00,0.8018
2025-04-13 11:00:00,0.8416
2025-04-13 12:00:00,0.8844
2025-04-13 13:00:00,0.9241
2025-04-13 14:00:00,0.9478
2025-04-13 15:00:00,0.9594
2025-04-13 16:00:00,0.9643
2025-04-13 17:00:00,0.9631
2025-04-13 18:00:00,0.958
2025-04-13 19:00:00,0.9563
2025-04-13 20:00:00,0.9616
2025-04-13 21:00:00,0.9616
2025-04-13 22:00:00,0.9578
2025-04-13 23:00:00,0.935
2025-04-14 00:00:00,0.8918
2025-04-14 01:00:00,0.858
2025-04-14 02:00:00,0.8731
2025-04-14 03:00:00,0.8682
2025-04-14 04:00:00,0.8801
2025-04-14 05:00:00,0.9007
2025-04-14 06:00:00,0.9104
2025-04-14 07:00:00,0.914
2025-04-14 08:00:00,0.9138
2025-04-14 09:00:00,0.9086
2025-04-14 10:00:00,0.8904
2025-04-14 11:00:00,0.8614
2025-04-14 12:00:00,0.8369
2025-04-14 13:00:00,0.7771
2025-04-14 14:00:00,0.6759
2025-04-14 15:00:00,0.5732
2025-04-14 16:00:00,0.4689
2025-04-14 17:00:00,0.3984
2025-04-14 18:00:00,0.3747
2025-04-14 19:00:00,0.3977
2025-04-14 20:00:00,0.4763
2025-04-14 21:00:00,0.5805
2025-04-14 22:00:00,0.6732
2025-04-14 23:00:00,0.7389
2025-04-15 00:00:00,0.802
2025-04-15 01:00:00,0.8586
2025-04-15 02:00:00,0.8858
2025-04-15 03:00:00,0.8929
2025-04-15 04:00:00,0.9021
2025-04-15 05:00:00,0.9311
2025-04-15 06:00:00,0.96
2025-04-15 07:00:00,0.9799
2025-04-15 08:00:00,0.9826
2025-04-15 09:00:00,0.9814
2025-04-15 10:00:00,0.9841
2025-04-15 11:00:00,0.9878
2025-04-15 12:00:00,0.984
2025-04-15 13:00:00,0.9791
2025-04-15 14:00:00,0.9742
2025-04-15 15:00:00,0.976
2025-04-15 16:00:00,0.9801
2025-04-15 17:00:00,0.9818
2025-04-15 18:00:00,0.983
2025-04-15 19:00:00,0.9819
2025-04-15 20:00:00,0.9795
2025-04-15 21:00:00,0.9755
2025-04-15 22:00:00,0.9719
2025-04-15 23:00:00,0.9686
2025-04-16 00:00:00,0.9648
2025-04-16 01:00:00,0.9625
2025-04-16 02:00:00,0.9625
2025-04-16 03:00:00,0.9553
2025-04-16 04:00:00,0.9365
2025-04-16 05:00:00,0.9149
2025-04-16 06:00:00,0.9316
2025-04-16 07:00:00,0.9701
2025-04-16 08:00:00,0.9851
2025-04-16 09:00:00,0.9868
2025-04-16 10:00:00,0.979
2025-04-16 11:00:00,0.9644
2025-04-16 12:00:00,0.9465
2025-04-16 13:00:00,0.9291
2025-04-16 14:00:00,0.9241
2025-04-16 15:00:00,0.9303
2025-04-16 16:00:00,0.9387
2025-04-16 17:00:00,0.9405
2025-04-16 18:00:00,0.9256
2025-04-16 19:00:00,0.8948
2025-04-16 20:00:00,0.8591
2025-04-16 21:00:00,0.8321
2025-04-16 22:00:00,0.8095
2025-04-16 23:00:00,0.7809
2025-04-17 00:00:00,0.736
2025-04-17 01:00:00,0.6899
2025-04-17 02:00:00,0.65
2025-04-17 03:00:00,0.6114
2025-04-17 04:00:00,0.5733
2025-04-17 05:00:00,0.5231
2025-04-17 06:00:00,0.4593
2025-04-17 07:00:00,0.4143
2025-04-17 08:00:00,0.4098
2025-04-17 09:00:00,0.4138
2025-04-17 10:00:00,0.417
2025-04-17 11:00:00,0.3969
2025-04-17 12:00:00,0.37
2025-04-17 13:00:00,0.3199
2025-04-17 14:00:00,0.2731
2025-04-17 15:00:00,0.2495
2025-04-17 16:00:00,0.2458
2025-04-17 17:00:00,0.2575
2025-04-17 18:00:00,0.3113
2025-04-17 19:00:00,0.4039
2025-04-17 20:00:00,0.5025
2025-04-17 21:00:00,0.5925
2025-04-17 22:00:00,0.6453
2025-04-17 23:00:00,0.6518
2025-04-18 00:00:00,0.6264
2025-04-18 01:00:00,0.5983
2025-04-18 02:00:00,0.5766
2025-04-18 03:00:00,0.576
2025-04-18 04:00:00,0.5839
2025-04-18 05:00:00,0.5801
2025-04-18 06:00:00,0.5613
2025-04-18 07:00:00,0.5345
2025-04-18 08:00:00,0.5254
2025-04-18 09:00:00,0.5282
2025-04-18 10:00:00,0.5179
2025-04-18 11:00:00,0.5368
2025-04-18 12:00:00,0.5971
2025-04-18 13:00:00,0.6718
2025-04-18 14:00:00,0.7376
2025-04-18 15:00:00,0.7892
2025-04-18 16:00:00,0.8254
2025-04-18 17:00:00,0.8659
2025-04-18 18:00:00,0.916
2025-04-18 19:00:00,0.9518
2025-04-18 20:00:00,0.9735
2025-04-18 21:00:00,0.9859
2025-04-18 22:00:00,0.9904
2025-04-18 23:00:00,0.9894
2025-04-19 00:00:00,0.9839
2025-04-19 01:00:00,0.9727
2025-04-19 02:00:00,0.973
2025-04-19 03:00:00,0.978
2025-04-19 04:00:00,0.9764
2025-04-19 05:00:00,0.9737
2025-04-19 06:00:00,0.9762
2025-04-19 07:00:00,0.9804
2025-04-19 08:00:00,0.9848
2025-04-19 09:00:00,0.9886
2025-04-19 10:00:00,0.9907
2025-04-19 11:00:00,0.9911
2025-04-19 12:00:00,0.9901
2025-04-19 13:00:00,0.9873
2025-04-19 14:00:00,0.9846
2025-04-19 15:00:00,0.9849
2025-04-19 16:00:00,0.9869
2025-04-19 17:00:00,0.9878
2025-04-19 18:00:00,0.9871
2025-04-19 19:00:00,0.9855
2025-04-19 20:00:00,0.9831
2025-04-19 21:00:00,0.9803
2025-04-19 22:00:00,0.9774
2025-04-19 23:00:00,0.976
2025-04-20 00:00:00,0.9768
2025-04-20 01:00:00,0.9785
2025-04-20 02:00:00,0.9803
2025-04-20 03:00:00,0.9804
2025-04-20 04:00:00,0.9787
2025-04-20 05:00:00,0.9755
2025-04-20 06:00:00,0.9705
2025-04-20 07:00:00,0.962
2025-04-20 08:00:00,0.9491
2025-04-20 09:00:00,0.9352
2025-04-20 10:00:00,0.9272
2025-04-20 11:00:00,0.9318
2025-04-20 12:00:00,0.9444
2025-04-20 13:00:00,0.9594
2025-04-20 14:00:00,0.9708
2025-04-20 15:00:00,0.9768
2025-04-20 16:00:00,0.9785
2025-04-20 17:00:00,0.9786
2025-04-20 18:00:00,0.9793
2025-04-20 19:00:00,0.9811
2025-04-20 20:00:00,0.9823
2025-04-20 21:00:00,0.9821
2025-04-20 22:00:00,0.9812
2025-04-20 23:00:00,0.9784
2025-04-21 00:00:00,0.9737
2025-04-21 01:00:00,0.9696
2025-04-21 02:00:00,0.9647
2025-04-21 03:00:00,0.9597
2025-04-21 04:00:00,0.9541
2025-04-21 05:00:00,0.947
2025-04-21 06:00:00,0.937
2025-04-21 07:00:00,0.9201
2025-04-21 08:00:00,0.8916
2025-04-21 09:00:00,0.8436
2025-04-21 10:00:00,0.7871
2025-04-21 11:00:00,0.7489
2025-04-21 12:00:00,0.7402
2025-04-21 13:00:00,0.7486
2025-04-21 14:00:00,0.7651
2025-04-21 15:00:00,0.7846
2025-04-21 16:00:00,0.7961
2025-04-21 17:00:00,0.7999
2025-04-21 18:00:00,0.8085
2025-04-21 19:00:00,0.8106
2025-04-21 20:00:00,0.8017
2025-04-21 21:00:00,0.7746
2025-04-21 22:00:00,0.7261
2025-04-21 23:00:00,0.6829
2025-04-22 00:00:00,0.6707
2025-04-22 01:00:00,0.6742
2025-04-22 02:00:00,0.6803
2025-04-22 03:00:00,0.6778
2025-04-22 04:00:00,0.6605
2025-04-22 05:00:00,0.6387
2025-04-22 06:00:00,0.6111
2025-04-22 07:00:00,0.5769
2025-04-22 08:00:00,0.531
2025-04-22 09:00:00,0.4835
2025-04-22 10:00:00,0.4327
2025-04-22 11:00:00,0.3856
2025-04-22 12:00:00,0.3416
2025-04-22 13:00:00,0.3034
2025-04-22 14:00:00,0.2785
2025-04-22 15:00:00,0.2711
2025-04-22 16:00:00,0.2642
2025-04-22 17:00:00,0.2471
2025-04-22 18:00:00,0.2206
2025-04-22 19:00:00,0.1881
2025-04-22 20:00:00,0.1501
2025-04-22 21:00:00,0.1134
2025-04-22 22:00:00,0.0869
2025-04-22 23:00:00,0.0646
2025-04-23 00:00:00,0.0635
2025-04-23 01:00:00,0.0848
2025-04-23 02:00:00,0.1172
2025-04-23 03:00:00,0.1582
2025-04-23 04:00:00,0.2006
2025-04-23 05:00:00,0.2536
2025-04-23 06:00:00,0.3248
2025-04-23 07:00:00,0.4143
2025-04-23 08:00:00,0.5082
2025-04-23 09:00:00,0.6182
2025-04-23 10:00:00,0.7182
2025-04-23 11:00:00,0.793
2025-04-23 12:00:00,0.8563
2025-04-23 13:00:00,0.8759
2025-04-23 14:00:00,0.9067
2025-04-23 15:00:00,0.9575
2025-04-23 16:00:00,0.9706
2025-04-23 17:00:00,0.9699
2025-04-23 18:00:00,0.9683
2025-04-23 19:00:00,0.9676
2025-04-23 20:00:00,0.9672
2025-04-23 21:00:00,0.9686
2025-04-23 22:00:00,0.972
2025-04-23 23:00:00,0.9761
2025-04-24 00:00:00,0.9791
2025-04-24 01:00:00,0.9813
2025-04-24 02:00:00,0.9826
2025-04-24 03:00:00,0.9838
2025-04-24 04:00:00,0.9843
2025-04-24 05:00:00,0.984
2025-04-24 06:00:00,0.982
2025-04-24 07:00:00,0.9796
2025-04-24 08:00:00,0.9772
2025-04-24 09:00:00,0.9738
2025-04-24 10:00:00,0.9691
2025-04-24 11:00:00,0.9633
2025-04-24 12:00:00,0.9572
2025-04-24 13:00:00,0.95
2025-04-24 14:00:00,0.94
2025-04-24 15:00:00,0.9274
2025-04-24 16:00:00,0.9169
2025-04-24 17:00:00,0.9076
2025-04-24 18:00:00,0.8984
2025-04-24 19:00:00,0.885
2025-04-24 20:00:00,0.8637
2025-04-24 21:00:00,0.8268
2025-04-24 22:00:00,0.7609
2025-04-24 23:00:00,0.6649
2025-04-25 00:00:00,0.568
2025-04-25 01:00:00,0.4967
2025-04-25 02:00:00,0.4661
2025-04-25 03:00:00,0.4684
2025-04-25 04:00:00,0.4693
2025-04-25 05:00:00,0.451
2025-04-25 06:00:00,0.4204
2025-04-25 07:00:00,0.4205
2025-04-25 08:00:00,0.4818
2025-04-25 09:00:00,0.5763
2025-04-25 10:00:00,0.6654
2025-04-25 11:00:00,0.729
2025-04-25 12:00:00,0.7572
2025-04-25 13:00:00,0.7434
2025-04-25 14:00:00,0.6895
2025-04-25 15:00:00,0.608
2025-04-25 16:00:00,0.538
2025-04-25 17:00:00,0.4574
2025-04-25 18:00:00,0.3841
2025-04-25 19:00:00,0.3372
2025-04-25 20:00:00,0.2956
2025-04-25 21:00:00,0.279
2025-04-25 22:00:00,0.2945
2025-04-25 23:00:00,0.3084
2025-04-26 00:00:00,0.3074
2025-04-26 01:00:00,0.2923
2025-04-26 02:00:00,0.2751
2025-04-26 03:00:00,0.2654
2025-04-26 04:00:00,0.2645
2025-04-26 05:00:00,0.2797
2025-04-26 06:00:00,0.3004
2025-04-26 07:00:00,0.3181
2025-04-26 08:00:00,0.3257
2025-04-26 09:00:00,0.3163
2025-04-26 10:00:00,0.2925
2025-04-26 11:00:00,0.2714
2025-04-26 12:00:00,0.2537
2025-04-26 13:00:00,0.2378
2025-04-26 14:00:00,0.2267
2025-04-26 15:00:00,0.2104
2025-04-26 16:00:00,0.1899
2025-04-26 17:00:00,0.166
2025-04-26 18:00:00,0.1419
2025-04-26 19:00:00,0.114
2025-04-26 20:00:00,0.0855
2025-04-26 21:00:00,0.0693
2025-04-26 22:00:00,0.0603
2025-04-26 23:00:00,0.0593
2025-04-27 00:00:00,0.0758
2025-04-27 01:00:00,0.1051
2025-04-27 02:00:00,0.1483
2025-04-27 03:00:00,0.2026
2025-04-27 04:00:00,0.2628
2025-04-27 05:00:00,0.3227
2025-04-27 06:00:00,0.3923
2025-04-27 07:00:00,0.4607
2025-04-27 08:00:00,0.5306
2025-04-27 09:00:00,0.5898
2025-04-27 10:00:00,0.6422
2025-04-27 11:00:00,0.6514
2025-04-27 12:00:00,0.625
2025-04-27 13:00:00,0.5819
2025-04-27 14:00:00,0.5072
2025-04-27 15:00:00,0.4258
2025-04-27 16:00:00,0.3514
2025-04-27 17:00:00,0.3282
2025-04-27 18:00:00,0.3903
2025-04-27 19:00:00,0.5138
2025-04-27 20:00:00,0.6601
2025-04-27 21:00:00,0.756
2025-04-27 22:00:00,0.7964
2025-04-27 23:00:00,0.8463
2025-04-28 00:00:00,0.9027
2025-04-28 01:00:00,0.9278
2025-04-28 02:00:00,0.9355
2025-04-28 03:00:00,0.9547
2025-04-28 04:00:00,0.9726
2025-04-28 05:00:00,0.9803
2025-04-28 06:00:00,0.9805
2025-04-28 07:00:00,0.9838
2025-04-28 08:00:00,0.9803
2025-04-28 09:00:00,0.9803
2025-04-28 10:00:00,0.9828
2025-04-28 11:00:00,0.9852
2025-04-28 12:00:00,0.9891
2025-04-28 13:00:00,0.9892
2025-04-28 14:00:00,0.9896
2025-04-28 15:00:00,0.989
2025-04-28 16:00:00,0.9874
2025-04-28 17:00:00,0.9848
2025-04-28 18:00:00,0.9749
2025-04-28 19:00:00,0.9628
2025-04-28 20:00:00,0.9559
2025-04-28 21:00:00,0.9442
2025-04-28 22:00:00,0.9293
2025-04-28 23:00:00,0.9194
2025-04-29 00:00:00,0.8996
2025-04-29 01:00:00,0.8761
2025-04-29 02:00:00,0.8531
2025-04-29 03:00:00,0.8329
2025-04-29 04:00:00,0.8262
2025-04-29 05:00:00,0.8355
2025-04-29 06:00:00,0.8495
2025-04-29 07:00:00,0.8536
2025-04-29 08:00:00,0.8461
2025-04-29 09:00:00,0.8325
2025-04-29 10:00:00,0.8219
2025-04-29 11:00:00,0.8059
2025-04-29 12:00:00,0.7908
2025-04-29 13:00:00,0.7737
2025-04-29 14:00:00,0.7542
2025-04-29 15:00:00,0.7335
2025-04-29 16:00:00,0.7112
2025-04-29 17:00:00,0.7139
2025-04-29 18:00:00,0.747
2025-04-29 19:00:00,0.7852
2025-04-29 20:00:00,0.8093
2025-04-29 21:00:00,0.8035
2025-04-29 22:00:00,0.7738
2025-04-29 23:00:00,0.71
2025-04-30 00:00:00,0.6268
2025-04-30 01:00:00,0.5389
2025-04-30 02:00:00,0.4706
2025-04-30 03:00:00,0.4749
2025-04-30 04:00:00,0.5577
2025-04-30 05:00:00,0.6482
2025-04-30 06:00:00,0.7089
2025-04-30 07:00:00,0.7437
2025-04-30 08:00:00,0.773
2025-04-30 09:00:00,0.7857
2025-04-30 10:00:00,0.7831
2025-04-30 11:00:00,0.7752
2025-04-30 12:00:00,0.7603
2025-04-30 13:00:00,0.7239
2025-04-30 14:00:00,0.6482
2025-04-30 15:00:00,0.5673
2025-04-30 16:00:00,0.5217
2025-04-30 17:00:00,0.5205
2025-04-30 18:00:00,0.5612
2025-04-30 19:00:00,0.6577
2025-04-30 20:00:00,0.7452
2025-04-30 21:00:00,0.7746
2025-04-30 22:00:00,0.7533
2025-04-30 23:00:00,0.6711
2025-05-01 00:00:00,0.564
2025-05-01 01:00:00,0.5079
2025-05-01 02:00:00,0.5024
2025-05-01 03:00:00,0.5105
2025-05-01 04:00:00,0.5075
2025-05-01 05:00:00,0.4996
2025-05-01 06:00:00,0.5275
2025-05-01 07:00:00,0.5871
2025-05-01 08:00:00,0.6522
2025-05-01 09:00:00,0.696
2025-05-01 10:00:00,0.7284
2025-05-01 11:00:00,0.7508
2025-05-01 12:00:00,0.7707
2025-05-01 13:00:00,0.7964
2025-05-01 14:00:00,0.8315
2025-05-01 15:00:00,0.873
2025-05-01 16:00:00,0.9103
2025-05-01 17:00:00,0.9377
2025-05-01 18:00:00,0.9557
2025-05-01 19:00:00,0.9641
2025-05-01 20:00:00,0.967
2025-05-01 21:00:00,0.9661
2025-05-01 22:00:00,0.9635
2025-05-01 23:00:00,0.9635
2025-05-02 00:00:00,0.9639
2025-05-02 01:00:00,0.9679
2025-05-02 02:00:00,0.9697
2025-05-02 03:00:00,0.9738
2025-05-02 04:00:00,0.9689
2025-05-02 05:00:00,0.9624
2025-05-02 06:00:00,0.9623
2025-05-02 07:00:00,0.9617
2025-05-02 08:00:00,0.9587
2025-05-02 09:00:00,0.9533
2025-05-02 10:00:00,0.9435
2025-05-02 11:00:00,0.9295
2025-05-02 12:00:00,0.9115
2025-05-02 13:00:00,0.8853
2025-05-02 14:00:00,0.8502
2025-05-02 15:00:00,0.809
2025-05-02 16:00:00,0.7822
2025-05-02 17:00:00,0.7558
2025-05-02 18:00:00,0.7227
2025-05-02 19:00:00,0.6903
2025-05-02 20:00:00,0.6536
2025-05-02 21:00:00,0.6382
2025-05-02 22:00:00,0.6442
2025-05-02 23:00:00,0.66
2025-05-03 00:00:00,0.6647
2025-05-03 01:00:00,0.6576
2025-05-03 02:00:00,0.6427
2025-05-03 03:00:00,0.6193
2025-05-03 04:00:00,0.588
2025-05-03 05:00:00,0.5583
2025-05-03 06:00:00,0.5801
2025-05-03 07:00:00,0.6052
2025-05-03 08:00:00,0.6373
2025-05-03 09:00:00,0.6648
2025-05-03 10:00:00,0.676
2025-05-03 11:00:00,0.678
2025-05-03 12:00:00,0.7103
2025-05-03 13:00:00,0.7682
2025-05-03 14:00:00,0.817
2025-05-03 15:00:00,0.8482
2025-05-03 16:00:00,0.8629
2025-05-03 17:00:00,0.8851
2025-05-03 18:00:00,0.915
2025-05-03 19:00:00,0.9333
2025-05-03 20:00:00,0.9426
2025-05-03 21:00:00,0.9457
2025-05-03 22:00:00,0.9407
2025-05-03 23:00:00,0.9169
2025-05-04 00:00:00,0.8893
2025-05-04 01:00:00,0.8663
2025-05-04 02:00:00,0.8468
2025-05-04 03:00:00,0.8313
2025-05-04 04:00:00,0.8143
2025-05-04 05:00:00,0.7926
2025-05-04 06:00:00,0.7682
2025-05-04 07:00:00,0.743
2025-05-04 08:00:00,0.7171
2025-05-04 09:00:00,0.6858
2025-05-04 10:00:00,0.6457
2025-05-04 11:00:00,0.5872
2025-05-04 12:00:00,0.5028
2025-05-04 13:00:00,0.4039
2025-05-04 14:00:00,0.3102
2025-05-04 15:00:00,0.2605
2025-05-04 16:00:00,0.2738
2025-05-04 17:00:00,0.3263
2025-05-04 18:00:00,0.3585
2025-05-04 19:00:00,0.3664
2025-05-04 20:00:00,0.3533
2025-05-04 21:00:00,0.3352
2025-05-04 22:00:00,0.3399
2025-05-04 23:00:00,0.3405
2025-05-05 00:00:00,0.325
2025-05-05 01:00:00,0.3107
2025-05-05 02:00:00,0.3084
2025-05-05 03:00:00,0.2938
2025-05-05 04:00:00,0.2894
2025-05-05 05:00:00,0.314
2025-05-05 06:00:00,0.3695
2025-05-05 07:00:00,0.4196
2025-05-05 08:00:00,0.4328
2025-05-05 09:00:00,0.4074
2025-05-05 10:00:00,0.3543
2025-05-05 11:00:00,0.2721
2025-05-05 12:00:00,0.1812
2025-05-05 13:00:00,0.12
2025-05-05 14:00:00,0.0951
2025-05-05 15:00:00,0.0936
2025-05-05 16:00:00,0.102
2025-05-05 17:00:00,0.116
2025-05-05 18:00:00,0.1316
2025-05-05 19:00:00,0.1504
2025-05-05 20:00:00,0.1722
2025-05-05 21:00:00,0.1937
2025-05-05 22:00:00,0.2166
2025-05-05 23:00:00,0.2288
2025-05-06 00:00:00,0.23
2025-05-06 01:00:00,0.2208
2025-05-06 02:00:00,0.2068
2025-05-06 03:00:00,0.1994
2025-05-06 04:00:00,0.199
2025-05-06 05:00:00,0.1814
2025-05-06 06:00:00,0.1703
2025-05-06 07:00:00,0.1715
2025-05-06 08:00:00,0.1893
2025-05-06 09:00:00,0.2071
2025-05-06 10:00:00,0.2124
2025-05-06 11:00:00,0.2129
2025-05-06 12:00:00,0.2327
2025-05-06 13:00:00,0.2851
2025-05-06 14:00:00,0.3495
2025-05-06 15:00:00,0.4082
2025-05-06 16:00:00,0.453
2025-05-06 17:00:00,0.4844
2025-05-06 18:00:00,0.4994
2025-05-06 19:00:00,0.4962
2025-05-06 20:00:00,0.472
2025-05-06 21:00:00,0.4379
2025-05-06 22:00:00,0.3971
2025-05-06 23:00:00,0.3563
2025-05-07 00:00:00,0.3196
2025-05-07 01:00:00,0.2932
2025-05-07 02:00:00,0.2866
2025-05-07 03:00:00,0.3011
2025-05-07 04:00:00,0.333
2025-05-07 05:00:00,0.3665
2025-05-07 06:00:00,0.3809
2025-05-07 07:00:00,0.3799
2025-05-07 08:00:00,0.3731
2025-05-07 09:00:00,0.3821
2025-05-07 10:00:00,0.3941
2025-05-07 11:00:00,0.397
2025-05-07 12:00:00,0.3979
2025-05-07 13:00:00,0.4184
2025-05-07 14:00:00,0.457
2025-05-07 15:00:00,0.4855
2025-05-07 16:00:00,0.5064
2025-05-07 17:00:00,0.5327
2025-05-07 18:00:00,0.5427
2025-05-07 19:00:00,0.5342
2025-05-07 20:00:00,0.5175
2025-05-07 21:00:00,0.4955
2025-05-07 22:00:00,0.4856
2025-05-07 23:00:00,0.4931
2025-05-08 00:00:00,0.4879
2025-05-08 01:00:00,0.5008
2025-05-08 02:00:00,0.558
2025-05-08 03:00:00,0.5802
2025-05-08 04:00:00,0.5608
2025-05-08 05:00:00,0.5302
2025-05-08 06:00:00,0.5145
2025-05-08 07:00:00,0.5209
2025-05-08 08:00:00,0.5197
2025-05-08 09:00:00,0.4968
2025-05-08 10:00:00,0.4593
2025-05-08 11:00:00,0.4235
2025-05-08 12:00:00,0.3806
2025-05-08 13:00:00,0.3297
2025-05-08 14:00:00,0.2742
2025-05-08 15:00:00,0.2299
2025-05-08 16:00:00,0.2021
2025-05-08 17:00:00,0.173
2025-05-08 18:00:00,0.1408
2025-05-08 19:00:00,0.1063
2025-05-08 20:00:00,0.0756
2025-05-08 21:00:00,0.0517
2025-05-08 22:00:00,0.0461
2025-05-08 23:00:00,0.0615
2025-05-09 00:00:00,0.091
2025-05-09 01:00:00,0.1362
2025-05-09 02:00:00,0.1836
2025-05-09 03:00:00,0.2359
2025-05-09 04:00:00,0.2802
2025-05-09 05:00:00,0.3186
2025-05-09 06:00:00,0.3508
2025-05-09 07:00:00,0.3745
2025-05-09 08:00:00,0.3891
2025-05-09 09:00:00,0.4026
2025-05-09 10:00:00,0.4211
2025-05-09 11:00:00,0.4421
2025-05-09 12:00:00,0.4413
2025-05-09 13:00:00,0.4116
2025-05-09 14:00:00,0.3609
2025-05-09 15:00:00,0.2997
2025-05-09 16:00:00,0.243
2025-05-09 17:00:00,0.2055
2025-05-09 18:00:00,0.1812
2025-05-09 19:00:00,0.1639
2025-05-09 20:00:00,0.1518
2025-05-09 21:00:00,0.1431
2025-05-09 22:00:00,0.1326
2025-05-09 23:00:00,0.1177
2025-05-10 00:00:00,0.1021
2025-05-10 01:00:00,0.0901
2025-05-10 02:00:00,0.0856
2025-05-10 03:00:00,0.0824
2025-05-10 04:00:00,0.0761
2025-05-10 05:00:00,0.0734
2025-05-10 06:00:00,0.0737
2025-05-10 07:00:00,0.0768
2025-05-10 08:00:00,0.0859
2025-05-10 09:00:00,0.0983
2025-05-10 10:00:00,0.1162
2025-05-10 11:00:00,0.1418
2025-05-10 12:00:00,0.1742
2025-05-10 13:00:00,0.2029
2025-05-10 14:00:00,0.2239
2025-05-10 15:00:00,0.2462
2025-05-10 16:00:00,0.2711
2025-05-10 17:00:00,0.2956
2025-05-10 18:00:00,0.3191
2025-05-10 19:00:00,0.3474
2025-05-10 20:00:00,0.3729
2025-05-10 21:00:00,0.3884
2025-05-10 22:00:00,0.3938
2025-05-10 23:00:00,0.3922
2025-05-11 00:00:00,0.3871
2025-05-11 01:00:00,0.3823
2025-05-11 02:00:00,0.3777
2025-05-11 03:00:00,0.3682
2025-05-11 04:00:00,0.3629
2025-05-11 05:00:00,0.3577
2025-05-11 06:00:00,0.3452
2025-05-11 07:00:00,0.3296
2025-05-11 08:00:00,0.3121
2025-05-11 09:00:00,0.3191
2025-05-11 10:00:00,0.3582
2025-05-11 11:00:00,0.4173
2025-05-11 12:00:00,0.4894
2025-05-11 13:00:00,0.5622
2025-05-11 14:00:00,0.6236
2025-05-11 15:00:00,0.6763
2025-05-11 16:00:00,0.725
2025-05-11 17:00:00,0.7656
2025-05-11 18:00:00,0.7995
2025-05-11 19:00:00,0.8247
2025-05-11 20:00:00,0.846
2025-05-11 21:00:00,0.8648
2025-05-11 22:00:00,0.8798
2025-05-11 23:00:00,0.89
2025-05-12 00:00:00,0.8953
2025-05-12 01:00:00,0.8981
2025-05-12 02:00:00,0.8991
2025-05-12 03:00:00,0.8975
2025-05-12 04:00:00,0.8962
2025-05-12 05:00:00,0.8912
2025-05-12 06:00:00,0.8859
2025-05-12 07:00:00,0.8853
2025-05-12 08:00:00,0.8972
2025-05-12 09:00:00,0.9135
2025-05-12 10:00:00,0.926
2025-05-12 11:00:00,0.9374
2025-05-12 12:00:00,0.9459
2025-05-12 13:00:00,0.9508
2025-05-12 14:00:00,0.9532
2025-05-12 15:00:00,0.9558
2025-05-12 16:00:00,0.9601
2025-05-12 17:00:00,0.9664
2025-05-12 18:00:00,0.9724
2025-05-12 19:00:00,0.9772
2025-05-12 20:00:00,0.978
2025-05-12 21:00:00,0.9759
2025-05-12 22:00:00,0.9672
2025-05-12 23:00:00,0.9549
2025-05-13 00:00:00,0.936
2025-05-13 01:00:00,0.9137
2025-05-13 02:00:00,0.8817
2025-05-13 03:00:00,0.84
2025-05-13 04:00:00,0.8201
2025-05-13 05:00:00,0.8143
2025-05-13 06:00:00,0.8223
2025-05-13 07:00:00,0.8238
2025-05-13 08:00:00,0.8215
2025-05-13 09:00:00,0.8082
2025-05-13 10:00:00,0.7825
2025-05-13 11:00:00,0.7379
2025-05-13 12:00:00,0.679
2025-05-13 13:00:00,0.5901
2025-05-13 14:00:00,0.4901
2025-05-13 15:00:00,0.3979
2025-05-13 16:00:00,0.3572
2025-05-13 17:00:00,0.3986
2025-05-13 18:00:00,0.5083
2025-05-13 19:00:00,0.6452
2025-05-13 20:00:00,0.7542
2025-05-13 21:00:00,0.8236
2025-05-13 22:00:00,0.868
2025-05-13 23:00:00,0.8934
2025-05-14 00:00:00,0.9025
2025-05-14 01:00:00,0.9098
2025-05-14 02:00:00,0.9236
2025-05-14 03:00:00,0.934
2025-05-14 04:00:00,0.942
2025-05-14 05:00:00,0.949
2025-05-14 06:00:00,0.9577
2025-05-14 07:00:00,0.967
2025-05-14 08:00:00,0.9755
2025-05-14 09:00:00,0.9809
2025-05-14 10:00:00,0.9842
2025-05-14 11:00:00,0.9832
2025-05-14 12:00:00,0.9749
2025-05-14 13:00:00,0.9529
2025-05-14 14:00:00,0.908
2025-05-14 15:00:00,0.8598
2025-05-14 16:00:00,0.8322
2025-05-14 17:00:00,0.8134
2025-05-14 18:00:00,0.7802
2025-05-14 19:00:00,0.7347
2025-05-14 20:00:00,0.6846
2025-05-14 21:00:00,0.6266
2025-05-14 22:00:00,0.5491
2025-05-14 23:00:00,0.4653
2025-05-15 00:00:00,0.4135
2025-05-15 01:00:00,0.4136
2025-05-15 02:00:00,0.4394
2025-05-15 03:00:00,0.4749
2025-05-15 04:00:00,0.5156
2025-05-15 05:00:00,0.568
2025-05-15 06:00:00,0.6043
2025-05-15 07:00:00,0.6222
2025-05-15 08:00:00,0.6303
2025-05-15 09:00:00,0.6342
2025-05-15 10:00:00,0.6493
2025-05-15 11:00:00,0.6689
2025-05-15 12:00:00,0.685
2025-05-15 13:00:00,0.6935
2025-05-15 14:00:00,0.6966
2025-05-15 15:00:00,0.6784
2025-05-15 16:00:00,0.655
2025-05-15 17:00:00,0.6198
2025-05-15 18:00:00,0.5785
2025-05-15 19:00:00,0.5463
2025-05-15 20:00:00,0.5446
2025-05-15 21:00:00,0.5826
2025-05-15 22:00:00,0.6293
2025-05-15 23:00:00,0.6527
2025-05-16 00:00:00,0.6645
2025-05-16 01:00:00,0.6739
2025-05-16 02:00:00,0.6755
2025-05-16 03:00:00,0.6655
2025-05-16 04:00:00,0.6851
2025-05-16 05:00:00,0.7117
2025-05-16 06:00:00,0.7189
2025-05-16 07:00:00,0.7221
2025-05-16 08:00:00,0.7404
2025-05-16 09:00:00,0.7613
2025-05-16 10:00:00,0.7661
2025-05-16 11:00:00,0.7606
2025-05-16 12:00:00,0.7304
2025-05-16 13:00:00,0.7124
2025-05-16 14:00:00,0.7058
2025-05-16 15:00:00,0.6788
2025-05-16 16:00:00,0.6114
2025-05-16 17:00:00,0.515
2025-05-16 18:00:00,0.4039
2025-05-16 19:00:00,0.3113
2025-05-16 20:00:00,0.2579
2025-05-16 21:00:00,0.2513
2025-05-16 22:00:00,0.256
2025-05-16 23:00:00,0.2343
2025-05-17 00:00:00,0.2299
2025-05-17 01:00:00,0.2844
2025-05-17 02:00:00,0.3769
2025-05-17 03:00:00,0.4781
2025-05-17 04:00:00,0.5519
2025-05-17 05:00:00,0.59
2025-05-17 06:00:00,0.6056
2025-05-17 07:00:00,0.6006
2025-05-17 08:00:00,0.5867
2025-05-17 09:00:00,0.5853
2025-05-17 10:00:00,0.5959
2025-05-17 11:00:00,0.615
2025-05-17 12:00:00,0.6334
2025-05-17 13:00:00,0.6459
2025-05-17 14:00:00,0.6435
2025-05-17 15:00:00,0.642
2025-05-17 16:00:00,0.6523
2025-05-17 17:00:00,0.6701
2025-05-17 18:00:00,0.6776
2025-05-17 19:00:00,0.6768
2025-05-17 20:00:00,0.6757
2025-05-17 21:00:00,0.6697
2025-05-17 22:00:00,0.6503
2025-05-17 23:00:00,0.6225
2025-05-18 00:00:00,0.597
2025-05-18 01:00:00,0.5752
2025-05-18 02:00:00,0.5656
2025-05-18 03:00:00,0.5649
2025-05-18 04:00:00,0.5654
2025-05-18 05:00:00,0.5552
2025-05-18 06:00:00,0.5372
2025-05-18 07:00:00,0.5164
2025-05-18 08:00:00,0.4908
2025-05-18 09:00:00,0.4602
2025-05-18 10:00:00,0.4368
2025-05-18 11:00:00,0.4216
2025-05-18 12:00:00,0.421
2025-05-18 13:00:00,0.4433
2025-05-18 14:00:00,0.4829
2025-05-18 15:00:00,0.5371
2025-05-18 16:00:00,0.5869
2025-05-18 17:00:00,0.6262
2025-05-18 18:00:00,0.6591
2025-05-18 19:00:00,0.685
2025-05-18 20:00:00,0.7053
2025-05-18 21:00:00,0.7098
2025-05-18 22:00:00,0.7089
2025-05-18 23:00:00,0.7146
2025-05-19 00:00:00,0.7282
2025-05-19 01:00:00,0.7466
2025-05-19 02:00:00,0.7628
2025-05-19 03:00:00,0.7702
2025-05-19 04:00:00,0.7718
2025-05-19 05:00:00,0.7761
2025-05-19 06:00:00,0.7865
2025-05-19 07:00:00,0.8021
2025-05-19 08:00:00,0.8208
2025-05-19 09:00:00,0.8336
2025-05-19 10:00:00,0.8281
2025-05-19 11:00:00,0.8243
2025-05-19 12:00:00,0.8192
2025-05-19 13:00:00,0.8211
2025-05-19 14:00:00,0.8331
2025-05-19 15:00:00,0.8575
2025-05-19 16:00:00,0.8706
2025-05-19 17:00:00,0.8763
2025-05-19 18:00:00,0.8814
2025-05-19 19:00:00,0.8771
2025-05-19 20:00:00,0.8657
2025-05-19 21:00:00,0.8552
2025-05-19 22:00:00,0.8521
2025-05-19 23:00:00,0.8489
2025-05-20 00:00:00,0.8435
2025-05-20 01:00:00,0.8395
2025-05-20 02:00:00,0.8336
2025-05-20 03:00:00,0.8281
2025-05-20 04:00:00,0.8188
2025-05-20 05:00:00,0.8074
2025-05-20 06:00:00,0.8036
2025-05-20 07:00:00,0.7976
2025-05-20 08:00:00,0.784
2025-05-20 09:00:00,0.769
2025-05-20 10:00:00,0.7619
2025-05-20 11:00:00,0.7544
2025-05-20 12:00:00,0.7423
2025-05-20 13:00:00,0.7336
2025-05-20 14:00:00,0.7295
2025-05-20 15:00:00,0.7405
2025-05-20 16:00:00,0.7553
2025-05-20 17:00:00,0.756
2025-05-20 18:00:00,0.7455
2025-05-20 19:00:00,0.7335
2025-05-20 20:00:00,0.7296
2025-05-20 21:00:00,0.7341
2025-05-20 22:00:00,0.7355
2025-05-20 23:00:00,0.7308
2025-05-21 00:00:00,0.721
2025-05-21 01:00:00,0.7086
2025-05-21 02:00:00,0.6979
2025-05-21 03:00:00,0.6922
2025-05-21 04:00:00,0.6947
2025-05-21 05:00:00,0.6992
2025-05-21 06:00:00,0.7086
2025-05-21 07:00:00,0.7296
2025-05-21 08:00:00,0.7622
2025-05-21 09:00:00,0.7967
2025-05-21 10:00:00,0.8248
2025-05-21 11:00:00,0.8401
2025-05-21 12:00:00,0.8349
2025-05-21 13:00:00,0.8179
2025-05-21 14:00:00,0.8212
2025-05-21 15:00:00,0.8473
2025-05-21 16:00:00,0.8646
2025-05-21 17:00:00,0.8597
2025-05-21 18:00:00,0.8373
2025-05-21 19:00:00,0.8017
2025-05-21 20:00:00,0.736
2025-05-21 21:00:00,0.6724
2025-05-21 22:00:00,0.6542
2025-05-21 23:00:00,0.688
2025-05-22 00:00:00,0.7277
2025-05-22 01:00:00,0.7258
2025-05-22 02:00:00,0.6923
2025-05-22 03:00:00,0.6695
2025-05-22 04:00:00,0.6861
2025-05-22 05:00:00,0.789
2025-05-22 06:00:00,0.8948
2025-05-22 07:00:00,0.9128
2025-05-22 08:00:00,0.8826
2025-05-22 09:00:00,0.8868
2025-05-22 10:00:00,0.9143
2025-05-22 11:00:00,0.9265
2025-05-22 12:00:00,0.9228
2025-05-22 13:00:00,0.9113
2025-05-22 14:00:00,0.8932
2025-05-22 15:00:00,0.8703
2025-05-22 16:00:00,0.8366
2025-05-22 17:00:00,0.8009
2025-05-22 18:00:00,0.7675
2025-05-22 19:00:00,0.7377
2025-05-22 20:00:00,0.7243
2025-05-22 21:00:00,0.7632
2025-05-22 22:00:00,0.7953
2025-05-22 23:00:00,0.8008
2025-05-23 00:00:00,0.798
2025-05-23 01:00:00,0.7852
2025-05-23 02:00:00,0.7713
2025-05-23 03:00:00,0.7529
2025-05-23 04:00:00,0.7272
2025-05-23 05:00:00,0.7009
2025-05-23 06:00:00,0.6839
2025-05-23 07:00:00,0.6795
2025-05-23 08:00:00,0.6874
2025-05-23 09:00:00,0.7032
2025-05-23 10:00:00,0.7089
2025-05-23 11:00:00,0.7091
2025-05-23 12:00:00,0.6956
2025-05-23 13:00:00,0.6781
2025-05-23 14:00:00,0.646
2025-05-23 15:00:00,0.6099
2025-05-23 16:00:00,0.5745
2025-05-23 17:00:00,0.5541
2025-05-23 18:00:00,0.549
2025-05-23 19:00:00,0.5573
2025-05-23 20:00:00,0.5593
2025-05-23 21:00:00,0.5448
2025-05-23 22:00:00,0.5283
2025-05-23 23:00:00,0.496
2025-05-24 00:00:00,0.4405
2025-05-24 01:00:00,0.3754
2025-05-24 02:00:00,0.3277
2025-05-24 03:00:00,0.2911
2025-05-24 04:00:00,0.269
2025-05-24 05:00:00,0.2709
2025-05-24 06:00:00,0.2709
2025-05-24 07:00:00,0.2503
2025-05-24 08:00:00,0.2156
2025-05-24 09:00:00,0.1532
2025-05-24 10:00:00,0.0849
2025-05-24 11:00:00,0.0486
2025-05-24 12:00:00,0.0582
2025-05-24 13:00:00,0.1129
2025-05-24 14:00:00,0.2145
2025-05-24 15:00:00,0.3505
2025-05-24 16:00:00,0.4826
2025-05-24 17:00:00,0.5791
2025-05-24 18:00:00,0.6332
2025-05-24 19:00:00,0.6729
2025-05-24 20:00:00,0.7041
2025-05-24 21:00:00,0.7227
2025-05-24 22:00:00,0.7409
2025-05-24 23:00:00,0.7638
2025-05-25 00:00:00,0.7723
2025-05-25 01:00:00,0.7771
2025-05-25 02:00:00,0.7809
2025-05-25 03:00:00,0.7908
2025-05-25 04:00:00,0.8067
2025-05-25 05:00:00,0.813
2025-05-25 06:00:00,0.8153
2025-05-25 07:00:00,0.8038
2025-05-25 08:00:00,0.752
2025-05-25 09:00:00,0.6958
2025-05-25 10:00:00,0.6668
2025-05-25 11:00:00,0.6605
2025-05-25 12:00:00,0.652
2025-05-25 13:00:00,0.64
2025-05-25 14:00:00,0.6238
2025-05-25 15:00:00,0.6066
2025-05-25 16:00:00,0.5937
2025-05-25 17:00:00,0.5806
2025-05-25 18:00:00,0.587
2025-05-25 19:00:00,0.6181
2025-05-25 20:00:00,0.6384
2025-05-25 21:00:00,0.6238
2025-05-25 22:00:00,0.6004
2025-05-25 23:00:00,0.588
2025-05-26 00:00:00,0.572
2025-05-26 01:00:00,0.549
2025-05-26 02:00:00,0.5545
2025-05-26 03:00:00,0.5596
2025-05-26 04:00:00,0.5645
2025-05-26 05:00:00,0.613
2025-05-26 06:00:00,0.682
2025-05-26 07:00:00,0.7545
2025-05-26 08:00:00,0.7948
2025-05-26 09:00:00,0.8192
2025-05-26 10:00:00,0.8433
2025-05-26 11:00:00,0.8536
2025-05-26 12:00:00,0.8481
2025-05-26 13:00:00,0.8296
2025-05-26 14:00:00,0.7966
2025-05-26 15:00:00,0.7395
2025-05-26 16:00:00,0.6908
2025-05-26 17:00:00,0.6711
2025-05-26 18:00:00,0.6573
2025-05-26 19:00:00,0.6441
2025-05-26 20:00:00,0.6443
2025-05-26 21:00:00,0.6681
2025-05-26 22:00:00,0.7116
2025-05-26 23:00:00,0.7408
2025-05-27 00:00:00,0.7593
2025-05-27 01:00:00,0.7707
2025-05-27 02:00:00,0.7738
2025-05-27 03:00:00,0.7702
2025-05-27 04:00:00,0.7651
2025-05-27 05:00:00,0.7595
2025-05-27 06:00:00,0.7538
2025-05-27 07:00:00,0.7492
2025-05-27 08:00:00,0.7451
2025-05-27 09:00:00,0.7377
2025-05-27 10:00:00,0.7159
2025-05-27 11:00:00,0.6985
2025-05-27 12:00:00,0.6915
2025-05-27 13:00:00,0.677
2025-05-27 14:00:00,0.6585
2025-05-27 15:00:00,0.619
2025-05-27 16:00:00,0.5607
2025-05-27 17:00:00,0.5
2025-05-27 18:00:00,0.4467
2025-05-27 19:00:00,0.4005
2025-05-27 20:00:00,0.3712
2025-05-27 21:00:00,0.3789
2025-05-27 22:00:00,0.4181
2025-05-27 23:00:00,0.4441
2025-05-28 00:00:00,0.4633
2025-05-28 01:00:00,0.4857
2025-05-28 02:00:00,0.471
2025-05-28 03:00:00,0.4008
2025-05-28 04:00:00,0.3324
2025-05-28 05:00:00,0.3061
2025-05-28 06:00:00,0.321
2025-05-28 07:00:00,0.3607
2025-05-28 08:00:00,0.4063
2025-05-28 09:00:00,0.4459
2025-05-28 10:00:00,0.4802
2025-05-28 11:00:00,0.5199
2025-05-28 12:00:00,0.564
2025-05-28 13:00:00,0.6061
2025-05-28 14:00:00,0.6354
2025-05-28 15:00:00,0.6516
2025-05-28 16:00:00,0.6668
2025-05-28 17:00:00,0.7131
2025-05-28 18:00:00,0.7863
2025-05-28 19:00:00,0.8582
2025-05-28 20:00:00,0.9192
2025-05-28 21:00:00,0.9413
2025-05-28 22:00:00,0.9576
2025-05-28 23:00:00,0.9592
2025-05-29 00:00:00,0.9412
2025-05-29 01:00:00,0.9135
2025-05-29 02:00:00,0.8839
2025-05-29 03:00:00,0.8544
2025-05-29 04:00:00,0.8276
2025-05-29 05:00:00,0.8081
2025-05-29 06:00:00,0.7961
2025-05-29 07:00:00,0.8096
2025-05-29 08:00:00,0.831
2025-05-29 09:00:00,0.8459
2025-05-29 10:00:00,0.8433
2025-05-29 11:00:00,0.824
2025-05-29 12:00:00,0.8019
2025-05-29 13:00:00,0.7702
2025-05-29 14:00:00,0.7318
2025-05-29 15:00:00,0.6865
2025-05-29 16:00:00,0.6425
2025-05-29 17:00:00,0.6132
2025-05-29 18:00:00,0.6101
2025-05-29 19:00:00,0.6289
2025-05-29 20:00:00,0.6499
2025-05-29 21:00:00,0.6624
2025-05-29 22:00:00,0.6651
2025-05-29 23:00:00,0.6619
2025-05-30 00:00:00,0.6531
2025-05-30 01:00:00,0.6304
2025-05-30 02:00:00,0.5903
2025-05-30 03:00:00,0.5622
2025-05-30 04:00:00,0.5626
2025-05-30 05:00:00,0.5787
2025-05-30 06:00:00,0.5917
2025-05-30 07:00:00,0.6019
2025-05-30 08:00:00,0.619
2025-05-30 09:00:00,0.6337
2025-05-30 10:00:00,0.6284
2025-05-30 11:00:00,0.6026
2025-05-30 12:00:00,0.5642
2025-05-30 13:00:00,0.5075
2025-05-30 14:00:00,0.4502
2025-05-30 15:00:00,0.43
2025-05-30 16:00:00,0.4287
2025-05-30 17:00:00,0.4232
2025-05-30 18:00:00,0.412
2025-05-30 19:00:00,0.3939
2025-05-30 20:00:00,0.3735
2025-05-30 21:00:00,0.3627
2025-05-30 22:00:00,0.3591
2025-05-30 23:00:00,0.358
2025-05-31 00:00:00,0.3734
2025-05-31 01:00:00,0.4184
2025-05-31 02:00:00,0.4732
2025-05-31 03:00:00,0.5109
2025-05-31 04:00:00,0.5063
2025-05-31 05:00:00,0.5002
2025-05-31 06:00:00,0.5435
2025-05-31 07:00:00,0.6586
2025-05-31 08:00:00,0.7807
2025-05-31 09:00:00,0.8586
2025-05-31 10:00:00,0.9048
2025-05-31 11:00:00,0.9226
2025-05-31 12:00:00,0.9332
2025-05-31 13:00:00,0.9469
2025-05-31 14:00:00,0.9566
2025-05-31 15:00:00,0.9609
2025-05-31 16:00:00,0.9621
2025-05-31 17:00:00,0.9693
2025-05-31 18:00:00,0.9745
2025-05-31 19:00:00,0.9779
2025-05-31 20:00:00,0.9796
2025-05-31 21:00:00,0.981
2025-05-31 22:00:00,0.9825
2025-05-31 23:00:00,0.983
2025-06-01 00:00:00,0.9828
2025-06-01 01:00:00,0.9811
2025-06-01 02:00:00,0.9765
2025-06-01 03:00:00,0.9722
2025-06-01 04:00:00,0.9687
2025-06-01 05:00:00,0.9651
2025-06-01 06:00:00,0.9637
2025-06-01 07:00:00,0.9665
2025-06-01 08:00:00,0.9711
2025-06-01 09:00:00,0.9739
2025-06-01 10:00:00,0.9724
2025-06-01 11:00:00,0.9715
2025-06-01 12:00:00,0.9702
2025-06-01 13:00:00,0.9693
2025-06-01 14:00:00,0.9699
2025-06-01 15:00:00,0.973
2025-06-01 16:00:00,0.9763
2025-06-01 17:00:00,0.977
2025-06-01 18:00:00,0.9751
2025-06-01 19:00:00,0.9706
2025-06-01 20:00:00,0.9647
2025-06-01 21:00:00,0.9602
2025-06-01 22:00:00,0.9567
2025-06-01 23:00:00,0.9529
2025-06-02 00:00:00,0.9484
2025-06-02 01:00:00,0.9455
2025-06-02 02:00:00,0.944
2025-06-02 03:00:00,0.9436
2025-06-02 04:00:00,0.939
2025-06-02 05:00:00,0.9286
2025-06-02 06:00:00,0.9157
2025-06-02 07:00:00,0.9043
2025-06-02 08:00:00,0.9004
2025-06-02 09:00:00,0.9012
2025-06-02 10:00:00,0.8912
2025-06-02 11:00:00,0.864
2025-06-02 12:00:00,0.8347
2025-06-02 13:00:00,0.8217
2025-06-02 14:00:00,0.8049
2025-06-02 15:00:00,0.7921
2025-06-02 16:00:00,0.7948
2025-06-02 17:00:00,0.7882
2025-06-02 18:00:00,0.754
2025-06-02 19:00:00,0.696
2025-06-02 20:00:00,0.6055
2025-06-02 21:00:00,0.5166
2025-06-02 22:00:00,0.4706
2025-06-02 23:00:00,0.4532
2025-06-03 00:00:00,0.4691
2025-06-03 01:00:00,0.4993
2025-06-03 02:00:00,0.5097
2025-06-03 03:00:00,0.4819
2025-06-03 04:00:00,0.4418
2025-06-03 05:00:00,0.3938
2025-06-03 06:00:00,0.3605
2025-06-03 07:00:00,0.376
2025-06-03 08:00:00,0.4314
2025-06-03 09:00:00,0.4963
2025-06-03 10:00:00,0.5404
2025-06-03 11:00:00,0.5602
2025-06-03 12:00:00,0.5555
2025-06-03 13:00:00,0.5076
2025-06-03 14:00:00,0.4241
2025-06-03 15:00:00,0.3376
2025-06-03 16:00:00,0.2768
2025-06-03 17:00:00,0.2515
2025-06-03 18:00:00,0.2337
2025-06-03 19:00:00,0.2046
2025-06-03 20:00:00,0.1778
2025-06-03 21:00:00,0.1941
2025-06-03 22:00:00,0.2537
2025-06-03 23:00:00,0.336
2025-06-04 00:00:00,0.4153
2025-06-04 01:00:00,0.4726
2025-06-04 02:00:00,0.4973
2025-06-04 03:00:00,0.4756
2025-06-04 04:00:00,0.4627
2025-06-04 05:00:00,0.5067
2025-06-04 06:00:00,0.6019
2025-06-04 07:00:00,0.7074
2025-06-04 08:00:00,0.7875
2025-06-04 09:00:00,0.8383
2025-06-04 10:00:00,0.8755
2025-06-04 11:00:00,0.9067
2025-06-04 12:00:00,0.9269
2025-06-04 13:00:00,0.9366
2025-06-04 14:00:00,0.9513
2025-06-04 15:00:00,0.9542
2025-06-04 16:00:00,0.9572
2025-06-04 17:00:00,0.9675
2025-06-04 18:00:00,0.9755
2025-06-04 19:00:00,0.9722
2025-06-04 20:00:00,0.9663
2025-06-04 21:00:00,0.9611
2025-06-04 22:00:00,0.955
2025-06-04 23:00:00,0.9435
2025-06-05 00:00:00,0.9354
2025-06-05 01:00:00,0.9224
2025-06-05 02:00:00,0.9037
2025-06-05 03:00:00,0.8743
2025-06-05 04:00:00,0.8334
2025-06-05 05:00:00,0.7899
2025-06-05 06:00:00,0.7583
2025-06-05 07:00:00,0.7479
2025-06-05 08:00:00,0.7532
2025-06-05 09:00:00,0.7595
2025-06-05 10:00:00,0.7724
2025-06-05 11:00:00,0.7985
2025-06-05 12:00:00,0.8207
2025-06-05 13:00:00,0.8312
2025-06-05 14:00:00,0.8317
2025-06-05 15:00:00,0.8255
2025-06-05 16:00:00,0.8227
2025-06-05 17:00:00,0.8195
2025-06-05 18:00:00,0.8104
2025-06-05 19:00:00,0.8082
2025-06-05 20:00:00,0.8155
2025-06-05 21:00:00,0.819
2025-06-05 22:00:00,0.8145
2025-06-05 23:00:00,0.8178
2025-06-06 00:00:00,0.8051
2025-06-06 01:00:00,0.8032
2025-06-06 02:00:00,0.788
2025-06-06 03:00:00,0.7651
2025-06-06 04:00:00,0.7412
2025-06-06 05:00:00,0.7313
2025-06-06 06:00:00,0.7087
2025-06-06 07:00:00,0.6688
2025-06-06 08:00:00,0.6391
2025-06-06 09:00:00,0.6027
2025-06-06 10:00:00,0.564
2025-06-06 11:00:00,0.5259
2025-06-06 12:00:00,0.4803
2025-06-06 13:00:00,0.4324
2025-06-06 14:00:00,0.3707
2025-06-06 15:00:00,0.2928
2025-06-06 16:00:00,0.2319
2025-06-06 17:00:00,0.1943
2025-06-06 18:00:00,0.1766
2025-06-06 19:00:00,0.1672
2025-06-06 20:00:00,0.1758
2025-06-06 21:00:00,0.2357
2025-06-06 22:00:00,0.3534
2025-06-06 23:00:00,0.4881
2025-06-07 00:00:00,0.5859
2025-06-07 01:00:00,0.6535
2025-06-07 02:00:00,0.6961
2025-06-07 03:00:00,0.6801
2025-06-07 04:00:00,0.6421
2025-06-07 05:00:00,0.6033
2025-06-07 06:00:00,0.587
2025-06-07 07:00:00,0.5711
2025-06-07 08:00:00,0.5503
2025-06-07 09:00:00,0.5402
2025-06-07 10:00:00,0.571
2025-06-07 11:00:00,0.6295
2025-06-07 12:00:00,0.6764
2025-06-07 13:00:00,0.6876
2025-06-07 14:00:00,0.6498
2025-06-07 15:00:00,0.6073
2025-06-07 16:00:00,0.6255
2025-06-07 17:00:00,0.6834
2025-06-07 18:00:00,0.7481
2025-06-07 19:00:00,0.815
2025-06-07 20:00:00,0.8646
2025-06-07 21:00:00,0.8942
2025-06-07 22:00:00,0.9003
2025-06-07 23:00:00,0.8889
2025-06-08 00:00:00,0.8717
2025-06-08 01:00:00,0.8469
2025-06-08 02:00:00,0.8298
2025-06-08 03:00:00,0.7927
2025-06-08 04:00:00,0.7315
2025-06-08 05:00:00,0.6914
2025-06-08 06:00:00,0.6839
2025-06-08 07:00:00,0.7326
2025-06-08 08:00:00,0.7857
2025-06-08 09:00:00,0.8201
2025-06-08 10:00:00,0.8299
2025-06-08 11:00:00,0.8351
2025-06-08 12:00:00,0.8398
2025-06-08 13:00:00,0.833
2025-06-08 14:00:00,0.826
2025-06-08 15:00:00,0.825
2025-06-08 16:00:00,0.8105
2025-06-08 17:00:00,0.7569
2025-06-08 18:00:00,0.6808
2025-06-08 19:00:00,0.6341
2025-06-08 20:00:00,0.639
2025-06-08 21:00:00,0.6835
2025-06-08 22:00:00,0.7493
2025-06-08 23:00:00,0.8175
2025-06-09 00:00:00,0.8643
2025-06-09 01:00:00,0.8979
2025-06-09 02:00:00,0.9214
2025-06-09 03:00:00,0.9333
2025-06-09 04:00:00,0.9297
2025-06-09 05:00:00,0.9277
2025-06-09 06:00:00,0.9348
2025-06-09 07:00:00,0.9457
2025-06-09 08:00:00,0.9535
2025-06-09 09:00:00,0.9555
2025-06-09 10:00:00,0.9507
2025-06-09 11:00:00,0.936
2025-06-09 12:00:00,0.915
2025-06-09 13:00:00,0.8894
2025-06-09 14:00:00,0.8604
2025-06-09 15:00:00,0.8157
2025-06-09 16:00:00,0.7523
2025-06-09 17:00:00,0.6933
2025-06-09 18:00:00,0.6523
2025-06-09 19:00:00,0.6204
2025-06-09 20:00:00,0.6036
2025-06-09 21:00:00,0.5962
2025-06-09 22:00:00,0.5768
2025-06-09 23:00:00,0.5107
2025-06-10 00:00:00,0.4069
2025-06-10 01:00:00,0.3002
2025-06-10 02:00:00,0.2112
2025-06-10 03:00:00,0.1419
2025-06-10 04:00:00,0.1078
2025-06-10 05:00:00,0.0916
2025-06-10 06:00:00,0.1077
2025-06-10 07:00:00,0.1573
2025-06-10 08:00:00,0.2774
2025-06-10 09:00:00,0.4797
2025-06-10 10:00:00,0.6459
2025-06-10 11:00:00,0.767
2025-06-10 12:00:00,0.8595
2025-06-10 13:00:00,0.9138
2025-06-10 14:00:00,0.9447
2025-06-10 15:00:00,0.9662
2025-06-10 16:00:00,0.9774
2025-06-10 17:00:00,0.9803
2025-06-10 18:00:00,0.9788
2025-06-10 19:00:00,0.9737
2025-06-10 20:00:00,0.9662
2025-06-10 21:00:00,0.9579
2025-06-10 22:00:00,0.951
2025-06-10 23:00:00,0.9449
2025-06-11 00:00:00,0.9414
2025-06-11 01:00:00,0.9379
2025-06-11 02:00:00,0.933
2025-06-11 03:00:00,0.9227
2025-06-11 04:00:00,0.9088
2025-06-11 05:00:00,0.8973
2025-06-11 06:00:00,0.8879
2025-06-11 07:00:00,0.881
2025-06-11 08:00:00,0.8761
2025-06-11 09:00:00,0.8774
2025-06-11 10:00:00,0.8768
2025-06-11 11:00:00,0.8726
2025-06-11 12:00:00,0.8642
2025-06-11 13:00:00,0.8498
2025-06-11 14:00:00,0.8309
2025-06-11 15:00:00,0.818
2025-06-11 16:00:00,0.8185
2025-06-11 17:00:00,0.8284
2025-06-11 18:00:00,0.8385
2025-06-11 19:00:00,0.8437
2025-06-11 20:00:00,0.8428
2025-06-11 21:00:00,0.8404
2025-06-11 22:00:00,0.8313
2025-06-11 23:00:00,0.8156
2025-06-12 00:00:00,0.8037
2025-06-12 01:00:00,0.8022
2025-06-12 02:00:00,0.8089
2025-06-12 03:00:00,0.8181
2025-06-12 04:00:00,0.8292
2025-06-12 05:00:00,0.8368
2025-06-12 06:00:00,0.8399
2025-06-12 07:00:00,0.8417
2025-06-12 08:00:00,0.8428
2025-06-12 09:00:00,0.8432
2025-06-12 10:00:00,0.839
2025-06-12 11:00:00,0.8277
2025-06-12 12:00:00,0.8112
2025-06-12 13:00:00,0.791
2025-06-12 14:00:00,0.7664
2025-06-12 15:00:00,0.7281
2025-06-12 16:00:00,0.6781
2025-06-12 17:00:00,0.6162
2025-06-12 18:00:00,0.5437
2025-06-12 19:00:00,0.4705
2025-06-12 20:00:00,0.4143
2025-06-12 21:00:00,0.3893
2025-06-12 22:00:00,0.3865
2025-06-12 23:00:00,0.3961
2025-06-13 00:00:00,0.4091
2025-06-13 01:00:00,0.4126
2025-06-13 02:00:00,0.4034
2025-06-13 03:00:00,0.3828
2025-06-13 04:00:00,0.3611
2025-06-13 05:00:00,0.3435
2025-06-13 06:00:00,0.3236
2025-06-13 07:00:00,0.3274
2025-06-13 08:00:00,0.354
2025-06-13 09:00:00,0.3969
2025-06-13 10:00:00,0.4574
2025-06-13 11:00:00,0.5564
2025-06-13 12:00:00,0.6527
2025-06-13 13:00:00,0.7117
2025-06-13 14:00:00,0.7339
2025-06-13 15:00:00,0.7233
2025-06-13 16:00:00,0.6769
2025-06-13 17:00:00,0.646
2025-06-13 18:00:00,0.6519
2025-06-13 19:00:00,0.6648
2025-06-13 20:00:00,0.6875
2025-06-13 21:00:00,0.7328
2025-06-13 22:00:00,0.7807
2025-06-13 23:00:00,0.8019
2025-06-14 00:00:00,0.8244
2025-06-14 01:00:00,0.8545
2025-06-14 02:00:00,0.8851
2025-06-14 03:00:00,0.9022
2025-06-14 04:00:00,0.9111
2025-06-14 05:00:00,0.9276
2025-06-14 06:00:00,0.939
2025-06-14 07:00:00,0.9373
2025-06-14 08:00:00,0.929
2025-06-14 09:00:00,0.9272
2025-06-14 10:00:00,0.9268
2025-06-14 11:00:00,0.9217
2025-06-14 12:00:00,0.9124
2025-06-14 13:00:00,0.9119
2025-06-14 14:00:00,0.9019
2025-06-14 15:00:00,0.888
2025-06-14 16:00:00,0.8797
2025-06-14 17:00:00,0.8719
2025-06-14 18:00:00,0.8574
2025-06-14 19:00:00,0.8368
2025-06-14 20:00:00,0.8176
2025-06-14 21:00:00,0.7777
2025-06-14 22:00:00,0.6761
2025-06-14 23:00:00,0.608
2025-06-15 00:00:00,0.5103
2025-06-15 01:00:00,0.39
2025-06-15 02:00:00,0.4087
2025-06-15 03:00:00,0.5902
2025-06-15 04:00:00,0.7493
2025-06-15 05:00:00,0.8224
2025-06-15 06:00:00,0.8546
2025-06-15 07:00:00,0.8697
2025-06-15 08:00:00,0.8754
2025-06-15 09:00:00,0.9093
2025-06-15 10:00:00,0.9469
2025-06-15 11:00:00,0.9675
2025-06-15 12:00:00,0.9745
2025-06-15 13:00:00,0.9744
2025-06-15 14:00:00,0.9676
2025-06-15 15:00:00,0.9662
2025-06-15 16:00:00,0.9723
2025-06-15 17:00:00,0.9817
2025-06-15 18:00:00,0.9884
2025-06-15 19:00:00,0.988
2025-06-15 20:00:00,0.981
2025-06-15 21:00:00,0.9757
2025-06-15 22:00:00,0.9662
2025-06-15 23:00:00,0.9385
2025-06-16 00:00:00,0.9177
2025-06-16 01:00:00,0.9138
2025-06-16 02:00:00,0.9105
2025-06-16 03:00:00,0.905
2025-06-16 04:00:00,0.9032
2025-06-16 05:00:00,0.9104
2025-06-16 06:00:00,0.922
2025-06-16 07:00:00,0.9329
2025-06-16 08:00:00,0.9375
2025-06-16 09:00:00,0.9327
2025-06-16 10:00:00,0.931
2025-06-16 11:00:00,0.9234
2025-06-16 12:00:00,0.9167
2025-06-16 13:00:00,0.8991
2025-06-16 14:00:00,0.8789
2025-06-16 15:00:00,0.8601
2025-06-16 16:00:00,0.8276
2025-06-16 17:00:00,0.7843
2025-06-16 18:00:00,0.7472
2025-06-16 19:00:00,0.7255
2025-06-16 20:00:00,0.7263
2025-06-16 21:00:00,0.7452
2025-06-16 22:00:00,0.7749
2025-06-16 23:00:00,0.8007
2025-06-17 00:00:00,0.819
2025-06-17 01:00:00,0.8354
2025-06-17 02:00:00,0.8453
2025-06-17 03:00:00,0.8373
2025-06-17 04:00:00,0.8198
2025-06-17 05:00:00,0.8
2025-06-17 06:00:00,0.7898
2025-06-17 07:00:00,0.7801
2025-06-17 08:00:00,0.778
2025-06-17 09:00:00,0.7734
2025-06-17 10:00:00,0.7644
2025-06-17 11:00:00,0.7412
2025-06-17 12:00:00,0.6915
2025-06-17 13:00:00,0.6327
2025-06-17 14:00:00,0.5828
2025-06-17 15:00:00,0.5647
2025-06-17 16:00:00,0.5552
2025-06-17 17:00:00,0.5322
2025-06-17 18:00:00,0.4957
2025-06-17 19:00:00,0.4629
2025-06-17 20:00:00,0.4351
2025-06-17 21:00:00,0.3945
2025-06-17 22:00:00,0.3532
2025-06-17 23:00:00,0.3104
2025-06-18 00:00:00,0.2515
2025-06-18 01:00:00,0.1828
2025-06-18 02:00:00,0.1204
2025-06-18 03:00:00,0.0663
2025-06-18 04:00:00,0.0339
2025-06-18 05:00:00,0.0216
2025-06-18 06:00:00,0.0195
2025-06-18 07:00:00,0.0437
2025-06-18 08:00:00,0.0566
2025-06-18 09:00:00,0.0743
2025-06-18 10:00:00,0.0925
2025-06-18 11:00:00,0.1162
2025-06-18 12:00:00,0.1633
2025-06-18 13:00:00,0.2646
2025-06-18 14:00:00,0.3753
2025-06-18 15:00:00,0.4325
2025-06-18 16:00:00,0.4589
2025-06-18 17:00:00,0.4838
2025-06-18 18:00:00,0.5097
2025-06-18 19:00:00,0.5366
2025-06-18 20:00:00,0.5536
2025-06-18 21:00:00,0.5821
2025-06-18 22:00:00,0.6202
2025-06-18 23:00:00,0.6329
2025-06-19 00:00:00,0.6165
2025-06-19 01:00:00,0.5983
2025-06-19 02:00:00,0.5874
2025-06-19 03:00:00,0.603
2025-06-19 04:00:00,0.6397
2025-06-19 05:00:00,0.663
2025-06-19 06:00:00,0.6623
2025-06-19 07:00:00,0.6574
2025-06-19 08:00:00,0.603
2025-06-19 09:00:00,0.5274
2025-06-19 10:00:00,0.4754
2025-06-19 11:00:00,0.4727
2025-06-19 12:00:00,0.4905
2025-06-19 13:00:00,0.5065
2025-06-19 14:00:00,0.5123
2025-06-19 15:00:00,0.4883
2025-06-19 16:00:00,0.4441
2025-06-19 17:00:00,0.3953
2025-06-19 18:00:00,0.3338
2025-06-19 19:00:00,0.2582
2025-06-19 20:00:00,0.1741
2025-06-19 21:00:00,0.1172
2025-06-19 22:00:00,0.0822
2025-06-19 23:00:00,0.0623
2025-06-20 00:00:00,0.0604
2025-06-20 01:00:00,0.065
2025-06-20 02:00:00,0.0536
2025-06-20 03:00:00,0.0631
2025-06-20 04:00:00,0.0862
2025-06-20 05:00:00,0.0879
2025-06-20 06:00:00,0.069
2025-06-20 07:00:00,0.0456
2025-06-20 08:00:00,0.0626
2025-06-20 09:00:00,0.1117
2025-06-20 10:00:00,0.1005
2025-06-20 11:00:00,0.0749
2025-06-20 12:00:00,0.078
2025-06-20 13:00:00,0.1172
2025-06-20 14:00:00,0.1358
2025-06-20 15:00:00,0.1355
2025-06-20 16:00:00,0.1343
2025-06-20 17:00:00,0.1559
2025-06-20 18:00:00,0.1859
2025-06-20 19:00:00,0.2199
2025-06-20 20:00:00,0.2466
2025-06-20 21:00:00,0.2487
2025-06-20 22:00:00,0.239
2025-06-20 23:00:00,0.2297
2025-06-21 00:00:00,0.2262
2025-06-21 01:00:00,0.2317
2025-06-21 02:00:00,0.234
2025-06-21 03:00:00,0.2375
2025-06-21 04:00:00,0.2362
2025-06-21 05:00:00,0.2321
2025-06-21 06:00:00,0.2421
2025-06-21 07:00:00,0.2538
2025-06-21 08:00:00,0.2807
2025-06-21 09:00:00,0.2998
2025-06-21 10:00:00,0.3461
2025-06-21 11:00:00,0.4007
2025-06-21 12:00:00,0.4498
2025-06-21 13:00:00,0.4559
2025-06-21 14:00:00,0.4155
2025-06-21 15:00:00,0.3395
2025-06-21 16:00:00,0.2702
2025-06-21 17:00:00,0.2497
2025-06-21 18:00:00,0.2587
2025-06-21 19:00:00,0.2792
2025-06-21 20:00:00,0.3022
2025-06-21 21:00:00,0.3143
2025-06-21 22:00:00,0.3531
2025-06-21 23:00:00,0.3808
2025-06-22 00:00:00,0.3643
2025-06-22 01:00:00,0.3173
2025-06-22 02:00:00,0.3022
2025-06-22 03:00:00,0.3004
2025-06-22 04:00:00,0.2942
2025-06-22 05:00:00,0.3066
2025-06-22 06:00:00,0.3327
2025-06-22 07:00:00,0.3637
2025-06-22 08:00:00,0.4118
2025-06-22 09:00:00,0.468
2025-06-22 10:00:00,0.5129
2025-06-22 11:00:00,0.5477
2025-06-22 12:00:00,0.568
2025-06-22 13:00:00,0.5671
2025-06-22 14:00:00,0.5479
2025-06-22 15:00:00,0.5302
2025-06-22 16:00:00,0.5215
2025-06-22 17:00:00,0.5275
2025-06-22 18:00:00,0.504
2025-06-22 19:00:00,0.4659
2025-06-22 20:00:00,0.498
2025-06-22 21:00:00,0.5427
2025-06-22 22:00:00,0.5476
2025-06-22 23:00:00,0.5222
2025-06-23 00:00:00,0.4779
2025-06-23 01:00:00,0.4204
2025-06-23 02:00:00,0.38
2025-06-23 03:00:00,0.3303
2025-06-23 04:00:00,0.2636
2025-06-23 05:00:00,0.1952
2025-06-23 06:00:00,0.1604
2025-06-23 07:00:00,0.1611
2025-06-23 08:00:00,0.1764
2025-06-23 09:00:00,0.1889
2025-06-23 10:00:00,0.1989
2025-06-23 11:00:00,0.2028
2025-06-23 12:00:00,0.204
2025-06-23 13:00:00,0.2083
2025-06-23 14:00:00,0.2129
2025-06-23 15:00:00,0.2082
2025-06-23 16:00:00,0.1926
2025-06-23 17:00:00,0.1641
2025-06-23 18:00:00,0.1311
2025-06-23 19:00:00,0.1063
2025-06-23 20:00:00,0.0915
2025-06-23 21:00:00,0.0785
2025-06-23 22:00:00,0.0654
2025-06-23 23:00:00,0.0551
2025-06-24 00:00:00,0.0488
2025-06-24 01:00:00,0.0463
2025-06-24 02:00:00,0.0454
2025-06-24 03:00:00,0.0472
2025-06-24 04:00:00,0.0541
2025-06-24 05:00:00,0.0644
2025-06-24 06:00:00,0.0801
2025-06-24 07:00:00,0.1
2025-06-24 08:00:00,0.1219
2025-06-24 09:00:00,0.1379
2025-06-24 10:00:00,0.137
2025-06-24 11:00:00,0.1241
2025-06-24 12:00:00,0.1072
2025-06-24 13:00:00,0.0958
2025-06-24 14:00:00,0.09
2025-06-24 15:00:00,0.0974
2025-06-24 16:00:00,0.1295
2025-06-24 17:00:00,0.1978
2025-06-24 18:00:00,0.2994
2025-06-24 19:00:00,0.4062
2025-06-24 20:00:00,0.4917
2025-06-24 21:00:00,0.5306
2025-06-24 22:00:00,0.5333
2025-06-24 23:00:00,0.5103
2025-06-25 00:00:00,0.4717
2025-06-25 01:00:00,0.4286
2025-06-25 02:00:00,0.3882
2025-06-25 03:00:00,0.3504
2025-06-25 04:00:00,0.3214
2025-06-25 05:00:00,0.3016
2025-06-25 06:00:00,0.2892
2025-06-25 07:00:00,0.2883
2025-06-25 08:00:00,0.3041
2025-06-25 09:00:00,0.3582
2025-06-25 10:00:00,0.4529
2025-06-25 11:00:00,0.5539
2025-06-25 12:00:00,0.6375
2025-06-25 13:00:00,0.6945
2025-06-25 14:00:00,0.7302
2025-06-25 15:00:00,0.7476
2025-06-25 16:00:00,0.7569
2025-06-25 17:00:00,0.7647
2025-06-25 18:00:00,0.7727
2025-06-25 19:00:00,0.779
2025-06-25 20:00:00,0.7813
2025-06-25 21:00:00,0.7794
2025-06-25 22:00:00,0.7753
2025-06-25 23:00:00,0.7687
2025-06-26 00:00:00,0.7597
2025-06-26 01:00:00,0.751
2025-06-26 02:00:00,0.7432
2025-06-26 03:00:00,0.7336
2025-06-26 04:00:00,0.7206
2025-06-26 05:00:00,0.7057
2025-06-26 06:00:00,0.6953
2025-06-26 07:00:00,0.6985
2025-06-26 08:00:00,0.715
2025-06-26 09:00:00,0.7247
2025-06-26 10:00:00,0.7263
2025-06-26 11:00:00,0.7123
2025-06-26 12:00:00,0.6808
2025-06-26 13:00:00,0.6387
2025-06-26 14:00:00,0.5857
2025-06-26 15:00:00,0.5577
2025-06-26 16:00:00,0.5618
2025-06-26 17:00:00,0.5895
2025-06-26 18:00:00,0.6301
2025-06-26 19:00:00,0.6652
2025-06-26 20:00:00,0.689
2025-06-26 21:00:00,0.675
2025-06-26 22:00:00,0.6266
2025-06-26 23:00:00,0.5575
2025-06-27 00:00:00,0.4735
2025-06-27 01:00:00,0.3968
2025-06-27 02:00:00,0.3496
2025-06-27 03:00:00,0.3533
2025-06-27 04:00:00,0.3904
2025-06-27 05:00:00,0.4241
2025-06-27 06:00:00,0.4566
2025-06-27 07:00:00,0.5058
2025-06-27 08:00:00,0.5709
2025-06-27 09:00:00,0.6398
2025-06-27 10:00:00,0.7044
2025-06-27 11:00:00,0.7507
2025-06-27 12:00:00,0.7677
2025-06-27 13:00:00,0.7646
2025-06-27 14:00:00,0.7421
2025-06-27 15:00:00,0.6931
2025-06-27 16:00:00,0.6627
2025-06-27 17:00:00,0.6629
2025-06-27 18:00:00,0.6752
2025-06-27 19:00:00,0.675
2025-06-27 20:00:00,0.6649
2025-06-27 21:00:00,0.6902
2025-06-27 22:00:00,0.7276
2025-06-27 23:00:00,0.7636
2025-06-28 00:00:00,0.795
2025-06-28 01:00:00,0.8022
2025-06-28 02:00:00,0.8222
2025-06-28 03:00:00,0.8631
2025-06-28 04:00:00,0.8865
2025-06-28 05:00:00,0.8947
2025-06-28 06:00:00,0.9004
2025-06-28 07:00:00,0.9145
2025-06-28 08:00:00,0.9291
2025-06-28 09:00:00,0.9386
2025-06-28 10:00:00,0.9421
2025-06-28 11:00:00,0.9437
2025-06-28 12:00:00,0.94
2025-06-28 13:00:00,0.9133
2025-06-28 14:00:00,0.8847
2025-06-28 15:00:00,0.8749
2025-06-28 16:00:00,0.8672
2025-06-28 17:00:00,0.846
2025-06-28 18:00:00,0.8
2025-06-28 19:00:00,0.7255
2025-06-28 20:00:00,0.6381
2025-06-28 21:00:00,0.564
2025-06-28 22:00:00,0.4939
2025-06-28 23:00:00,0.4324
2025-06-29 00:00:00,0.3788
2025-06-29 01:00:00,0.3227
2025-06-29 02:00:00,0.2716
2025-06-29 03:00:00,0.2232
2025-06-29 04:00:00,0.1943
2025-06-29 05:00:00,0.1917
2025-06-29 06:00:00,0.2034
2025-06-29 07:00:00,0.2177
2025-06-29 08:00:00,0.2406
2025-06-29 09:00:00,0.2612
2025-06-29 10:00:00,0.2322
2025-06-29 11:00:00,0.1649
2025-06-29 12:00:00,0.0983
2025-06-29 13:00:00,0.0556
2025-06-29 14:00:00,0.0621
2025-06-29 15:00:00,0.1016
2025-06-29 16:00:00,0.1187
2025-06-29 17:00:00,0.0915
2025-06-29 18:00:00,0.1373
2025-06-29 19:00:00,0.3144
2025-06-29 20:00:00,0.4502
2025-06-29 21:00:00,0.4261
2025-06-29 22:00:00,0.3489
2025-06-29 23:00:00,0.2925
2025-06-30 00:00:00,0.3176
2025-06-30 01:00:00,0.4158
2025-06-30 02:00:00,0.493
2025-06-30 03:00:00,0.5238
2025-06-30 04:00:00,0.5626
2025-06-30 05:00:00,0.6059
2025-06-30 06:00:00,0.6196
2025-06-30 07:00:00,0.5779
2025-06-30 08:00:00,0.5191
2025-06-30 09:00:00,0.4769
2025-06-30 10:00:00,0.4382
2025-06-30 11:00:00,0.4085
2025-06-30 12:00:00,0.4071
2025-06-30 13:00:00,0.4376
2025-06-30 14:00:00,0.4698
2025-06-30 15:00:00,0.469
2025-06-30 16:00:00,0.4275
2025-06-30 17:00:00,0.3826
2025-06-30 18:00:00,0.3727
2025-06-30 19:00:00,0.4034
2025-06-30 20:00:00,0.4498
2025-06-30 21:00:00,0.5199
2025-06-30 22:00:00,0.5785
2025-06-30 23:00:00,0.6257
2025-07-01 00:00:00,0.6898
2025-07-01 01:00:00,0.7019
2025-07-01 02:00:00,0.6965
2025-07-01 03:00:00,0.6749
2025-07-01 04:00:00,0.6696
2025-07-01 05:00:00,0.6719
2025-07-01 06:00:00,0.6597
2025-07-01 07:00:00,0.6422
2025-07-01 08:00:00,0.5989
2025-07-01 09:00:00,0.5568
2025-07-01 10:00:00,0.5521
2025-07-01 11:00:00,0.5837
2025-07-01 12:00:00,0.6387
2025-07-01 13:00:00,0.6988
2025-07-01 14:00:00,0.7291
2025-07-01 15:00:00,0.7308
2025-07-01 16:00:00,0.7168
2025-07-01 17:00:00,0.7114
2025-07-01 18:00:00,0.7196
2025-07-01 19:00:00,0.7306
2025-07-01 20:00:00,0.7393
2025-07-01 21:00:00,0.7313
2025-07-01 22:00:00,0.7149
2025-07-01 23:00:00,0.6927
2025-07-02 00:00:00,0.6714
2025-07-02 01:00:00,0.6641
2025-07-02 02:00:00,0.6831
2025-07-02 03:00:00,0.7342
2025-07-02 04:00:00,0.7998
2025-07-02 05:00:00,0.8553
2025-07-02 06:00:00,0.881
2025-07-02 07:00:00,0.8869
2025-07-02 08:00:00,0.8924
2025-07-02 09:00:00,0.9008
2025-07-02 10:00:00,0.895
2025-07-02 11:00:00,0.8702
2025-07-02 12:00:00,0.8451
2025-07-02 13:00:00,0.8316
2025-07-02 14:00:00,0.8138
2025-07-02 15:00:00,0.8068
2025-07-02 16:00:00,0.8035
2025-07-02 17:00:00,0.7765
2025-07-02 18:00:00,0.7162
2025-07-02 19:00:00,0.6602
2025-07-02 20:00:00,0.6187
2025-07-02 21:00:00,0.5588
2025-07-02 22:00:00,0.533
2025-07-02 23:00:00,0.5638
2025-07-03 00:00:00,0.6034
2025-07-03 01:00:00,0.6211
2025-07-03 02:00:00,0.6286
2025-07-03 03:00:00,0.6176
2025-07-03 04:00:00,0.6187
2025-07-03 05:00:00,0.69
2025-07-03 06:00:00,0.7812
2025-07-03 07:00:00,0.8277
2025-07-03 08:00:00,0.8178
2025-07-03 09:00:00,0.7685
2025-07-03 10:00:00,0.7147
2025-07-03 11:00:00,0.6845
2025-07-03 12:00:00,0.6923
2025-07-03 13:00:00,0.7044
2025-07-03 14:00:00,0.6954
2025-07-03 15:00:00,0.7077
2025-07-03 16:00:00,0.7492
2025-07-03 17:00:00,0.7923
2025-07-03 18:00:00,0.8286
2025-07-03 19:00:00,0.8615
2025-07-03 20:00:00,0.8955
2025-07-03 21:00:00,0.9192
2025-07-03 22:00:00,0.9306
2025-07-03 23:00:00,0.9373
2025-07-04 00:00:00,0.9515
2025-07-04 01:00:00,0.9667
2025-07-04 02:00:00,0.9768
2025-07-04 03:00:00,0.9868
2025-07-04 04:00:00,0.9866
2025-07-04 05:00:00,0.984
2025-07-04 06:00:00,0.9797
2025-07-04 07:00:00,0.974
2025-07-04 08:00:00,0.9663
2025-07-04 09:00:00,0.9581
2025-07-04 10:00:00,0.9493
2025-07-04 11:00:00,0.9474
2025-07-04 12:00:00,0.9524
2025-07-04 13:00:00,0.9557
2025-07-04 14:00:00,0.9555
2025-07-04 15:00:00,0.9491
2025-07-04 16:00:00,0.9435
2025-07-04 17:00:00,0.941
2025-07-04 18:00:00,0.9352
2025-07-04 19:00:00,0.9199
2025-07-04 20:00:00,0.9063
2025-07-04 21:00:00,0.9083
2025-07-04 22:00:00,0.9077
2025-07-04 23:00:00,0.915
2025-07-05 00:00:00,0.9245
2025-07-05 01:00:00,0.9402
2025-07-05 02:00:00,0.9523
2025-07-05 03:00:00,0.9533
2025-07-05 04:00:00,0.9468
2025-07-05 05:00:00,0.9447
2025-07-05 06:00:00,0.9461
2025-07-05 07:00:00,0.9476
2025-07-05 08:00:00,0.9453
2025-07-05 09:00:00,0.9385
2025-07-05 10:00:00,0.9266
2025-07-05 11:00:00,0.9107
2025-07-05 12:00:00,0.8805
2025-07-05 13:00:00,0.832
2025-07-05 14:00:00,0.7517
2025-07-05 15:00:00,0.6366
2025-07-05 16:00:00,0.4983
2025-07-05 17:00:00,0.3555
2025-07-05 18:00:00,0.2402
2025-07-05 19:00:00,0.1998
2025-07-05 20:00:00,0.2523
2025-07-05 21:00:00,0.3348
2025-07-05 22:00:00,0.4154
2025-07-05 23:00:00,0.5169
2025-07-06 00:00:00,0.5787
2025-07-06 01:00:00,0.6618
2025-07-06 02:00:00,0.7469
2025-07-06 03:00:00,0.8468
2025-07-06 04:00:00,0.9144
2025-07-06 05:00:00,0.9483
2025-07-06 06:00:00,0.9666
2025-07-06 07:00:00,0.9693
2025-07-06 08:00:00,0.9677
2025-07-06 09:00:00,0.9636
2025-07-06 10:00:00,0.9574
2025-07-06 11:00:00,0.9545
2025-07-06 12:00:00,0.9756
2025-07-06 13:00:00,0.9883
2025-07-06 14:00:00,0.9869
2025-07-06 15:00:00,0.9783
2025-07-06 16:00:00,0.9696
2025-07-06 17:00:00,0.9655
2025-07-06 18:00:00,0.9611
2025-07-06 19:00:00,0.9596
2025-07-06 20:00:00,0.9642
2025-07-06 21:00:00,0.9688
2025-07-06 22:00:00,0.9694
2025-07-06 23:00:00,0.9641
2025-07-07 00:00:00,0.952
2025-07-07 01:00:00,0.9316
2025-07-07 02:00:00,0.9044
2025-07-07 03:00:00,0.8712
2025-07-07 04:00:00,0.8396
2025-07-07 05:00:00,0.823
2025-07-07 06:00:00,0.8302
2025-07-07 07:00:00,0.8497
2025-07-07 08:00:00,0.868
2025-07-07 09:00:00,0.8768
2025-07-07 10:00:00,0.8782
2025-07-07 11:00:00,0.8752
2025-07-07 12:00:00,0.8678
2025-07-07 13:00:00,0.8588
2025-07-07 14:00:00,0.8466
2025-07-07 15:00:00,0.834
2025-07-07 16:00:00,0.8149
2025-07-07 17:00:00,0.8003
2025-07-07 18:00:00,0.7856
2025-07-07 19:00:00,0.7599
2025-07-07 20:00:00,0.7293
2025-07-07 21:00:00,0.7101
2025-07-07 22:00:00,0.691
2025-07-07 23:00:00,0.6615
2025-07-08 00:00:00,0.6262
2025-07-08 01:00:00,0.5704
2025-07-08 02:00:00,0.4942
2025-07-08 03:00:00,0.4181
2025-07-08 04:00:00,0.3555
2025-07-08 05:00:00,0.3243
2025-07-08 06:00:00,0.3157
2025-07-08 07:00:00,0.3251
2025-07-08 08:00:00,0.3492
2025-07-08 09:00:00,0.363
2025-07-08 10:00:00,0.3521
2025-07-08 11:00:00,0.3088
2025-07-08 12:00:00,0.2408
2025-07-08 13:00:00,0.1696
2025-07-08 14:00:00,0.1082
2025-07-08 15:00:00,0.063
2025-07-08 16:00:00,0.0314
2025-07-08 17:00:00,0.0227
2025-07-08 18:00:00,0.046
2025-07-08 19:00:00,0.1137
2025-07-08 20:00:00,0.1999
2025-07-08 21:00:00,0.3006
2025-07-08 22:00:00,0.4123
2025-07-08 23:00:00,0.5159
2025-07-09 00:00:00,0.6015
2025-07-09 01:00:00,0.6546
2025-07-09 02:00:00,0.669
2025-07-09 03:00:00,0.6918
2025-07-09 04:00:00,0.7569
2025-07-09 05:00:00,0.8315
2025-07-09 06:00:00,0.8741
2025-07-09 07:00:00,0.8813
2025-07-09 08:00:00,0.8664
2025-07-09 09:00:00,0.8434
2025-07-09 10:00:00,0.8204
2025-07-09 11:00:00,0.7764
2025-07-09 12:00:00,0.7346
2025-07-09 13:00:00,0.732
2025-07-09 14:00:00,0.7302
2025-07-09 15:00:00,0.7385
2025-07-09 16:00:00,0.7808
2025-07-09 17:00:00,0.8324
2025-07-09 18:00:00,0.8603
2025-07-09 19:00:00,0.8512
2025-07-09 20:00:00,0.8553
2025-07-09 21:00:00,0.8228
2025-07-09 22:00:00,0.7906
2025-07-09 23:00:00,0.807
2025-07-10 00:00:00,0.8109
2025-07-10 01:00:00,0.8078
2025-07-10 02:00:00,0.7813
2025-07-10 03:00:00,0.7872
2025-07-10 04:00:00,0.8164
2025-07-10 05:00:00,0.8445
2025-07-10 06:00:00,0.8679
2025-07-10 07:00:00,0.89
2025-07-10 08:00:00,0.903
2025-07-10 09:00:00,0.9024
2025-07-10 10:00:00,0.8896
2025-07-10 11:00:00,0.8688
2025-07-10 12:00:00,0.847
2025-07-10 13:00:00,0.8371
2025-07-10 14:00:00,0.834
2025-07-10 15:00:00,0.836
2025-07-10 16:00:00,0.8424
2025-07-10 17:00:00,0.8497
2025-07-10 18:00:00,0.852
2025-07-10 19:00:00,0.8376
2025-07-10 20:00:00,0.8149
2025-07-10 21:00:00,0.7861
2025-07-10 22:00:00,0.7496
2025-07-10 23:00:00,0.7153
2025-07-11 00:00:00,0.6937
2025-07-11 01:00:00,0.6744
2025-07-11 02:00:00,0.643
2025-07-11 03:00:00,0.596
2025-07-11 04:00:00,0.5315
2025-07-11 05:00:00,0.4698
2025-07-11 06:00:00,0.4369
2025-07-11 07:00:00,0.4311
2025-07-11 08:00:00,0.4472
2025-07-11 09:00:00,0.4701
2025-07-11 10:00:00,0.4915
2025-07-11 11:00:00,0.5051
2025-07-11 12:00:00,0.4979
2025-07-11 13:00:00,0.4626
2025-07-11 14:00:00,0.4121
2025-07-11 15:00:00,0.3778
2025-07-11 16:00:00,0.3641
2025-07-11 17:00:00,0.3668
2025-07-11 18:00:00,0.3853
2025-07-11 19:00:00,0.4144
2025-07-11 20:00:00,0.4295
2025-07-11 21:00:00,0.437
2025-07-11 22:00:00,0.4345
2025-07-11 23:00:00,0.4166
2025-07-12 00:00:00,0.4008
2025-07-12 01:00:00,0.4065
2025-07-12 02:00:00,0.4202
2025-07-12 03:00:00,0.4261
2025-07-12 04:00:00,0.4226
2025-07-12 05:00:00,0.4113
2025-07-12 06:00:00,0.3984
2025-07-12 07:00:00,0.3722
2025-07-12 08:00:00,0.349
2025-07-12 09:00:00,0.3342
2025-07-12 10:00:00,0.318
2025-07-12 11:00:00,0.3137
2025-07-12 12:00:00,0.345
2025-07-12 13:00:00,0.3929
2025-07-12 14:00:00,0.4365
2025-07-12 15:00:00,0.4786
2025-07-12 16:00:00,0.518
2025-07-12 17:00:00,0.5354
2025-07-12 18:00:00,0.5166
2025-07-12 19:00:00,0.4842
2025-07-12 20:00:00,0.4614
2025-07-12 21:00:00,0.4769
2025-07-12 22:00:00,0.5136
2025-07-12 23:00:00,0.5397
2025-07-13 00:00:00,0.5493
2025-07-13 01:00:00,0.5707
2025-07-13 02:00:00,0.6084
2025-07-13 03:00:00,0.6359
2025-07-13 04:00:00,0.6494
2025-07-13 05:00:00,0.6664
2025-07-13 06:00:00,0.6885
2025-07-13 07:00:00,0.7235
2025-07-13 08:00:00,0.7619
2025-07-13 09:00:00,0.7931
2025-07-13 10:00:00,0.8239
2025-07-13 11:00:00,0.8575
2025-07-13 12:00:00,0.8909
2025-07-13 13:00:00,0.9151
2025-07-13 14:00:00,0.9283
2025-07-13 15:00:00,0.933
2025-07-13 16:00:00,0.9338
2025-07-13 17:00:00,0.9324
2025-07-13 18:00:00,0.9319
2025-07-13 19:00:00,0.9332
2025-07-13 20:00:00,0.9371
2025-07-13 21:00:00,0.9394
2025-07-13 22:00:00,0.9397
2025-07-13 23:00:00,0.9449
2025-07-14 00:00:00,0.9491
2025-07-14 01:00:00,0.9526
2025-07-14 02:00:00,0.9561
2025-07-14 03:00:00,0.9602
2025-07-14 04:00:00,0.9635
2025-07-14 05:00:00,0.9651
2025-07-14 06:00:00,0.9681
2025-07-14 07:00:00,0.9734
2025-07-14 08:00:00,0.9772
2025-07-14 09:00:00,0.9782
2025-07-14 10:00:00,0.9777
2025-07-14 11:00:00,0.9738
2025-07-14 12:00:00,0.9675
2025-07-14 13:00:00,0.9592
2025-07-14 14:00:00,0.9498
2025-07-14 15:00:00,0.9343
2025-07-14 16:00:00,0.9125
2025-07-14 17:00:00,0.884
2025-07-14 18:00:00,0.8528
2025-07-14 19:00:00,0.8312
2025-07-14 20:00:00,0.8083
2025-07-14 21:00:00,0.786
2025-07-14 22:00:00,0.763
2025-07-14 23:00:00,0.7397
2025-07-15 00:00:00,0.7201
2025-07-15 01:00:00,0.7049
2025-07-15 02:00:00,0.6769
2025-07-15 03:00:00,0.6292
2025-07-15 04:00:00,0.5756
2025-07-15 05:00:00,0.5245
2025-07-15 06:00:00,0.4726
2025-07-15 07:00:00,0.4424
2025-07-15 08:00:00,0.4195
2025-07-15 09:00:00,0.357
2025-07-15 10:00:00,0.2558
2025-07-15 11:00:00,0.1625
2025-07-15 12:00:00,0.1049
2025-07-15 13:00:00,0.0967
2025-07-15 14:00:00,0.1791
2025-07-15 15:00:00,0.2945
2025-07-15 16:00:00,0.3824
2025-07-15 17:00:00,0.4574
2025-07-15 18:00:00,0.5136
2025-07-15 19:00:00,0.5704
2025-07-15 20:00:00,0.6352
2025-07-15 21:00:00,0.7059
2025-07-15 22:00:00,0.7689
2025-07-15 23:00:00,0.7916
2025-07-16 00:00:00,0.786
2025-07-16 01:00:00,0.7798
2025-07-16 02:00:00,0.7855
2025-07-16 03:00:00,0.7979
2025-07-16 04:00:00,0.804
2025-07-16 05:00:00,0.7821
2025-07-16 06:00:00,0.7662
2025-07-16 07:00:00,0.8431
2025-07-16 08:00:00,0.9161
2025-07-16 09:00:00,0.9423
2025-07-16 10:00:00,0.9367
2025-07-16 11:00:00,0.9204
2025-07-16 12:00:00,0.9071
2025-07-16 13:00:00,0.8981
2025-07-16 14:00:00,0.8913
2025-07-16 15:00:00,0.8768
2025-07-16 16:00:00,0.8493
2025-07-16 17:00:00,0.8071
2025-07-16 18:00:00,0.7995
2025-07-16 19:00:00,0.822
2025-07-16 20:00:00,0.8393
2025-07-16 21:00:00,0.8436
2025-07-16 22:00:00,0.841
2025-07-16 23:00:00,0.8465
2025-07-17 00:00:00,0.8525
2025-07-17 01:00:00,0.8508
2025-07-17 02:00:00,0.8319
2025-07-17 03:00:00,0.7971
2025-07-17 04:00:00,0.7569
2025-07-17 05:00:00,0.71
2025-07-17 06:00:00,0.6479
2025-07-17 07:00:00,0.5682
2025-07-17 08:00:00,0.494
2025-07-17 09:00:00,0.4514
2025-07-17 10:00:00,0.4436
2025-07-17 11:00:00,0.4501
2025-07-17 12:00:00,0.4521
2025-07-17 13:00:00,0.4448
2025-07-17 14:00:00,0.4178
2025-07-17 15:00:00,0.3691
2025-07-17 16:00:00,0.3089
2025-07-17 17:00:00,0.2338
2025-07-17 18:00:00,0.149
2025-07-17 19:00:00,0.0843
2025-07-17 20:00:00,0.0548
2025-07-17 21:00:00,0.0593
2025-07-17 22:00:00,0.076
2025-07-17 23:00:00,0.0866
2025-07-18 00:00:00,0.0915
2025-07-18 01:00:00,0.097
2025-07-18 02:00:00,0.1011
2025-07-18 03:00:00,0.0902
2025-07-18 04:00:00,0.078
2025-07-18 05:00:00,0.0752
2025-07-18 06:00:00,0.0802
2025-07-18 07:00:00,0.093
2025-07-18 08:00:00,0.1103
2025-07-18 09:00:00,0.1146
2025-07-18 10:00:00,0.1114
2025-07-18 11:00:00,0.1119
2025-07-18 12:00:00,0.1133
2025-07-18 13:00:00,0.1283
2025-07-18 14:00:00,0.1664
2025-07-18 15:00:00,0.2196
2025-07-18 16:00:00,0.2792
2025-07-18 17:00:00,0.3449
2025-07-18 18:00:00,0.4167
2025-07-18 19:00:00,0.4857
2025-07-18 20:00:00,0.5431
2025-07-18 21:00:00,0.5763
2025-07-18 22:00:00,0.5994
2025-07-18 23:00:00,0.6181
2025-07-19 00:00:00,0.6311
2025-07-19 01:00:00,0.6389
2025-07-19 02:00:00,0.6408
2025-07-19 03:00:00,0.6312
2025-07-19 04:00:00,0.5943
2025-07-19 05:00:00,0.548
2025-07-19 06:00:00,0.5254
2025-07-19 07:00:00,0.5115
2025-07-19 08:00:00,0.5009
2025-07-19 09:00:00,0.5101
2025-07-19 10:00:00,0.5565
2025-07-19 11:00:00,0.6291
2025-07-19 12:00:00,0.6959
2025-07-19 13:00:00,0.7384
2025-07-19 14:00:00,0.7565
2025-07-19 15:00:00,0.7664
2025-07-19 16:00:00,0.7694
2025-07-19 17:00:00,0.7617
2025-07-19 18:00:00,0.7575
2025-07-19 19:00:00,0.7795
2025-07-19 20:00:00,0.8155
2025-07-19 21:00:00,0.8434
2025-07-19 22:00:00,0.8671
2025-07-19 23:00:00,0.8865
2025-07-20 00:00:00,0.8899
2025-07-20 01:00:00,0.8769
2025-07-20 02:00:00,0.8551
2025-07-20 03:00:00,0.8228
2025-07-20 04:00:00,0.7891
2025-07-20 05:00:00,0.7638
2025-07-20 06:00:00,0.7425
2025-07-20 07:00:00,0.7265
2025-07-20 08:00:00,0.7191
2025-07-20 09:00:00,0.7217
2025-07-20 10:00:00,0.7296
2025-07-20 11:00:00,0.7316
2025-07-20 12:00:00,0.713
2025-07-20 13:00:00,0.6893
2025-07-20 14:00:00,0.6739
2025-07-20 15:00:00,0.6492
2025-07-20 16:00:00,0.6132
2025-07-20 17:00:00,0.5683
2025-07-20 18:00:00,0.5167
2025-07-20 19:00:00,0.4602
2025-07-20 20:00:00,0.4186
2025-07-20 21:00:00,0.4095
2025-07-20 22:00:00,0.3762
2025-07-20 23:00:00,0.2918
2025-07-21 00:00:00,0.235
2025-07-21 01:00:00,0.1749
2025-07-21 02:00:00,0.187
2025-07-21 03:00:00,0.3143
2025-07-21 04:00:00,0.3625
2025-07-21 05:00:00,0.3599
2025-07-21 06:00:00,0.3806
2025-07-21 07:00:00,0.3627
2025-07-21 08:00:00,0.3268
2025-07-21 09:00:00,0.3177
2025-07-21 10:00:00,0.3689
2025-07-21 11:00:00,0.4061
2025-07-21 12:00:00,0.4292
2025-07-21 13:00:00,0.4661
2025-07-21 14:00:00,0.5239
2025-07-21 15:00:00,0.5865
2025-07-21 16:00:00,0.6226
2025-07-21 17:00:00,0.6099
2025-07-21 18:00:00,0.563
2025-07-21 19:00:00,0.5098
2025-07-21 20:00:00,0.4977
2025-07-21 21:00:00,0.5184
2025-07-21 22:00:00,0.5217
2025-07-21 23:00:00,0.4919
2025-07-22 00:00:00,0.4432
2025-07-22 01:00:00,0.4206
2025-07-22 02:00:00,0.4344
2025-07-22 03:00:00,0.4064
2025-07-22 04:00:00,0.3383
2025-07-22 05:00:00,0.2804
2025-07-22 06:00:00,0.2589
2025-07-22 07:00:00,0.2749
2025-07-22 08:00:00,0.3279
2025-07-22 09:00:00,0.406
2025-07-22 10:00:00,0.4816
2025-07-22 11:00:00,0.5386
2025-07-22 12:00:00,0.568
2025-07-22 13:00:00,0.5895
2025-07-22 14:00:00,0.624
2025-07-22 15:00:00,0.6594
2025-07-22 16:00:00,0.7111
2025-07-22 17:00:00,0.7623
2025-07-22 18:00:00,0.7954
2025-07-22 19:00:00,0.8117
2025-07-22 20:00:00,0.8283
2025-07-22 21:00:00,0.8444
2025-07-22 22:00:00,0.8462
2025-07-22 23:00:00,0.8332
2025-07-23 00:00:00,0.7955
2025-07-23 01:00:00,0.7435
2025-07-23 02:00:00,0.682
2025-07-23 03:00:00,0.614
2025-07-23 04:00:00,0.5311
2025-07-23 05:00:00,0.4372
2025-07-23 06:00:00,0.354
2025-07-23 07:00:00,0.3065
2025-07-23 08:00:00,0.2953
2025-07-23 09:00:00,0.3372
2025-07-23 10:00:00,0.4103
2025-07-23 11:00:00,0.4915
2025-07-23 12:00:00,0.5687
2025-07-23 13:00:00,0.625
2025-07-23 14:00:00,0.6759
2025-07-23 15:00:00,0.7306
2025-07-23 16:00:00,0.7848
2025-07-23 17:00:00,0.8208
2025-07-23 18:00:00,0.8436
2025-07-23 19:00:00,0.8529
2025-07-23 20:00:00,0.8416
2025-07-23 21:00:00,0.8105
2025-07-23 22:00:00,0.7602
2025-07-23 23:00:00,0.7088
2025-07-24 00:00:00,0.669
2025-07-24 01:00:00,0.6396
2025-07-24 02:00:00,0.6208
2025-07-24 03:00:00,0.6045
2025-07-24 04:00:00,0.5797
2025-07-24 05:00:00,0.5344
2025-07-24 06:00:00,0.4767
2025-07-24 07:00:00,0.4039
2025-07-24 08:00:00,0.3264
2025-07-24 09:00:00,0.2605
2025-07-24 10:00:00,0.2077
2025-07-24 11:00:00,0.1752
2025-07-24 12:00:00,0.1606
2025-07-24 13:00:00,0.1539
2025-07-24 14:00:00,0.1338
2025-07-24 15:00:00,0.1011
2025-07-24 16:00:00,0.0815
2025-07-24 17:00:00,0.0773
2025-07-24 18:00:00,0.1028
2025-07-24 19:00:00,0.1725
2025-07-24 20:00:00,0.2735
2025-07-24 21:00:00,0.3915
2025-07-24 22:00:00,0.5115
2025-07-24 23:00:00,0.6006
2025-07-25 00:00:00,0.682
2025-07-25 01:00:00,0.7471
2025-07-25 02:00:00,0.7899
2025-07-25 03:00:00,0.8229
2025-07-25 04:00:00,0.8389
2025-07-25 05:00:00,0.8506
2025-07-25 06:00:00,0.8637
2025-07-25 07:00:00,0.8703
2025-07-25 08:00:00,0.8722
2025-07-25 09:00:00,0.8694
2025-07-25 10:00:00,0.8731
2025-07-25 11:00:00,0.8734
2025-07-25 12:00:00,0.8684
2025-07-25 13:00:00,0.8722
2025-07-25 14:00:00,0.8763
2025-07-25 15:00:00,0.8811
2025-07-25 16:00:00,0.8759
2025-07-25 17:00:00,0.8607
2025-07-25 18:00:00,0.8371
2025-07-25 19:00:00,0.8263
2025-07-25 20:00:00,0.8255
2025-07-25 21:00:00,0.8361
2025-07-25 22:00:00,0.839
2025-07-25 23:00:00,0.8268
2025-07-26 00:00:00,0.7848
2025-07-26 01:00:00,0.7412
2025-07-26 02:00:00,0.6899
2025-07-26 03:00:00,0.6308
2025-07-26 04:00:00,0.5827
2025-07-26 05:00:00,0.5502
2025-07-26 06:00:00,0.5255
2025-07-26 07:00:00,0.4985
2025-07-26 08:00:00,0.497
2025-07-26 09:00:00,0.5198
2025-07-26 10:00:00,0.5379
2025-07-26 11:00:00,0.5435
2025-07-26 12:00:00,0.5371
2025-07-26 13:00:00,0.5093
2025-07-26 14:00:00,0.4464
2025-07-26 15:00:00,0.3766
2025-07-26 16:00:00,0.3018
2025-07-26 17:00:00,0.2388
2025-07-26 18:00:00,0.202
2025-07-26 19:00:00,0.1736
2025-07-26 20:00:00,0.1541
2025-07-26 21:00:00,0.1522
2025-07-26 22:00:00,0.166
2025-07-26 23:00:00,0.1764
2025-07-27 00:00:00,0.1882
2025-07-27 01:00:00,0.1965
2025-07-27 02:00:00,0.2089
2025-07-27 03:00:00,0.2252
2025-07-27 04:00:00,0.2475
2025-07-27 05:00:00,0.276
2025-07-27 06:00:00,0.3081
2025-07-27 07:00:00,0.3241
2025-07-27 08:00:00,0.3228
2025-07-27 09:00:00,0.3146
2025-07-27 10:00:00,0.2912
2025-07-27 11:00:00,0.2506
2025-07-27 12:00:00,0.2084
2025-07-27 13:00:00,0.1787
2025-07-27 14:00:00,0.1872
2025-07-27 15:00:00,0.221
2025-07-27 16:00:00,0.2604
2025-07-27 17:00:00,0.3261
2025-07-27 18:00:00,0.3776
2025-07-27 19:00:00,0.4064
2025-07-27 20:00:00,0.4414
2025-07-27 21:00:00,0.4713
2025-07-27 22:00:00,0.4868
2025-07-27 23:00:00,0.4858
2025-07-28 00:00:00,0.4706
2025-07-28 01:00:00,0.4388
2025-07-28 02:00:00,0.3867
2025-07-28 03:00:00,0.3337
2025-07-28 04:00:00,0.2932
2025-07-28 05:00:00,0.2656
2025-07-28 06:00:00,0.2462
2025-07-28 07:00:00,0.2329
2025-07-28 08:00:00,0.2254
2025-07-28 09:00:00,0.2138
2025-07-28 10:00:00,0.2052
2025-07-28 11:00:00,0.2045
2025-07-28 12:00:00,0.1928
2025-07-28 13:00:00,0.1778
2025-07-28 14:00:00,0.1716
2025-07-28 15:00:00,0.1542
2025-07-28 16:00:00,0.1197
2025-07-28 17:00:00,0.0901
2025-07-28 18:00:00,0.0727
2025-07-28 19:00:00,0.0631
2025-07-28 20:00:00,0.0641
2025-07-28 21:00:00,0.0686
2025-07-28 22:00:00,0.0747
2025-07-28 23:00:00,0.081
2025-07-29 00:00:00,0.0966
2025-07-29 01:00:00,0.1201
2025-07-29 02:00:00,0.1499
2025-07-29 03:00:00,0.1776
2025-07-29 04:00:00,0.2166
2025-07-29 05:00:00,0.2588
2025-07-29 06:00:00,0.2774
2025-07-29 07:00:00,0.2624
2025-07-29 08:00:00,0.2293
2025-07-29 09:00:00,0.1962
2025-07-29 10:00:00,0.1711
2025-07-29 11:00:00,0.1588
2025-07-29 12:00:00,0.1661
2025-07-29 13:00:00,0.1934
2025-07-29 14:00:00,0.2291
2025-07-29 15:00:00,0.2746
2025-07-29 16:00:00,0.3295
2025-07-29 17:00:00,0.3957
2025-07-29 18:00:00,0.4782
2025-07-29 19:00:00,0.5606
2025-07-29 20:00:00,0.6233
2025-07-29 21:00:00,0.6455
2025-07-29 22:00:00,0.6389
2025-07-29 23:00:00,0.6214
2025-07-30 00:00:00,0.5894
2025-07-30 01:00:00,0.5406
2025-07-30 02:00:00,0.4694
2025-07-30 03:00:00,0.3793
2025-07-30 04:00:00,0.3044
2025-07-30 05:00:00,0.2424
2025-07-30 06:00:00,0.1855
2025-07-30 07:00:00,0.1342
2025-07-30 08:00:00,0.0894
2025-07-30 09:00:00,0.0444
2025-07-30 10:00:00,0.0319
2025-07-30 11:00:00,0.1098
2025-07-30 12:00:00,0.2341
2025-07-30 13:00:00,0.3087
2025-07-30 14:00:00,0.3288
2025-07-30 15:00:00,0.3105
2025-07-30 16:00:00,0.2863
2025-07-30 17:00:00,0.3193
2025-07-30 18:00:00,0.3995
2025-07-30 19:00:00,0.4839
2025-07-30 20:00:00,0.5345
2025-07-30 21:00:00,0.5464
2025-07-30 22:00:00,0.529
2025-07-30 23:00:00,0.4944
2025-07-31 00:00:00,0.4419
2025-07-31 01:00:00,0.3892
2025-07-31 02:00:00,0.3557
2025-07-31 03:00:00,0.3388
2025-07-31 04:00:00,0.3536
2025-07-31 05:00:00,0.4043
2025-07-31 06:00:00,0.4736
2025-07-31 07:00:00,0.526
2025-07-31 08:00:00,0.5343
2025-07-31 09:00:00,0.509
2025-07-31 10:00:00,0.4899
2025-07-31 11:00:00,0.4898
2025-07-31 12:00:00,0.4936
2025-07-31 13:00:00,0.4893
2025-07-31 14:00:00,0.4804
2025-07-31 15:00:00,0.4789
2025-07-31 16:00:00,0.4927
2025-07-31 17:00:00,0.5177
2025-07-31 18:00:00,0.5453
2025-07-31 19:00:00,0.5683
2025-07-31 20:00:00,0.585
2025-07-31 21:00:00,0.5959
2025-07-31 22:00:00,0.5945
2025-07-31 23:00:00,0.5817
2025-08-01 00:00:00,0.5625
2025-08-01 01:00:00,0.5385
2025-08-01 02:00:00,0.5139
2025-08-01 03:00:00,0.4931
2025-08-01 04:00:00,0.4734
2025-08-01 05:00:00,0.4522
2025-08-01 06:00:00,0.4208
2025-08-01 07:00:00,0.3858
2025-08-01 08:00:00,0.3523
2025-08-01 09:00:00,0.3217
2025-08-01 10:00:00,0.2925
2025-08-01 11:00:00,0.2816
2025-08-01 12:00:00,0.3012
2025-08-01 13:00:00,0.3272
2025-08-01 14:00:00,0.3364
2025-08-01 15:00:00,0.3331
2025-08-01 16:00:00,0.3362
2025-08-01 17:00:00,0.3392
2025-08-01 18:00:00,0.3349
2025-08-01 19:00:00,0.3225
2025-08-01 20:00:00,0.2959
2025-08-01 21:00:00,0.272
2025-08-01 22:00:00,0.2491
2025-08-01 23:00:00,0.2292
2025-08-02 00:00:00,0.221
2025-08-02 01:00:00,0.2285
2025-08-02 02:00:00,0.2383
2025-08-02 03:00:00,0.2352
2025-08-02 04:00:00,0.2288
2025-08-02 05:00:00,0.2269
2025-08-02 06:00:00,0.2223
2025-08-02 07:00:00,0.218
2025-08-02 08:00:00,0.2177
2025-08-02 09:00:00,0.2331
2025-08-02 10:00:00,0.2517
2025-08-02 11:00:00,0.2555
2025-08-02 12:00:00,0.2486
2025-08-02 13:00:00,0.2386
2025-08-02 14:00:00,0.2277
2025-08-02 15:00:00,0.2295
2025-08-02 16:00:00,0.2479
2025-08-02 17:00:00,0.2828
2025-08-02 18:00:00,0.3288
2025-08-02 19:00:00,0.374
2025-08-02 20:00:00,0.4048
2025-08-02 21:00:00,0.4261
2025-08-02 22:00:00,0.4615
2025-08-02 23:00:00,0.4995
2025-08-03 00:00:00,0.5321
2025-08-03 01:00:00,0.5562
2025-08-03 02:00:00,0.5722
2025-08-03 03:00:00,0.5646
2025-08-03 04:00:00,0.5336
2025-08-03 05:00:00,0.5158
2025-08-03 06:00:00,0.5274
2025-08-03 07:00:00,0.5608
2025-08-03 08:00:00,0.5966
2025-08-03 09:00:00,0.6239
2025-08-03 10:00:00,0.6447
2025-08-03 11:00:00,0.6475
2025-08-03 12:00:00,0.6292
2025-08-03 13:00:00,0.6014
2025-08-03 14:00:00,0.5696
2025-08-03 15:00:00,0.5506
2025-08-03 16:00:00,0.5227
2025-08-03 17:00:00,0.4948
2025-08-03 18:00:00,0.4623
2025-08-03 19:00:00,0.439
2025-08-03 20:00:00,0.4564
2025-08-03 21:00:00,0.4988
2025-08-03 22:00:00,0.544
2025-08-03 23:00:00,0.5712
2025-08-04 00:00:00,0.5851
2025-08-04 01:00:00,0.5987
2025-08-04 02:00:00,0.6003
2025-08-04 03:00:00,0.5762
2025-08-04 04:00:00,0.5359
2025-08-04 05:00:00,0.4742
2025-08-04 06:00:00,0.4256
2025-08-04 07:00:00,0.3912
2025-08-04 08:00:00,0.3902
2025-08-04 09:00:00,0.428
2025-08-04 10:00:00,0.4747
2025-08-04 11:00:00,0.4899
2025-08-04 12:00:00,0.4627
2025-08-04 13:00:00,0.4151
2025-08-04 14:00:00,0.3678
2025-08-04 15:00:00,0.3411
2025-08-04 16:00:00,0.3439
2025-08-04 17:00:00,0.3276
2025-08-04 18:00:00,0.2917
2025-08-04 19:00:00,0.2632
2025-08-04 20:00:00,0.2659
2025-08-04 21:00:00,0.2966
2025-08-04 22:00:00,0.3469
2025-08-04 23:00:00,0.4031
2025-08-05 00:00:00,0.4441
2025-08-05 01:00:00,0.4517
2025-08-05 02:00:00,0.4426
2025-08-05 03:00:00,0.4179
2025-08-05 04:00:00,0.4039
2025-08-05 05:00:00,0.4204
2025-08-05 06:00:00,0.4572
2025-08-05 07:00:00,0.4858
2025-08-05 08:00:00,0.4979
2025-08-05 09:00:00,0.5111
2025-08-05 10:00:00,0.5205
2025-08-05 11:00:00,0.5152
2025-08-05 12:00:00,0.4957
2025-08-05 13:00:00,0.4669
2025-08-05 14:00:00,0.4401
2025-08-05 15:00:00,0.4115
2025-08-05 16:00:00,0.3931
2025-08-05 17:00:00,0.3918
2025-08-05 18:00:00,0.4049
2025-08-05 19:00:00,0.433
2025-08-05 20:00:00,0.4654
2025-08-05 21:00:00,0.4976
2025-08-05 22:00:00,0.5323
2025-08-05 23:00:00,0.5663
2025-08-06 00:00:00,0.5911
2025-08-06 01:00:00,0.6133
2025-08-06 02:00:00,0.6205
2025-08-06 03:00:00,0.6181
2025-08-06 04:00:00,0.6279
2025-08-06 05:00:00,0.645
2025-08-06 06:00:00,0.6495
2025-08-06 07:00:00,0.6422
2025-08-06 08:00:00,0.6295
2025-08-06 09:00:00,0.6085
2025-08-06 10:00:00,0.5618
2025-08-06 11:00:00,0.4869
2025-08-06 12:00:00,0.4139
2025-08-06 13:00:00,0.3697
2025-08-06 14:00:00,0.3663
2025-08-06 15:00:00,0.3888
2025-08-06 16:00:00,0.4184
2025-08-06 17:00:00,0.4421
2025-08-06 18:00:00,0.4635
2025-08-06 19:00:00,0.472
2025-08-06 20:00:00,0.4691
2025-08-06 21:00:00,0.4793
2025-08-06 22:00:00,0.488
2025-08-06 23:00:00,0.4574
2025-08-07 00:00:00,0.4203
2025-08-07 01:00:00,0.3756
2025-08-07 02:00:00,0.3403
2025-08-07 03:00:00,0.3175
2025-08-07 04:00:00,0.2936
2025-08-07 05:00:00,0.2791
2025-08-07 06:00:00,0.2913
2025-08-07 07:00:00,0.3115
2025-08-07 08:00:00,0.3229
2025-08-07 09:00:00,0.3599
2025-08-07 10:00:00,0.4317
2025-08-07 11:00:00,0.5161
2025-08-07 12:00:00,0.6014
2025-08-07 13:00:00,0.6682
2025-08-07 14:00:00,0.7013
2025-08-07 15:00:00,0.7092
2025-08-07 16:00:00,0.693
2025-08-07 17:00:00,0.6848
2025-08-07 18:00:00,0.7057
2025-08-07 19:00:00,0.7222
2025-08-07 20:00:00,0.7369
2025-08-07 21:00:00,0.7238
2025-08-07 22:00:00,0.6993
2025-08-07 23:00:00,0.6804
2025-08-08 00:00:00,0.6637
2025-08-08 01:00:00,0.6376
2025-08-08 02:00:00,0.5894
2025-08-08 03:00:00,0.5283
2025-08-08 04:00:00,0.4481
2025-08-08 05:00:00,0.4336
2025-08-08 06:00:00,0.4628
2025-08-08 07:00:00,0.488
2025-08-08 08:00:00,0.5395
2025-08-08 09:00:00,0.5994
2025-08-08 10:00:00,0.6452
2025-08-08 11:00:00,0.6837
2025-08-08 12:00:00,0.7168
2025-08-08 13:00:00,0.7352
2025-08-08 14:00:00,0.7514
2025-08-08 15:00:00,0.7757
2025-08-08 16:00:00,0.7895
2025-08-08 17:00:00,0.7995
2025-08-08 18:00:00,0.8203
2025-08-08 19:00:00,0.8715
2025-08-08 20:00:00,0.9173
2025-08-08 21:00:00,0.9454
2025-08-08 22:00:00,0.9678
2025-08-08 23:00:00,0.978
2025-08-09 00:00:00,0.9811
2025-08-09 01:00:00,0.9826
2025-08-09 02:00:00,0.9863
2025-08-09 03:00:00,0.9852
2025-08-09 04:00:00,0.9825
2025-08-09 05:00:00,0.9878
2025-08-09 06:00:00,0.9841
2025-08-09 07:00:00,0.9833
2025-08-09 08:00:00,0.9767
2025-08-09 09:00:00,0.9712
2025-08-09 10:00:00,0.9637
2025-08-09 11:00:00,0.9485
2025-08-09 12:00:00,0.9213
2025-08-09 13:00:00,0.8745
2025-08-09 14:00:00,0.818
2025-08-09 15:00:00,0.7423
2025-08-09 16:00:00,0.6713
2025-08-09 17:00:00,0.6484
2025-08-09 18:00:00,0.6241
2025-08-09 19:00:00,0.6073
2025-08-09 20:00:00,0.604
2025-08-09 21:00:00,0.5941
2025-08-09 22:00:00,0.5748
2025-08-09 23:00:00,0.549
2025-08-10 00:00:00,0.5409
2025-08-10 01:00:00,0.5697
2025-08-10 02:00:00,0.6131
2025-08-10 03:00:00,0.6436
2025-08-10 04:00:00,0.638
2025-08-10 05:00:00,0.6311
2025-08-10 06:00:00,0.6291
2025-08-10 07:00:00,0.6382
2025-08-10 08:00:00,0.6795
2025-08-10 09:00:00,0.7344
2025-08-10 10:00:00,0.7897
2025-08-10 11:00:00,0.8328
2025-08-10 12:00:00,0.854
2025-08-10 13:00:00,0.8574
2025-08-10 14:00:00,0.8256
2025-08-10 15:00:00,0.7916
2025-08-10 16:00:00,0.7725
2025-08-10 17:00:00,0.734
2025-08-10 18:00:00,0.6922
2025-08-10 19:00:00,0.6502
2025-08-10 20:00:00,0.6135
2025-08-10 21:00:00,0.5638
2025-08-10 22:00:00,0.4915
2025-08-10 23:00:00,0.4086
2025-08-11 00:00:00,0.3349
2025-08-11 01:00:00,0.2855
2025-08-11 02:00:00,0.2602
2025-08-11 03:00:00,0.243
2025-08-11 04:00:00,0.22
2025-08-11 05:00:00,0.1858
2025-08-11 06:00:00,0.1624
2025-08-11 07:00:00,0.1545
2025-08-11 08:00:00,0.1659
2025-08-11 09:00:00,0.179
2025-08-11 10:00:00,0.1775
2025-08-11 11:00:00,0.1717
2025-08-11 12:00:00,0.1773
2025-08-11 13:00:00,0.186
2025-08-11 14:00:00,0.1986
2025-08-11 15:00:00,0.234
2025-08-11 16:00:00,0.2877
2025-08-11 17:00:00,0.3467
2025-08-11 18:00:00,0.4067
2025-08-11 19:00:00,0.4729
2025-08-11 20:00:00,0.5403
2025-08-11 21:00:00,0.5864
2025-08-11 22:00:00,0.6108
2025-08-11 23:00:00,0.6212
2025-08-12 00:00:00,0.6217
2025-08-12 01:00:00,0.6253
2025-08-12 02:00:00,0.6424
2025-08-12 03:00:00,0.6835
2025-08-12 04:00:00,0.7479
2025-08-12 05:00:00,0.8097
2025-08-12 06:00:00,0.8345
2025-08-12 07:00:00,0.8358
2025-08-12 08:00:00,0.8433
2025-08-12 09:00:00,0.861
2025-08-12 10:00:00,0.8799
2025-08-12 11:00:00,0.8965
2025-08-12 12:00:00,0.912
2025-08-12 13:00:00,0.9253
2025-08-12 14:00:00,0.9337
2025-08-12 15:00:00,0.9408
2025-08-12 16:00:00,0.9449
2025-08-12 17:00:00,0.9476
2025-08-12 18:00:00,0.9488
2025-08-12 19:00:00,0.9476
2025-08-12 20:00:00,0.9407
2025-08-12 21:00:00,0.9257
2025-08-12 22:00:00,0.9098
2025-08-12 23:00:00,0.8828
2025-08-13 00:00:00,0.8434
2025-08-13 01:00:00,0.7791
2025-08-13 02:00:00,0.6643
2025-08-13 03:00:00,0.5425
2025-08-13 04:00:00,0.4827
2025-08-13 05:00:00,0.4093
2025-08-13 06:00:00,0.2834
2025-08-13 07:00:00,0.1812
2025-08-13 08:00:00,0.1504
2025-08-13 09:00:00,0.1933
2025-08-13 10:00:00,0.2152
2025-08-13 11:00:00,0.2116
2025-08-13 12:00:00,0.2078
2025-08-13 13:00:00,0.1871
2025-08-13 14:00:00,0.1557
2025-08-13 15:00:00,0.128
2025-08-13 16:00:00,0.1083
2025-08-13 17:00:00,0.1013
2025-08-13 18:00:00,0.1252
2025-08-13 19:00:00,0.1675
2025-08-13 20:00:00,0.1995
2025-08-13 21:00:00,0.1908
2025-08-13 22:00:00,0.2998
2025-08-13 23:00:00,0.3263
2025-08-14 00:00:00,0.1878
2025-08-14 01:00:00,0.1435
2025-08-14 02:00:00,0.2255
2025-08-14 03:00:00,0.1419
2025-08-14 04:00:00,0.0689
2025-08-14 05:00:00,0.0865
2025-08-14 06:00:00,0.1762
2025-08-14 07:00:00,0.2658
2025-08-14 08:00:00,0.3176
2025-08-14 09:00:00,0.3376
2025-08-14 10:00:00,0.3096
2025-08-14 11:00:00,0.2513
2025-08-14 12:00:00,0.1959
2025-08-14 13:00:00,0.1613
2025-08-14 14:00:00,0.1416
2025-08-14 15:00:00,0.1399
2025-08-14 16:00:00,0.157
2025-08-14 17:00:00,0.1707
2025-08-14 18:00:00,0.1681
2025-08-14 19:00:00,0.1347
2025-08-14 20:00:00,0.0947
2025-08-14 21:00:00,0.0972
2025-08-14 22:00:00,0.1259
2025-08-14 23:00:00,0.12
2025-08-15 00:00:00,0.0967
2025-08-15 01:00:00,0.1092
2025-08-15 02:00:00,0.1578
2025-08-15 03:00:00,0.2084
2025-08-15 04:00:00,0.2717
2025-08-15 05:00:00,0.3532
2025-08-15 06:00:00,0.4535
2025-08-15 07:00:00,0.5626
2025-08-15 08:00:00,0.6659
2025-08-15 09:00:00,0.756
2025-08-15 10:00:00,0.83
2025-08-15 11:00:00,0.888
2025-08-15 12:00:00,0.9267
2025-08-15 13:00:00,0.9479
2025-08-15 14:00:00,0.9561
2025-08-15 15:00:00,0.9631
2025-08-15 16:00:00,0.9679
2025-08-15 17:00:00,0.9677
2025-08-15 18:00:00,0.9673
2025-08-15 19:00:00,0.9685
2025-08-15 20:00:00,0.9649
2025-08-15 21:00:00,0.9586
2025-08-15 22:00:00,0.9373
2025-08-15 23:00:00,0.8809
2025-08-16 00:00:00,0.7697
2025-08-16 01:00:00,0.6514
2025-08-16 02:00:00,0.5611
2025-08-16 03:00:00,0.49
2025-08-16 04:00:00,0.4522
2025-08-16 05:00:00,0.432
2025-08-16 06:00:00,0.4465
2025-08-16 07:00:00,0.4637
2025-08-16 08:00:00,0.4699
2025-08-16 09:00:00,0.4527
2025-08-16 10:00:00,0.4155
2025-08-16 11:00:00,0.361
2025-08-16 12:00:00,0.2995
2025-08-16 13:00:00,0.2523
2025-08-16 14:00:00,0.2204
2025-08-16 15:00:00,0.191
2025-08-16 16:00:00,0.1621
2025-08-16 17:00:00,0.1448
2025-08-16 18:00:00,0.141
2025-08-16 19:00:00,0.1342
2025-08-16 20:00:00,0.1211
2025-08-16 21:00:00,0.1134
2025-08-16 22:00:00,0.1214
2025-08-16 23:00:00,0.1378
2025-08-17 00:00:00,0.1475
2025-08-17 01:00:00,0.1538
2025-08-17 02:00:00,0.1575
2025-08-17 03:00:00,0.1556
2025-08-17 04:00:00,0.1492
2025-08-17 05:00:00,0.1412
2025-08-17 06:00:00,0.1345
2025-08-17 07:00:00,0.1292
2025-08-17 08:00:00,0.1214
2025-08-17 09:00:00,0.1096
2025-08-17 10:00:00,0.0975
2025-08-17 11:00:00,0.0882
2025-08-17 12:00:00,0.0789
2025-08-17 13:00:00,0.0697
2025-08-17 14:00:00,0.0589
2025-08-17 15:00:00,0.0429
2025-08-17 16:00:00,0.0316
2025-08-17 17:00:00,0.0284
2025-08-17 18:00:00,0.0374
2025-08-17 19:00:00,0.0511
2025-08-17 20:00:00,0.0586
2025-08-17 21:00:00,0.0593
2025-08-17 22:00:00,0.0618
2025-08-17 23:00:00,0.0711
2025-08-18 00:00:00,0.0869
2025-08-18 01:00:00,0.1074
2025-08-18 02:00:00,0.13
2025-08-18 03:00:00,0.1426
2025-08-18 04:00:00,0.1498
2025-08-18 05:00:00,0.1685
2025-08-18 06:00:00,0.211
2025-08-18 07:00:00,0.2738
2025-08-18 08:00:00,0.3522
2025-08-18 09:00:00,0.4183
2025-08-18 10:00:00,0.485
2025-08-18 11:00:00,0.5501
2025-08-18 12:00:00,0.5989
2025-08-18 13:00:00,0.6218
2025-08-18 14:00:00,0.6311
2025-08-18 15:00:00,0.6352
2025-08-18 16:00:00,0.6339
2025-08-18 17:00:00,0.6228
2025-08-18 18:00:00,0.5802
2025-08-18 19:00:00,0.5344
2025-08-18 20:00:00,0.4904
2025-08-18 21:00:00,0.4445
2025-08-18 22:00:00,0.4033
2025-08-18 23:00:00,0.3812
2025-08-19 00:00:00,0.3925
2025-08-19 01:00:00,0.3777
2025-08-19 02:00:00,0.2832
2025-08-19 03:00:00,0.1885
2025-08-19 04:00:00,0.1607
2025-08-19 05:00:00,0.1526
2025-08-19 06:00:00,0.1332
2025-08-19 07:00:00,0.1161
2025-08-19 08:00:00,0.1394
2025-08-19 09:00:00,0.2116
2025-08-19 10:00:00,0.3231
2025-08-19 11:00:00,0.4618
2025-08-19 12:00:00,0.5855
2025-08-19 13:00:00,0.6811
2025-08-19 14:00:00,0.763
2025-08-19 15:00:00,0.821
2025-08-19 16:00:00,0.8483
2025-08-19 17:00:00,0.8509
2025-08-19 18:00:00,0.8446
2025-08-19 19:00:00,0.8596
2025-08-19 20:00:00,0.8845
2025-08-19 21:00:00,0.9029
2025-08-19 22:00:00,0.915
2025-08-19 23:00:00,0.9213
2025-08-20 00:00:00,0.9228
2025-08-20 01:00:00,0.9238
2025-08-20 02:00:00,0.9286
2025-08-20 03:00:00,0.9297
2025-08-20 04:00:00,0.9269
2025-08-20 05:00:00,0.9204
2025-08-20 06:00:00,0.9078
2025-08-20 07:00:00,0.8985
2025-08-20 08:00:00,0.8862
2025-08-20 09:00:00,0.8711
2025-08-20 10:00:00,0.858
2025-08-20 11:00:00,0.8416
2025-08-20 12:00:00,0.8456
2025-08-20 13:00:00,0.8681
2025-08-20 14:00:00,0.8107
2025-08-20 15:00:00,0.7216
2025-08-20 16:00:00,0.6641
2025-08-20 17:00:00,0.637
2025-08-20 18:00:00,0.6286
2025-08-20 19:00:00,0.6825
2025-08-20 20:00:00,0.7849
2025-08-20 21:00:00,0.8367
2025-08-20 22:00:00,0.8687
2025-08-20 23:00:00,0.8898
2025-08-21 00:00:00,0.8941
2025-08-21 01:00:00,0.9202
2025-08-21 02:00:00,0.9426
2025-08-21 03:00:00,0.9519
2025-08-21 04:00:00,0.9571
2025-08-21 05:00:00,0.9633
2025-08-21 06:00:00,0.9653
2025-08-21 07:00:00,0.9659
2025-08-21 08:00:00,0.9656
2025-08-21 09:00:00,0.9611
2025-08-21 10:00:00,0.9573
2025-08-21 11:00:00,0.9543
2025-08-21 12:00:00,0.9442
2025-08-21 13:00:00,0.9211
2025-08-21 14:00:00,0.9013
2025-08-21 15:00:00,0.8945
2025-08-21 16:00:00,0.8955
2025-08-21 17:00:00,0.8928
2025-08-21 18:00:00,0.8884
2025-08-21 19:00:00,0.8884
2025-08-21 20:00:00,0.8969
2025-08-21 21:00:00,0.9015
2025-08-21 22:00:00,0.9037
2025-08-21 23:00:00,0.9073
2025-08-22 00:00:00,0.9177
2025-08-22 01:00:00,0.9354
2025-08-22 02:00:00,0.9511
2025-08-22 03:00:00,0.9644
2025-08-22 04:00:00,0.9761
2025-08-22 05:00:00,0.984
2025-08-22 06:00:00,0.9888
2025-08-22 07:00:00,0.9892
2025-08-22 08:00:00,0.9867
2025-08-22 09:00:00,0.9849
2025-08-22 10:00:00,0.9832
2025-08-22 11:00:00,0.9823
2025-08-22 12:00:00,0.9817
2025-08-22 13:00:00,0.9824
2025-08-22 14:00:00,0.9855
2025-08-22 15:00:00,0.989
2025-08-22 16:00:00,0.9902
2025-08-22 17:00:00,0.9902
2025-08-22 18:00:00,0.9888
2025-08-22 19:00:00,0.985
2025-08-22 20:00:00,0.9739
2025-08-22 21:00:00,0.9348
2025-08-22 22:00:00,0.9313
2025-08-22 23:00:00,0.9477
2025-08-23 00:00:00,0.9519
2025-08-23 01:00:00,0.9641
2025-08-23 02:00:00,0.9727
2025-08-23 03:00:00,0.9738
2025-08-23 04:00:00,0.9828
2025-08-23 05:00:00,0.9859
2025-08-23 06:00:00,0.969
2025-08-23 07:00:00,0.9351
2025-08-23 08:00:00,0.8846
2025-08-23 09:00:00,0.85
2025-08-23 10:00:00,0.8436
2025-08-23 11:00:00,0.8891
2025-08-23 12:00:00,0.9431
2025-08-23 13:00:00,0.969
2025-08-23 14:00:00,0.9632
2025-08-23 15:00:00,0.9193
2025-08-23 16:00:00,0.8235
2025-08-23 17:00:00,0.696
2025-08-23 18:00:00,0.5371
2025-08-23 19:00:00,0.4377
2025-08-23 20:00:00,0.4154
2025-08-23 21:00:00,0.4458
2025-08-23 22:00:00,0.5576
2025-08-23 23:00:00,0.6937
2025-08-24 00:00:00,0.7982
2025-08-24 01:00:00,0.8367
2025-08-24 02:00:00,0.8464
2025-08-24 03:00:00,0.8248
2025-08-24 04:00:00,0.7723
2025-08-24 05:00:00,0.7224
2025-08-24 06:00:00,0.6875
2025-08-24 07:00:00,0.6487
2025-08-24 08:00:00,0.5672
2025-08-24 09:00:00,0.4484
2025-08-24 10:00:00,0.3758
2025-08-24 11:00:00,0.3613
2025-08-24 12:00:00,0.3858
2025-08-24 13:00:00,0.4523
2025-08-24 14:00:00,0.4982
2025-08-24 15:00:00,0.5425
2025-08-24 16:00:00,0.6471
2025-08-24 17:00:00,0.7353
2025-08-24 18:00:00,0.7866
2025-08-24 19:00:00,0.8644
2025-08-24 20:00:00,0.8944
2025-08-24 21:00:00,0.8706
2025-08-24 22:00:00,0.8796
2025-08-24 23:00:00,0.9028
2025-08-25 00:00:00,0.9182
2025-08-25 01:00:00,0.9241
2025-08-25 02:00:00,0.9294
2025-08-25 03:00:00,0.9403
2025-08-25 04:00:00,0.9482
2025-08-25 05:00:00,0.9454
2025-08-25 06:00:00,0.9327
2025-08-25 07:00:00,0.9155
2025-08-25 08:00:00,0.8918
2025-08-25 09:00:00,0.8756
2025-08-25 10:00:00,0.8785
2025-08-25 11:00:00,0.8934
2025-08-25 12:00:00,0.9096
2025-08-25 13:00:00,0.9243
2025-08-25 14:00:00,0.9399
2025-08-25 15:00:00,0.951
2025-08-25 16:00:00,0.9593
2025-08-25 17:00:00,0.968
2025-08-25 18:00:00,0.9752
2025-08-25 19:00:00,0.9794
2025-08-25 20:00:00,0.982
2025-08-25 21:00:00,0.9839
2025-08-25 22:00:00,0.984
2025-08-25 23:00:00,0.9821
2025-08-26 00:00:00,0.978
2025-08-26 01:00:00,0.9716
2025-08-26 02:00:00,0.9589
2025-08-26 03:00:00,0.9386
2025-08-26 04:00:00,0.9126
2025-08-26 05:00:00,0.8861
2025-08-26 06:00:00,0.8609
2025-08-26 07:00:00,0.8355
2025-08-26 08:00:00,0.811
2025-08-26 09:00:00,0.7782
2025-08-26 10:00:00,0.7454
2025-08-26 11:00:00,0.7185
2025-08-26 12:00:00,0.6845
2025-08-26 13:00:00,0.6497
2025-08-26 14:00:00,0.6151
2025-08-26 15:00:00,0.5739
2025-08-26 16:00:00,0.529
2025-08-26 17:00:00,0.4983
2025-08-26 18:00:00,0.5008
2025-08-26 19:00:00,0.5
2025-08-26 20:00:00,0.5092
2025-08-26 21:00:00,0.543
2025-08-26 22:00:00,0.606
2025-08-26 23:00:00,0.6676
2025-08-27 00:00:00,0.7067
2025-08-27 01:00:00,0.7431
2025-08-27 02:00:00,0.7838
2025-08-27 03:00:00,0.8072
2025-08-27 04:00:00,0.8331
2025-08-27 05:00:00,0.8517
2025-08-27 06:00:00,0.8643
2025-08-27 07:00:00,0.8687
2025-08-27 08:00:00,0.8633
2025-08-27 09:00:00,0.8406
2025-08-27 10:00:00,0.799
2025-08-27 11:00:00,0.7605
2025-08-27 12:00:00,0.7368
2025-08-27 13:00:00,0.7203
2025-08-27 14:00:00,0.6974
2025-08-27 15:00:00,0.6572
2025-08-27 16:00:00,0.6225
2025-08-27 17:00:00,0.6152
2025-08-27 18:00:00,0.6355
2025-08-27 19:00:00,0.6679
2025-08-27 20:00:00,0.6884
2025-08-27 21:00:00,0.6984
2025-08-27 22:00:00,0.6877
2025-08-27 23:00:00,0.6559
2025-08-28 00:00:00,0.622
2025-08-28 01:00:00,0.5743
2025-08-28 02:00:00,0.5048
2025-08-28 03:00:00,0.4412
2025-08-28 04:00:00,0.3969
2025-08-28 05:00:00,0.3904
2025-08-28 06:00:00,0.4117
2025-08-28 07:00:00,0.4226
2025-08-28 08:00:00,0.4168
2025-08-28 09:00:00,0.4147
2025-08-28 10:00:00,0.4503
2025-08-28 11:00:00,0.5357
2025-08-28 12:00:00,0.6264
2025-08-28 13:00:00,0.6866
2025-08-28 14:00:00,0.7148
2025-08-28 15:00:00,0.7236
2025-08-28 16:00:00,0.7192
2025-08-28 17:00:00,0.7171
2025-08-28 18:00:00,0.7247
2025-08-28 19:00:00,0.7382
2025-08-28 20:00:00,0.751
2025-08-28 21:00:00,0.756
2025-08-28 22:00:00,0.7514
2025-08-28 23:00:00,0.7381
2025-08-29 00:00:00,0.7166
2025-08-29 01:00:00,0.6698
2025-08-29 02:00:00,0.5821
2025-08-29 03:00:00,0.4963
2025-08-29 04:00:00,0.4526
2025-08-29 05:00:00,0.456
2025-08-29 06:00:00,0.4959
2025-08-29 07:00:00,0.5343
2025-08-29 08:00:00,0.5588
2025-08-29 09:00:00,0.5688
2025-08-29 10:00:00,0.5843
2025-08-29 11:00:00,0.5937
2025-08-29 12:00:00,0.5625
2025-08-29 13:00:00,0.5094
2025-08-29 14:00:00,0.4786
2025-08-29 15:00:00,0.4318
2025-08-29 16:00:00,0.3705
2025-08-29 17:00:00,0.3122
2025-08-29 18:00:00,0.2605
2025-08-29 19:00:00,0.2231
2025-08-29 20:00:00,0.2126
2025-08-29 21:00:00,0.2152
2025-08-29 22:00:00,0.2198
2025-08-29 23:00:00,0.226
2025-08-30 00:00:00,0.2336
2025-08-30 01:00:00,0.2299
2025-08-30 02:00:00,0.2253
2025-08-30 03:00:00,0.2117
2025-08-30 04:00:00,0.1877
2025-08-30 05:00:00,0.1806
2025-08-30 06:00:00,0.1882
2025-08-30 07:00:00,0.204
2025-08-30 08:00:00,0.2274
2025-08-30 09:00:00,0.259
2025-08-30 10:00:00,0.2982
2025-08-30 11:00:00,0.3517
2025-08-30 12:00:00,0.4082
2025-08-30 13:00:00,0.4526
2025-08-30 14:00:00,0.4806
2025-08-30 15:00:00,0.498
2025-08-30 16:00:00,0.5
2025-08-30 17:00:00,0.4885
2025-08-30 18:00:00,0.4826
2025-08-30 19:00:00,0.4824
2025-08-30 20:00:00,0.4817
2025-08-30 21:00:00,0.4933
2025-08-30 22:00:00,0.505
2025-08-30 23:00:00,0.507
2025-08-31 00:00:00,0.5051
2025-08-31 01:00:00,0.505
2025-08-31 02:00:00,0.5051
2025-08-31 03:00:00,0.517
2025-08-31 04:00:00,0.5537
2025-08-31 05:00:00,0.6027
2025-08-31 06:00:00,0.6445
2025-08-31 07:00:00,0.6811
2025-08-31 08:00:00,0.7147
2025-08-31 09:00:00,0.7342
2025-08-31 10:00:00,0.7412
2025-08-31 11:00:00,0.7671
2025-08-31 12:00:00,0.8082
2025-08-31 13:00:00,0.8438
2025-08-31 14:00:00,0.8662
2025-08-31 15:00:00,0.8809
2025-08-31 16:00:00,0.893
2025-08-31 17:00:00,0.9039
2025-08-31 18:00:00,0.9145
2025-08-31 19:00:00,0.9231
2025-08-31 20:00:00,0.9296
2025-08-31 21:00:00,0.9327
2025-08-31 22:00:00,0.9329
2025-08-31 23:00:00,0.9288
2025-09-01 00:00:00,0.9227
2025-09-01 01:00:00,0.9171
2025-09-01 02:00:00,0.9151
2025-09-01 03:00:00,0.9163
2025-09-01 04:00:00,0.9219
2025-09-01 05:00:00,0.9254
2025-09-01 06:00:00,0.9231
2025-09-01 07:00:00,0.9108
2025-09-01 08:00:00,0.8933
2025-09-01 09:00:00,0.8838
2025-09-01 10:00:00,0.8886
2025-09-01 11:00:00,0.9116
2025-09-01 12:00:00,0.9332
2025-09-01 13:00:00,0.9448
2025-09-01 14:00:00,0.9528
2025-09-01 15:00:00,0.9568
2025-09-01 16:00:00,0.9577
2025-09-01 17:00:00,0.9574
2025-09-01 18:00:00,0.9535
2025-09-01 19:00:00,0.9475
2025-09-01 20:00:00,0.939
2025-09-01 21:00:00,0.928
2025-09-01 22:00:00,0.909
2025-09-01 23:00:00,0.8767
2025-09-02 00:00:00,0.8417
2025-09-02 01:00:00,0.7967
2025-09-02 02:00:00,0.7427
2025-09-02 03:00:00,0.6808
2025-09-02 04:00:00,0.6322
2025-09-02 05:00:00,0.5954
2025-09-02 06:00:00,0.568
2025-09-02 07:00:00,0.5598
2025-09-02 08:00:00,0.5813
2025-09-02 09:00:00,0.6174
2025-09-02 10:00:00,0.6529
2025-09-02 11:00:00,0.6825
2025-09-02 12:00:00,0.6975
2025-09-02 13:00:00,0.6902
2025-09-02 14:00:00,0.6725
2025-09-02 15:00:00,0.6405
2025-09-02 16:00:00,0.5998
2025-09-02 17:00:00,0.5731
2025-09-02 18:00:00,0.5665
2025-09-02 19:00:00,0.5528
2025-09-02 20:00:00,0.5432
2025-09-02 21:00:00,0.5187
2025-09-02 22:00:00,0.5079
2025-09-02 23:00:00,0.4956
2025-09-03 00:00:00,0.4789
2025-09-03 01:00:00,0.4567
2025-09-03 02:00:00,0.4152
2025-09-03 03:00:00,0.3651
2025-09-03 04:00:00,0.3146
2025-09-03 05:00:00,0.285
2025-09-03 06:00:00,0.2824
2025-09-03 07:00:00,0.3002
2025-09-03 08:00:00,0.3151
2025-09-03 09:00:00,0.3267
2025-09-03 10:00:00,0.3475
2025-09-03 11:00:00,0.3901
2025-09-03 12:00:00,0.4275
2025-09-03 13:00:00,0.4574
2025-09-03 14:00:00,0.483
2025-09-03 15:00:00,0.4842
2025-09-03 16:00:00,0.4688
2025-09-03 17:00:00,0.4469
2025-09-03 18:00:00,0.4229
2025-09-03 19:00:00,0.4141
2025-09-03 20:00:00,0.4021
2025-09-03 21:00:00,0.3583
2025-09-03 22:00:00,0.2858
2025-09-03 23:00:00,0.2181
2025-09-04 00:00:00,0.1579
2025-09-04 01:00:00,0.1052
2025-09-04 02:00:00,0.0642
2025-09-04 03:00:00,0.0463
2025-09-04 04:00:00,0.0423
2025-09-04 05:00:00,0.0492
2025-09-04 06:00:00,0.0624
2025-09-04 07:00:00,0.0744
2025-09-04 08:00:00,0.0929
2025-09-04 09:00:00,0.1167
2025-09-04 10:00:00,0.142
2025-09-04 11:00:00,0.1741
2025-09-04 12:00:00,0.2022
2025-09-04 13:00:00,0.217
2025-09-04 14:00:00,0.2114
2025-09-04 15:00:00,0.1971
2025-09-04 16:00:00,0.196
2025-09-04 17:00:00,0.2073
2025-09-04 18:00:00,0.2435
2025-09-04 19:00:00,0.2761
2025-09-04 20:00:00,0.3063
2025-09-04 21:00:00,0.3434
2025-09-04 22:00:00,0.3951
2025-09-04 23:00:00,0.4672
2025-09-05 00:00:00,0.5399
2025-09-05 01:00:00,0.5833
2025-09-05 02:00:00,0.6104
2025-09-05 03:00:00,0.6554
2025-09-05 04:00:00,0.7202
2025-09-05 05:00:00,0.7776
2025-09-05 06:00:00,0.819
2025-09-05 07:00:00,0.8523
2025-09-05 08:00:00,0.8871
2025-09-05 09:00:00,0.9204
2025-09-05 10:00:00,0.9437
2025-09-05 11:00:00,0.9599
2025-09-05 12:00:00,0.9699
2025-09-05 13:00:00,0.9756
2025-09-05 14:00:00,0.9795
2025-09-05 15:00:00,0.9824
2025-09-05 16:00:00,0.9827
2025-09-05 17:00:00,0.9819
2025-09-05 18:00:00,0.9814
2025-09-05 19:00:00,0.9812
2025-09-05 20:00:00,0.9814
2025-09-05 21:00:00,0.9805
2025-09-05 22:00:00,0.9771
2025-09-05 23:00:00,0.9735
2025-09-06 00:00:00,0.9723
2025-09-06 01:00:00,0.9718
2025-09-06 02:00:00,0.9732
2025-09-06 03:00:00,0.9613
2025-09-06 04:00:00,0.9527
2025-09-06 05:00:00,0.9515
2025-09-06 06:00:00,0.9504
2025-09-06 07:00:00,0.9454
2025-09-06 08:00:00,0.9388
2025-09-06 09:00:00,0.9352
2025-09-06 10:00:00,0.934
2025-09-06 11:00:00,0.9338
2025-09-06 12:00:00,0.9304
2025-09-06 13:00:00,0.9212
2025-09-06 14:00:00,0.9077
2025-09-06 15:00:00,0.8921
2025-09-06 16:00:00,0.8717
2025-09-06 17:00:00,0.8526
2025-09-06 18:00:00,0.8333
2025-09-06 19:00:00,0.7979
2025-09-06 20:00:00,0.7221
2025-09-06 21:00:00,0.6317
2025-09-06 22:00:00,0.5358
2025-09-06 23:00:00,0.4361
2025-09-07 00:00:00,0.3929
2025-09-07 01:00:00,0.402
2025-09-07 02:00:00,0.4386
2025-09-07 03:00:00,0.4785
2025-09-07 04:00:00,0.4928
2025-09-07 05:00:00,0.4618
2025-09-07 06:00:00,0.4164
2025-09-07 07:00:00,0.3677
2025-09-07 08:00:00,0.3143
2025-09-07 09:00:00,0.2607
2025-09-07 10:00:00,0.2503
2025-09-07 11:00:00,0.2726
2025-09-07 12:00:00,0.2896
2025-09-07 13:00:00,0.2749
2025-09-07 14:00:00,0.2248
2025-09-07 15:00:00,0.177
2025-09-07 16:00:00,0.1808
2025-09-07 17:00:00,0.2513
2025-09-07 18:00:00,0.366
2025-09-07 19:00:00,0.4963
2025-09-07 20:00:00,0.6065
2025-09-07 21:00:00,0.6455
2025-09-07 22:00:00,0.6538
2025-09-07 23:00:00,0.6796
2025-09-08 00:00:00,0.7167
2025-09-08 01:00:00,0.7558
2025-09-08 02:00:00,0.7894
2025-09-08 03:00:00,0.824
2025-09-08 04:00:00,0.7854
2025-09-08 05:00:00,0.6467
2025-09-08 06:00:00,0.548
2025-09-08 07:00:00,0.6001
2025-09-08 08:00:00,0.6589
2025-09-08 09:00:00,0.7478
2025-09-08 10:00:00,0.7517
2025-09-08 11:00:00,0.7218
2025-09-08 12:00:00,0.7226
2025-09-08 13:00:00,0.7046
2025-09-08 14:00:00,0.68
2025-09-08 15:00:00,0.6574
2025-09-08 16:00:00,0.5982
2025-09-08 17:00:00,0.4996
2025-09-08 18:00:00,0.3964
2025-09-08 19:00:00,0.3243
2025-09-08 20:00:00,0.2795
2025-09-08 21:00:00,0.2557
2025-09-08 22:00:00,0.2528
2025-09-08 23:00:00,0.2641
2025-09-09 00:00:00,0.2747
2025-09-09 01:00:00,0.2563
2025-09-09 02:00:00,0.2051
2025-09-09 03:00:00,0.1396
2025-09-09 04:00:00,0.1075
2025-09-09 05:00:00,0.1099
2025-09-09 06:00:00,0.1489
2025-09-09 07:00:00,0.2829
2025-09-09 08:00:00,0.4941
2025-09-09 09:00:00,0.653
2025-09-09 10:00:00,0.765
2025-09-09 11:00:00,0.8646
2025-09-09 12:00:00,0.9217
2025-09-09 13:00:00,0.9504
2025-09-09 14:00:00,0.9671
2025-09-09 15:00:00,0.9717
2025-09-09 16:00:00,0.9703
2025-09-09 17:00:00,0.9674
2025-09-09 18:00:00,0.9596
2025-09-09 19:00:00,0.9468
2025-09-09 20:00:00,0.9229
2025-09-09 21:00:00,0.8877
2025-09-09 22:00:00,0.8534
2025-09-09 23:00:00,0.8413
2025-09-10 00:00:00,0.8511
2025-09-10 01:00:00,0.8767
2025-09-10 02:00:00,0.9038
2025-09-10 03:00:00,0.9285
2025-09-10 04:00:00,0.9482
2025-09-10 05:00:00,0.9645
2025-09-10 06:00:00,0.9777
2025-09-10 07:00:00,0.986
2025-09-10 08:00:00,0.9902
2025-09-10 09:00:00,0.9914
2025-09-10 10:00:00,0.9915
2025-09-10 11:00:00,0.9914
2025-09-10 12:00:00,0.9911
2025-09-10 13:00:00,0.9902
2025-09-10 14:00:00,0.9885
2025-09-10 15:00:00,0.9833
2025-09-10 16:00:00,0.9732
2025-09-10 17:00:00,0.9609
2025-09-10 18:00:00,0.9433
2025-09-10 19:00:00,0.9197
2025-09-10 20:00:00,0.8935
2025-09-10 21:00:00,0.8651
2025-09-10 22:00:00,0.8373
2025-09-10 23:00:00,0.8096
2025-09-11 00:00:00,0.7841
2025-09-11 01:00:00,0.7602
2025-09-11 02:00:00,0.763
2025-09-11 03:00:00,0.7876
2025-09-11 04:00:00,0.8303
2025-09-11 05:00:00,0.8666
2025-09-11 06:00:00,0.8882
2025-09-11 07:00:00,0.8993
2025-09-11 08:00:00,0.9024
2025-09-11 09:00:00,0.8981
2025-09-11 10:00:00,0.8897
2025-09-11 11:00:00,0.8805
2025-09-11 12:00:00,0.8719
2025-09-11 13:00:00,0.8655
2025-09-11 14:00:00,0.8579
2025-09-11 15:00:00,0.8321
2025-09-11 16:00:00,0.777
2025-09-11 17:00:00,0.708
2025-09-11 18:00:00,0.629
2025-09-11 19:00:00,0.5583
2025-09-11 20:00:00,0.5199
2025-09-11 21:00:00,0.5267
2025-09-11 22:00:00,0.5491
2025-09-11 23:00:00,0.5509
2025-09-12 00:00:00,0.5367
2025-09-12 01:00:00,0.5303
2025-09-12 02:00:00,0.5329
2025-09-12 03:00:00,0.5245
2025-09-12 04:00:00,0.4999
2025-09-12 05:00:00,0.4672
2025-09-12 06:00:00,0.4359
2025-09-12 07:00:00,0.4115
2025-09-12 08:00:00,0.4041
2025-09-12 09:00:00,0.4169
2025-09-12 10:00:00,0.4445
2025-09-12 11:00:00,0.4845
2025-09-12 12:00:00,0.5255
2025-09-12 13:00:00,0.5594
2025-09-12 14:00:00,0.581
2025-09-12 15:00:00,0.6024
2025-09-12 16:00:00,0.6321
2025-09-12 17:00:00,0.6637
2025-09-12 18:00:00,0.697
2025-09-12 19:00:00,0.7343
2025-09-12 20:00:00,0.7701
2025-09-12 21:00:00,0.791
2025-09-12 22:00:00,0.7952
2025-09-12 23:00:00,0.7882
2025-09-13 00:00:00,0.7798
2025-09-13 01:00:00,0.7866
2025-09-13 02:00:00,0.8013
2025-09-13 03:00:00,0.8069
2025-09-13 04:00:00,0.7951
2025-09-13 05:00:00,0.7662
2025-09-13 06:00:00,0.7275
2025-09-13 07:00:00,0.6972
2025-09-13 08:00:00,0.6736
2025-09-13 09:00:00,0.6588
2025-09-13 10:00:00,0.6636
2025-09-13 11:00:00,0.6753
2025-09-13 12:00:00,0.6529
2025-09-13 13:00:00,0.6253
2025-09-13 14:00:00,0.5912
2025-09-13 15:00:00,0.5518
2025-09-13 16:00:00,0.5494
2025-09-13 17:00:00,0.4992
2025-09-13 18:00:00,0.4702
2025-09-13 19:00:00,0.4461
2025-09-13 20:00:00,0.3793
2025-09-13 21:00:00,0.3232
2025-09-13 22:00:00,0.2979
2025-09-13 23:00:00,0.2741
2025-09-14 00:00:00,0.2767
2025-09-14 01:00:00,0.2823
2025-09-14 02:00:00,0.2856
2025-09-14 03:00:00,0.293
2025-09-14 04:00:00,0.2939
2025-09-14 05:00:00,0.2871
2025-09-14 06:00:00,0.2762
2025-09-14 07:00:00,0.273
2025-09-14 08:00:00,0.2906
2025-09-14 09:00:00,0.3401
2025-09-14 10:00:00,0.404
2025-09-14 11:00:00,0.4654
2025-09-14 12:00:00,0.512
2025-09-14 13:00:00,0.5347
2025-09-14 14:00:00,0.5248
2025-09-14 15:00:00,0.4897
2025-09-14 16:00:00,0.4625
2025-09-14 17:00:00,0.4517
2025-09-14 18:00:00,0.4418
2025-09-14 19:00:00,0.4349
2025-09-14 20:00:00,0.4247
2025-09-14 21:00:00,0.4229
2025-09-14 22:00:00,0.4219
2025-09-14 23:00:00,0.4216
2025-09-15 00:00:00,0.4252
2025-09-15 01:00:00,0.4246
2025-09-15 02:00:00,0.4146
2025-09-15 03:00:00,0.3855
2025-09-15 04:00:00,0.3564
2025-09-15 05:00:00,0.3394
2025-09-15 06:00:00,0.3298
2025-09-15 07:00:00,0.3219
2025-09-15 08:00:00,0.3247
2025-09-15 09:00:00,0.3615
2025-09-15 10:00:00,0.4281
2025-09-15 11:00:00,0.4975
2025-09-15 12:00:00,0.5617
2025-09-15 13:00:00,0.6169
2025-09-15 14:00:00,0.6545
2025-09-15 15:00:00,0.683
2025-09-15 16:00:00,0.7132
2025-09-15 17:00:00,0.7288
2025-09-15 18:00:00,0.7078
2025-09-15 19:00:00,0.664
2025-09-15 20:00:00,0.6485
2025-09-15 21:00:00,0.6659
2025-09-15 22:00:00,0.6379
2025-09-15 23:00:00,0.5248
2025-09-16 00:00:00,0.4104
2025-09-16 01:00:00,0.3805
2025-09-16 02:00:00,0.3948
2025-09-16 03:00:00,0.4706
2025-09-16 04:00:00,0.5713
2025-09-16 05:00:00,0.6605
2025-09-16 06:00:00,0.7399
2025-09-16 07:00:00,0.7869
2025-09-16 08:00:00,0.8031
2025-09-16 09:00:00,0.7844
2025-09-16 10:00:00,0.7611
2025-09-16 11:00:00,0.7404
2025-09-16 12:00:00,0.7479
2025-09-16 13:00:00,0.7796
2025-09-16 14:00:00,0.804
2025-09-16 15:00:00,0.8195
2025-09-16 16:00:00,0.8273
2025-09-16 17:00:00,0.8307
2025-09-16 18:00:00,0.8307
2025-09-16 19:00:00,0.8292
2025-09-16 20:00:00,0.8261
2025-09-16 21:00:00,0.8189
2025-09-16 22:00:00,0.7943
2025-09-16 23:00:00,0.7667
2025-09-17 00:00:00,0.7459
2025-09-17 01:00:00,0.7303
2025-09-17 02:00:00,0.7122
2025-09-17 03:00:00,0.6897
2025-09-17 04:00:00,0.6807
2025-09-17 05:00:00,0.6866
2025-09-17 06:00:00,0.6903
2025-09-17 07:00:00,0.6905
2025-09-17 08:00:00,0.6947
2025-09-17 09:00:00,0.6976
2025-09-17 10:00:00,0.6918
2025-09-17 11:00:00,0.6853
2025-09-17 12:00:00,0.6878
2025-09-17 13:00:00,0.7063
2025-09-17 14:00:00,0.7295
2025-09-17 15:00:00,0.7595
2025-09-17 16:00:00,0.7962
2025-09-17 17:00:00,0.8352
2025-09-17 18:00:00,0.87
2025-09-17 19:00:00,0.8923
2025-09-17 20:00:00,0.9016
2025-09-17 21:00:00,0.8976
2025-09-17 22:00:00,0.8816
2025-09-17 23:00:00,0.8544
2025-09-18 00:00:00,0.8241
2025-09-18 01:00:00,0.8053
2025-09-18 02:00:00,0.8003
2025-09-18 03:00:00,0.8023
2025-09-18 04:00:00,0.8093
2025-09-18 05:00:00,0.82
2025-09-18 06:00:00,0.8314
2025-09-18 07:00:00,0.8407
2025-09-18 08:00:00,0.8422
2025-09-18 09:00:00,0.8297
2025-09-18 10:00:00,0.8138
2025-09-18 11:00:00,0.8016
2025-09-18 12:00:00,0.792
2025-09-18 13:00:00,0.7869
2025-09-18 14:00:00,0.7933
2025-09-18 15:00:00,0.8176
2025-09-18 16:00:00,0.8486
2025-09-18 17:00:00,0.8731
2025-09-18 18:00:00,0.8869
2025-09-18 19:00:00,0.8792
2025-09-18 20:00:00,0.8625
2025-09-18 21:00:00,0.8336
2025-09-18 22:00:00,0.7765
2025-09-18 23:00:00,0.7127
2025-09-19 00:00:00,0.6739
2025-09-19 01:00:00,0.6603
2025-09-19 02:00:00,0.6512
2025-09-19 03:00:00,0.6527
2025-09-19 04:00:00,0.6586
2025-09-19 05:00:00,0.6664
2025-09-19 06:00:00,0.679
2025-09-19 07:00:00,0.6964
2025-09-19 08:00:00,0.7107
2025-09-19 09:00:00,0.7035
2025-09-19 10:00:00,0.6843
2025-09-19 11:00:00,0.68
2025-09-19 12:00:00,0.685
2025-09-19 13:00:00,0.7024
2025-09-19 14:00:00,0.7322
2025-09-19 15:00:00,0.7667
2025-09-19 16:00:00,0.8006
2025-09-19 17:00:00,0.8219
2025-09-19 18:00:00,0.8344
2025-09-19 19:00:00,0.833
2025-09-19 20:00:00,0.8157
2025-09-19 21:00:00,0.7906
2025-09-19 22:00:00,0.7714
2025-09-19 23:00:00,0.7606
2025-09-20 00:00:00,0.7469
2025-09-20 01:00:00,0.7363
2025-09-20 02:00:00,0.7342
2025-09-20 03:00:00,0.7443
2025-09-20 04:00:00,0.762
2025-09-20 05:00:00,0.7806
2025-09-20 06:00:00,0.8027
2025-09-20 07:00:00,0.8209
2025-09-20 08:00:00,0.8331
2025-09-20 09:00:00,0.8402
2025-09-20 10:00:00,0.8464
2025-09-20 11:00:00,0.8537
2025-09-20 12:00:00,0.8579
2025-09-20 13:00:00,0.8619
2025-09-20 14:00:00,0.8665
2025-09-20 15:00:00,0.8778
2025-09-20 16:00:00,0.888
2025-09-20 17:00:00,0.8894
2025-09-20 18:00:00,0.8843
2025-09-20 19:00:00,0.8711
2025-09-20 20:00:00,0.8539
2025-09-20 21:00:00,0.8265
2025-09-20 22:00:00,0.796
2025-09-20 23:00:00,0.7633
2025-09-21 00:00:00,0.7252
2025-09-21 01:00:00,0.6866
2025-09-21 02:00:00,0.6576
2025-09-21 03:00:00,0.6364
2025-09-21 04:00:00,0.623
2025-09-21 05:00:00,0.6119
2025-09-21 06:00:00,0.5983
2025-09-21 07:00:00,0.5755
2025-09-21 08:00:00,0.5477
2025-09-21 09:00:00,0.5368
2025-09-21 10:00:00,0.5544
2025-09-21 11:00:00,0.5816
2025-09-21 12:00:00,0.5986
2025-09-21 13:00:00,0.5942
2025-09-21 14:00:00,0.5848
2025-09-21 15:00:00,0.5851
2025-09-21 16:00:00,0.6141
2025-09-21 17:00:00,0.6569
2025-09-21 18:00:00,0.6854
2025-09-21 19:00:00,0.6794
2025-09-21 20:00:00,0.6452
2025-09-21 21:00:00,0.5869
2025-09-21 22:00:00,0.5184
2025-09-21 23:00:00,0.4539
2025-09-22 00:00:00,0.3951
2025-09-22 01:00:00,0.3461
2025-09-22 02:00:00,0.3074
2025-09-22 03:00:00,0.2816
2025-09-22 04:00:00,0.2634
2025-09-22 05:00:00,0.2502
2025-09-22 06:00:00,0.2466
2025-09-22 07:00:00,0.2536
2025-09-22 08:00:00,0.2674
2025-09-22 09:00:00,0.2805
2025-09-22 10:00:00,0.2909
2025-09-22 11:00:00,0.2988
2025-09-22 12:00:00,0.2994
2025-09-22 13:00:00,0.2933
2025-09-22 14:00:00,0.2855
2025-09-22 15:00:00,0.2834
2025-09-22 16:00:00,0.2909
2025-09-22 17:00:00,0.3014
2025-09-22 18:00:00,0.3093
2025-09-22 19:00:00,0.306
2025-09-22 20:00:00,0.2809
2025-09-22 21:00:00,0.2429
2025-09-22 22:00:00,0.2117
2025-09-22 23:00:00,0.1823
2025-09-23 00:00:00,0.1483
2025-09-23 01:00:00,0.1248
2025-09-23 02:00:00,0.1284
2025-09-23 03:00:00,0.1614
2025-09-23 04:00:00,0.2166
2025-09-23 05:00:00,0.2851
2025-09-23 06:00:00,0.3488
2025-09-23 07:00:00,0.4014
2025-09-23 08:00:00,0.4348
2025-09-23 09:00:00,0.4568
2025-09-23 10:00:00,0.4808
2025-09-23 11:00:00,0.5379
2025-09-23 12:00:00,0.6191
2025-09-23 13:00:00,0.6676
2025-09-23 14:00:00,0.6743
2025-09-23 15:00:00,0.6906
2025-09-23 16:00:00,0.7285
2025-09-23 17:00:00,0.7628
2025-09-23 18:00:00,0.7913
2025-09-23 19:00:00,0.8124
2025-09-23 20:00:00,0.8137
2025-09-23 21:00:00,0.7993
2025-09-23 22:00:00,0.8056
2025-09-23 23:00:00,0.8074
2025-09-24 00:00:00,0.7902
2025-09-24 01:00:00,0.7776
2025-09-24 02:00:00,0.7764
2025-09-24 03:00:00,0.7913
2025-09-24 04:00:00,0.8108
2025-09-24 05:00:00,0.8264
2025-09-24 06:00:00,0.8444
2025-09-24 07:00:00,0.8612
2025-09-24 08:00:00,0.8751
2025-09-24 09:00:00,0.8871
2025-09-24 10:00:00,0.89
2025-09-24 11:00:00,0.8763
2025-09-24 12:00:00,0.8496
2025-09-24 13:00:00,0.8384
2025-09-24 14:00:00,0.8682
2025-09-24 15:00:00,0.9084
2025-09-24 16:00:00,0.9238
2025-09-24 17:00:00,0.9217
2025-09-24 18:00:00,0.9161
2025-09-24 19:00:00,0.9111
2025-09-24 20:00:00,0.9064
2025-09-24 21:00:00,0.9073
2025-09-24 22:00:00,0.9197
2025-09-24 23:00:00,0.9285
2025-09-25 00:00:00,0.9336
2025-09-25 01:00:00,0.938
2025-09-25 02:00:00,0.9418
2025-09-25 03:00:00,0.9404
2025-09-25 04:00:00,0.9303
2025-09-25 05:00:00,0.9111
2025-09-25 06:00:00,0.8783
2025-09-25 07:00:00,0.8384
2025-09-25 08:00:00,0.7825
2025-09-25 09:00:00,0.7165
2025-09-25 10:00:00,0.6318
2025-09-25 11:00:00,0.5286
2025-09-25 12:00:00,0.4236
2025-09-25 13:00:00,0.3219
2025-09-25 14:00:00,0.2341
2025-09-25 15:00:00,0.1698
2025-09-25 16:00:00,0.1316
2025-09-25 17:00:00,0.1257
2025-09-25 18:00:00,0.1845
2025-09-25 19:00:00,0.272
2025-09-25 20:00:00,0.3614
2025-09-25 21:00:00,0.4697
2025-09-25 22:00:00,0.553
2025-09-25 23:00:00,0.6152
2025-09-26 00:00:00,0.662
2025-09-26 01:00:00,0.6981
2025-09-26 02:00:00,0.7545
2025-09-26 03:00:00,0.7716
2025-09-26 04:00:00,0.7359
2025-09-26 05:00:00,0.6923
2025-09-26 06:00:00,0.6616
2025-09-26 07:00:00,0.5735
2025-09-26 08:00:00,0.5312
2025-09-26 09:00:00,0.6048
2025-09-26 10:00:00,0.7535
2025-09-26 11:00:00,0.8461
2025-09-26 12:00:00,0.8652
2025-09-26 13:00:00,0.861
2025-09-26 14:00:00,0.8482
2025-09-26 15:00:00,0.8165
2025-09-26 16:00:00,0.7742
2025-09-26 17:00:00,0.7438
2025-09-26 18:00:00,0.7268
2025-09-26 19:00:00,0.7146
2025-09-26 20:00:00,0.6988
2025-09-26 21:00:00,0.6896
2025-09-26 22:00:00,0.6844
2025-09-26 23:00:00,0.696
2025-09-27 00:00:00,0.7243
2025-09-27 01:00:00,0.7803
2025-09-27 02:00:00,0.8462
2025-09-27 03:00:00,0.8882
2025-09-27 04:00:00,0.883
2025-09-27 05:00:00,0.817
2025-09-27 06:00:00,0.8635
2025-09-27 07:00:00,0.9341
2025-09-27 08:00:00,0.95
2025-09-27 09:00:00,0.864
2025-09-27 10:00:00,0.8726
2025-09-27 11:00:00,0.841
2025-09-27 12:00:00,0.9315
2025-09-27 13:00:00,0.9743
2025-09-27 14:00:00,0.9833
2025-09-27 15:00:00,0.9801
2025-09-27 16:00:00,0.9806
2025-09-27 17:00:00,0.9853
2025-09-27 18:00:00,0.9892
2025-09-27 19:00:00,0.9903
2025-09-27 20:00:00,0.9893
2025-09-27 21:00:00,0.9874
2025-09-27 22:00:00,0.9848
2025-09-27 23:00:00,0.9819
2025-09-28 00:00:00,0.9805
2025-09-28 01:00:00,0.9799
2025-09-28 02:00:00,0.978
2025-09-28 03:00:00,0.9739
2025-09-28 04:00:00,0.9669
2025-09-28 05:00:00,0.9582
2025-09-28 06:00:00,0.9472
2025-09-28 07:00:00,0.9322
2025-09-28 08:00:00,0.9149
2025-09-28 09:00:00,0.8947
2025-09-28 10:00:00,0.8743
2025-09-28 11:00:00,0.858
2025-09-28 12:00:00,0.845
2025-09-28 13:00:00,0.8268
2025-09-28 14:00:00,0.7967
2025-09-28 15:00:00,0.774
2025-09-28 16:00:00,0.7542
2025-09-28 17:00:00,0.7175
2025-09-28 18:00:00,0.6674
2025-09-28 19:00:00,0.6129
2025-09-28 20:00:00,0.5511
2025-09-28 21:00:00,0.5161
2025-09-28 22:00:00,0.4677
2025-09-28 23:00:00,0.4107
2025-09-29 00:00:00,0.3628
2025-09-29 01:00:00,0.3182
2025-09-29 02:00:00,0.3031
2025-09-29 03:00:00,0.3154
2025-09-29 04:00:00,0.3286
2025-09-29 05:00:00,0.3466
2025-09-29 06:00:00,0.391
2025-09-29 07:00:00,0.4675
2025-09-29 08:00:00,0.5324
2025-09-29 09:00:00,0.576
2025-09-29 10:00:00,0.6191
2025-09-29 11:00:00,0.6627
2025-09-29 12:00:00,0.6858
2025-09-29 13:00:00,0.6861
2025-09-29 14:00:00,0.6798
2025-09-29 15:00:00,0.6854
2025-09-29 16:00:00,0.7415
2025-09-29 17:00:00,0.8289
2025-09-29 18:00:00,0.902
2025-09-29 19:00:00,0.9457
2025-09-29 20:00:00,0.9677
2025-09-29 21:00:00,0.9771
2025-09-29 22:00:00,0.9807
2025-09-29 23:00:00,0.9808
2025-09-30 00:00:00,0.9799
2025-09-30 01:00:00,0.9801
2025-09-30 02:00:00,0.9818
2025-09-30 03:00:00,0.9831
2025-09-30 04:00:00,0.9842
2025-09-30 05:00:00,0.9855
2025-09-30 06:00:00,0.9871
2025-09-30 07:00:00,0.9885
2025-09-30 08:00:00,0.9893
2025-09-30 09:00:00,0.9897
2025-09-30 10:00:00,0.9901
2025-09-30 11:00:00,0.9907
2025-09-30 12:00:00,0.9909
2025-09-30 13:00:00,0.9907
2025-09-30 14:00:00,0.9908
2025-09-30 15:00:00,0.9904
2025-09-30 16:00:00,0.987
2025-09-30 17:00:00,0.9771
2025-09-30 18:00:00,0.9704
2025-09-30 19:00:00,0.9741
2025-09-30 20:00:00,0.9821
2025-09-30 21:00:00,0.9758
2025-09-30 22:00:00,0.9344
2025-09-30 23:00:00,0.8844
2025-10-01 00:00:00,0.816
2025-10-01 01:00:00,0.7028
2025-10-01 02:00:00,0.6368
2025-10-01 03:00:00,0.6341
2025-10-01 04:00:00,0.6624
2025-10-01 05:00:00,0.68
2025-10-01 06:00:00,0.6742
2025-10-01 07:00:00,0.6588
2025-10-01 08:00:00,0.6553
2025-10-01 09:00:00,0.6642
2025-10-01 10:00:00,0.6792
2025-10-01 11:00:00,0.7031
2025-10-01 12:00:00,0.7279
2025-10-01 13:00:00,0.7494
2025-10-01 14:00:00,0.7632
2025-10-01 15:00:00,0.7662
2025-10-01 16:00:00,0.7728
2025-10-01 17:00:00,0.7864
2025-10-01 18:00:00,0.7888
2025-10-01 19:00:00,0.7762
2025-10-01 20:00:00,0.7606
2025-10-01 21:00:00,0.7464
2025-10-01 22:00:00,0.7325
2025-10-01 23:00:00,0.7287
2025-10-02 00:00:00,0.7423
2025-10-02 01:00:00,0.7875
2025-10-02 02:00:00,0.8467
2025-10-02 03:00:00,0.8926
2025-10-02 04:00:00,0.9289
2025-10-02 05:00:00,0.9561
2025-10-02 06:00:00,0.9681
2025-10-02 07:00:00,0.9729
2025-10-02 08:00:00,0.9722
2025-10-02 09:00:00,0.9674
2025-10-02 10:00:00,0.9612
2025-10-02 11:00:00,0.956
2025-10-02 12:00:00,0.9558
2025-10-02 13:00:00,0.9568
2025-10-02 14:00:00,0.9567
2025-10-02 15:00:00,0.9537
2025-10-02 16:00:00,0.9471
2025-10-02 17:00:00,0.94
2025-10-02 18:00:00,0.9319
2025-10-02 19:00:00,0.9211
2025-10-02 20:00:00,0.9034
2025-10-02 21:00:00,0.8828
2025-10-02 22:00:00,0.8559
2025-10-02 23:00:00,0.8221
2025-10-03 00:00:00,0.7876
2025-10-03 01:00:00,0.7548
2025-10-03 02:00:00,0.7306
2025-10-03 03:00:00,0.7251
2025-10-03 04:00:00,0.7404
2025-10-03 05:00:00,0.7629
2025-10-03 06:00:00,0.7824
2025-10-03 07:00:00,0.7921
2025-10-03 08:00:00,0.792
2025-10-03 09:00:00,0.7807
2025-10-03 10:00:00,0.7592
2025-10-03 11:00:00,0.733
2025-10-03 12:00:00,0.7028
2025-10-03 13:00:00,0.6725
2025-10-03 14:00:00,0.6541
2025-10-03 15:00:00,0.6591
2025-10-03 16:00:00,0.6796
2025-10-03 17:00:00,0.7007
2025-10-03 18:00:00,0.7009
2025-10-03 19:00:00,0.6749
2025-10-03 20:00:00,0.621
2025-10-03 21:00:00,0.5445
2025-10-03 22:00:00,0.454
2025-10-03 23:00:00,0.3605
2025-10-04 00:00:00,0.2803
2025-10-04 01:00:00,0.2244
2025-10-04 02:00:00,0.1892
2025-10-04 03:00:00,0.1684
2025-10-04 04:00:00,0.1463
2025-10-04 05:00:00,0.1228
2025-10-04 06:00:00,0.0998
2025-10-04 07:00:00,0.0861
2025-10-04 08:00:00,0.0816
2025-10-04 09:00:00,0.0818
2025-10-04 10:00:00,0.0757
2025-10-04 11:00:00,0.0631
2025-10-04 12:00:00,0.0524
2025-10-04 13:00:00,0.0464
2025-10-04 14:00:00,0.045
2025-10-04 15:00:00,0.049
2025-10-04 16:00:00,0.0681
2025-10-04 17:00:00,0.103
2025-10-04 18:00:00,0.1418
2025-10-04 19:00:00,0.1757
2025-10-04 20:00:00,0.2055
2025-10-04 21:00:00,0.228
2025-10-04 22:00:00,0.246
2025-10-04 23:00:00,0.2648
2025-10-05 00:00:00,0.2841
2025-10-05 01:00:00,0.2994
2025-10-05 02:00:00,0.3047
2025-10-05 03:00:00,0.2966
2025-10-05 04:00:00,0.2826
2025-10-05 05:00:00,0.2704
2025-10-05 06:00:00,0.2597
2025-10-05 07:00:00,0.2531
2025-10-05 08:00:00,0.2554
2025-10-05 09:00:00,0.2794
2025-10-05 10:00:00,0.3263
2025-10-05 11:00:00,0.3783
2025-10-05 12:00:00,0.414
2025-10-05 13:00:00,0.4357
2025-10-05 14:00:00,0.4511
2025-10-05 15:00:00,0.4746
2025-10-05 16:00:00,0.5347
2025-10-05 17:00:00,0.6379
2025-10-05 18:00:00,0.7552
2025-10-05 19:00:00,0.8403
2025-10-05 20:00:00,0.8827
2025-10-05 21:00:00,0.9014
2025-10-05 22:00:00,0.898
2025-10-05 23:00:00,0.8796
2025-10-06 00:00:00,0.8651
2025-10-06 01:00:00,0.8618
2025-10-06 02:00:00,0.8604
2025-10-06 03:00:00,0.8483
2025-10-06 04:00:00,0.8318
2025-10-06 05:00:00,0.8292
2025-10-06 06:00:00,0.8405
2025-10-06 07:00:00,0.8558
2025-10-06 08:00:00,0.8731
2025-10-06 09:00:00,0.8887
2025-10-06 10:00:00,0.9089
2025-10-06 11:00:00,0.9313
2025-10-06 12:00:00,0.9441
2025-10-06 13:00:00,0.9491
2025-10-06 14:00:00,0.9495
2025-10-06 15:00:00,0.9511
2025-10-06 16:00:00,0.954
2025-10-06 17:00:00,0.9593
2025-10-06 18:00:00,0.9643
2025-10-06 19:00:00,0.9656
2025-10-06 20:00:00,0.962
2025-10-06 21:00:00,0.953
2025-10-06 22:00:00,0.9416
2025-10-06 23:00:00,0.9319
2025-10-07 00:00:00,0.9247
2025-10-07 01:00:00,0.9221
2025-10-07 02:00:00,0.9232
2025-10-07 03:00:00,0.9343
2025-10-07 04:00:00,0.946
2025-10-07 05:00:00,0.9494
2025-10-07 06:00:00,0.9602
2025-10-07 07:00:00,0.9647
2025-10-07 08:00:00,0.9577
2025-10-07 09:00:00,0.9355
2025-10-07 10:00:00,0.9123
2025-10-07 11:00:00,0.8974
2025-10-07 12:00:00,0.8781
2025-10-07 13:00:00,0.8394
2025-10-07 14:00:00,0.7935
2025-10-07 15:00:00,0.8004
2025-10-07 16:00:00,0.815
2025-10-07 17:00:00,0.8044
2025-10-07 18:00:00,0.7702
2025-10-07 19:00:00,0.7254
2025-10-07 20:00:00,0.7015
2025-10-07 21:00:00,0.6756
2025-10-07 22:00:00,0.6558
2025-10-07 23:00:00,0.6788
2025-10-08 00:00:00,0.714
2025-10-08 01:00:00,0.7262
2025-10-08 02:00:00,0.7354
2025-10-08 03:00:00,0.7496
2025-10-08 04:00:00,0.7339
2025-10-08 05:00:00,0.6993
2025-10-08 06:00:00,0.6826
2025-10-08 07:00:00,0.7247
2025-10-08 08:00:00,0.8065
2025-10-08 09:00:00,0.8651
2025-10-08 10:00:00,0.893
2025-10-08 11:00:00,0.9
2025-10-08 12:00:00,0.893
2025-10-08 13:00:00,0.8797
2025-10-08 14:00:00,0.8643
2025-10-08 15:00:00,0.8629
2025-10-08 16:00:00,0.8705
2025-10-08 17:00:00,0.8755
2025-10-08 18:00:00,0.8774
2025-10-08 19:00:00,0.8663
2025-10-08 20:00:00,0.856
2025-10-08 21:00:00,0.8254
2025-10-08 22:00:00,0.8062
2025-10-08 23:00:00,0.8002
2025-10-09 00:00:00,0.8195
2025-10-09 01:00:00,0.8324
2025-10-09 02:00:00,0.8329
2025-10-09 03:00:00,0.8461
2025-10-09 04:00:00,0.8778
2025-10-09 05:00:00,0.9082
2025-10-09 06:00:00,0.9282
2025-10-09 07:00:00,0.9397
2025-10-09 08:00:00,0.9471
2025-10-09 09:00:00,0.9528
2025-10-09 10:00:00,0.9511
2025-10-09 11:00:00,0.9445
2025-10-09 12:00:00,0.923
2025-10-09 13:00:00,0.8752
2025-10-09 14:00:00,0.7988
2025-10-09 15:00:00,0.6915
2025-10-09 16:00:00,0.5554
2025-10-09 17:00:00,0.4181
2025-10-09 18:00:00,0.306
2025-10-09 19:00:00,0.2363
2025-10-09 20:00:00,0.2587
2025-10-09 21:00:00,0.4189
2025-10-09 22:00:00,0.5692
2025-10-09 23:00:00,0.6936
2025-10-10 00:00:00,0.8272
2025-10-10 01:00:00,0.9393
2025-10-10 02:00:00,0.9753
2025-10-10 03:00:00,0.9834
2025-10-10 04:00:00,0.9866
2025-10-10 05:00:00,0.9879
2025-10-10 06:00:00,0.9887
2025-10-10 07:00:00,0.99
2025-10-10 08:00:00,0.9886
2025-10-10 09:00:00,0.982
2025-10-10 10:00:00,0.9718
2025-10-10 11:00:00,0.962
2025-10-10 12:00:00,0.9531
2025-10-10 13:00:00,0.9457
2025-10-10 14:00:00,0.9381
2025-10-10 15:00:00,0.9325
2025-10-10 16:00:00,0.9263
2025-10-10 17:00:00,0.918
2025-10-10 18:00:00,0.9042
2025-10-10 19:00:00,0.8865
2025-10-10 20:00:00,0.8659
2025-10-10 21:00:00,0.855
2025-10-10 22:00:00,0.8476
2025-10-10 23:00:00,0.8332
2025-10-11 00:00:00,0.8112
2025-10-11 01:00:00,0.7811
2025-10-11 02:00:00,0.7576
2025-10-11 03:00:00,0.7452
2025-10-11 04:00:00,0.7433
2025-10-11 05:00:00,0.7493
2025-10-11 06:00:00,0.7568
2025-10-11 07:00:00,0.7684
2025-10-11 08:00:00,0.7882
2025-10-11 09:00:00,0.8031
2025-10-11 10:00:00,0.8079
2025-10-11 11:00:00,0.8086
2025-10-11 12:00:00,0.8083
2025-10-11 13:00:00,0.8026
2025-10-11 14:00:00,0.782
2025-10-11 15:00:00,0.7388
2025-10-11 16:00:00,0.6802
2025-10-11 17:00:00,0.6157
2025-10-11 18:00:00,0.5639
2025-10-11 19:00:00,0.5514
2025-10-11 20:00:00,0.5696
2025-10-11 21:00:00,0.6142
2025-10-11 22:00:00,0.6223
2025-10-11 23:00:00,0.6037
2025-10-12 00:00:00,0.6017
2025-10-12 01:00:00,0.643
2025-10-12 02:00:00,0.7036
2025-10-12 03:00:00,0.7728
2025-10-12 04:00:00,0.7949
2025-10-12 05:00:00,0.7505
2025-10-12 06:00:00,0.702
2025-10-12 07:00:00,0.7118
2025-10-12 08:00:00,0.7635
2025-10-12 09:00:00,0.8172
2025-10-12 10:00:00,0.8478
2025-10-12 11:00:00,0.863
2025-10-12 12:00:00,0.8731
2025-10-12 13:00:00,0.8841
2025-10-12 14:00:00,0.8946
2025-10-12 15:00:00,0.9092
2025-10-12 16:00:00,0.9394
2025-10-12 17:00:00,0.9676
2025-10-12 18:00:00,0.9804
2025-10-12 19:00:00,0.9908
2025-10-12 20:00:00,0.9901
2025-10-12 21:00:00,0.9909
2025-10-12 22:00:00,0.9915
2025-10-12 23:00:00,0.9903
2025-10-13 00:00:00,0.9893
2025-10-13 01:00:00,0.9889
2025-10-13 02:00:00,0.9888
2025-10-13 03:00:00,0.9887
2025-10-13 04:00:00,0.9858
2025-10-13 05:00:00,0.9821
2025-10-13 06:00:00,0.9816
2025-10-13 07:00:00,0.9825
2025-10-13 08:00:00,0.9829
2025-10-13 09:00:00,0.9824
2025-10-13 10:00:00,0.9804
2025-10-13 11:00:00,0.9777
2025-10-13 12:00:00,0.9665
2025-10-13 13:00:00,0.9451
2025-10-13 14:00:00,0.9139
2025-10-13 15:00:00,0.8709
2025-10-13 16:00:00,0.8118
2025-10-13 17:00:00,0.7556
2025-10-13 18:00:00,0.7188
2025-10-13 19:00:00,0.6735
2025-10-13 20:00:00,0.6178
2025-10-13 21:00:00,0.5127
2025-10-13 22:00:00,0.3961
2025-10-13 23:00:00,0.2918
2025-10-14 00:00:00,0.2053
2025-10-14 01:00:00,0.1435
2025-10-14 02:00:00,0.1163
2025-10-14 03:00:00,0.0947
2025-10-14 04:00:00,0.083
2025-10-14 05:00:00,0.0785
2025-10-14 06:00:00,0.0827
2025-10-14 07:00:00,0.1027
2025-10-14 08:00:00,0.1078
2025-10-14 09:00:00,0.0982
2025-10-14 10:00:00,0.0952
2025-10-14 11:00:00,0.1144
2025-10-14 12:00:00,0.1301
2025-10-14 13:00:00,0.1189
2025-10-14 14:00:00,0.1442
2025-10-14 15:00:00,0.1728
2025-10-14 16:00:00,0.1927
2025-10-14 17:00:00,0.1672
2025-10-14 18:00:00,0.1419
2025-10-14 19:00:00,0.1253
2025-10-14 20:00:00,0.112
2025-10-14 21:00:00,0.1231
2025-10-14 22:00:00,0.1662
2025-10-14 23:00:00,0.2226
2025-10-15 00:00:00,0.278
2025-10-15 01:00:00,0.3321
2025-10-15 02:00:00,0.3838
2025-10-15 03:00:00,0.4249
2025-10-15 04:00:00,0.4566
2025-10-15 05:00:00,0.5098
2025-10-15 06:00:00,0.5955
2025-10-15 07:00:00,0.6915
2025-10-15 08:00:00,0.7649
2025-10-15 09:00:00,0.8019
2025-10-15 10:00:00,0.8207
2025-10-15 11:00:00,0.8467
2025-10-15 12:00:00,0.8743
2025-10-15 13:00:00,0.8974
2025-10-15 14:00:00,0.9152
2025-10-15 15:00:00,0.9302
2025-10-15 16:00:00,0.9464
2025-10-15 17:00:00,0.963
2025-10-15 18:00:00,0.9741
2025-10-15 19:00:00,0.9791
2025-10-15 20:00:00,0.9813
2025-10-15 21:00:00,0.9812
2025-10-15 22:00:00,0.9805
2025-10-15 23:00:00,0.9813
2025-10-16 00:00:00,0.9817
2025-10-16 01:00:00,0.9793
2025-10-16 02:00:00,0.9774
2025-10-16 03:00:00,0.979
2025-10-16 04:00:00,0.9818
2025-10-16 05:00:00,0.9819
2025-10-16 06:00:00,0.9807
2025-10-16 07:00:00,0.9801
2025-10-16 08:00:00,0.9785
2025-10-16 09:00:00,0.9728
2025-10-16 10:00:00,0.9612
2025-10-16 11:00:00,0.9521
2025-10-16 12:00:00,0.9539
2025-10-16 13:00:00,0.9598
2025-10-16 14:00:00,0.9635
2025-10-16 15:00:00,0.9697
2025-10-16 16:00:00,0.9748
2025-10-16 17:00:00,0.9772
2025-10-16 18:00:00,0.9763
2025-10-16 19:00:00,0.9758
2025-10-16 20:00:00,0.9753
2025-10-16 21:00:00,0.972
2025-10-16 22:00:00,0.9658
2025-10-16 23:00:00,0.9575
2025-10-17 00:00:00,0.9496
2025-10-17 01:00:00,0.9368
2025-10-17 02:00:00,0.9299
2025-10-17 03:00:00,0.9193
2025-10-17 04:00:00,0.9144
2025-10-17 05:00:00,0.8959
2025-10-17 06:00:00,0.8594
2025-10-17 07:00:00,0.8047
2025-10-17 08:00:00,0.7814
2025-10-17 09:00:00,0.7764
2025-10-17 10:00:00,0.7835
2025-10-17 11:00:00,0.7687
2025-10-17 12:00:00,0.6928
2025-10-17 13:00:00,0.6145
2025-10-17 14:00:00,0.5699
2025-10-17 15:00:00,0.5108
2025-10-17 16:00:00,0.4301
2025-10-17 17:00:00,0.3497
2025-10-17 18:00:00,0.2833
2025-10-17 19:00:00,0.2342
2025-10-17 20:00:00,0.205
2025-10-17 21:00:00,0.1696
2025-10-17 22:00:00,0.135
2025-10-17 23:00:00,0.1028
2025-10-18 00:00:00,0.0808
2025-10-18 01:00:00,0.0766
2025-10-18 02:00:00,0.0699
2025-10-18 03:00:00,0.0544
2025-10-18 04:00:00,0.0445
2025-10-18 05:00:00,0.045
2025-10-18 06:00:00,0.073
2025-10-18 07:00:00,0.1074
2025-10-18 08:00:00,0.1048
2025-10-18 09:00:00,0.08
2025-10-18 10:00:00,0.0604
2025-10-18 11:00:00,0.0513
2025-10-18 12:00:00,0.0538
2025-10-18 13:00:00,0.0637
2025-10-18 14:00:00,0.0845
2025-10-18 15:00:00,0.1114
2025-10-18 16:00:00,0.1245
2025-10-18 17:00:00,0.1474
2025-10-18 18:00:00,0.1879
2025-10-18 19:00:00,0.2282
2025-10-18 20:00:00,0.2688
2025-10-18 21:00:00,0.3197
2025-10-18 22:00:00,0.3554
2025-10-18 23:00:00,0.3612
2025-10-19 00:00:00,0.3526
2025-10-19 01:00:00,0.3563
2025-10-19 02:00:00,0.3782
2025-10-19 03:00:00,0.3977
2025-10-19 04:00:00,0.4084
2025-10-19 05:00:00,0.4216
2025-10-19 06:00:00,0.4411
2025-10-19 07:00:00,0.4694
2025-10-19 08:00:00,0.5064
2025-10-19 09:00:00,0.5409
2025-10-19 10:00:00,0.5838
2025-10-19 11:00:00,0.6339
2025-10-19 12:00:00,0.6852
2025-10-19 13:00:00,0.732
2025-10-19 14:00:00,0.7713
2025-10-19 15:00:00,0.8159
2025-10-19 16:00:00,0.8617
2025-10-19 17:00:00,0.8958
2025-10-19 18:00:00,0.9139
2025-10-19 19:00:00,0.9142
2025-10-19 20:00:00,0.8859
2025-10-19 21:00:00,0.8453
2025-10-19 22:00:00,0.7621
2025-10-19 23:00:00,0.6688
2025-10-20 00:00:00,0.6178
2025-10-20 01:00:00,0.5877
2025-10-20 02:00:00,0.5564
2025-10-20 03:00:00,0.5161
2025-10-20 04:00:00,0.542
2025-10-20 05:00:00,0.644
2025-10-20 06:00:00,0.7631
2025-10-20 07:00:00,0.8586
2025-10-20 08:00:00,0.9189
2025-10-20 09:00:00,0.9517
2025-10-20 10:00:00,0.9712
2025-10-20 11:00:00,0.983
2025-10-20 12:00:00,0.9881
2025-10-20 13:00:00,0.9804
2025-10-20 14:00:00,0.9577
2025-10-20 15:00:00,0.9564
2025-10-20 16:00:00,0.9705
2025-10-20 17:00:00,0.9816
2025-10-20 18:00:00,0.9872
2025-10-20 19:00:00,0.9899
2025-10-20 20:00:00,0.9902
2025-10-20 21:00:00,0.9895
2025-10-20 22:00:00,0.9875
2025-10-20 23:00:00,0.9849
2025-10-21 00:00:00,0.9797
2025-10-21 01:00:00,0.9766
2025-10-21 02:00:00,0.9803
2025-10-21 03:00:00,0.9847
2025-10-21 04:00:00,0.9853
2025-10-21 05:00:00,0.9884
2025-10-21 06:00:00,0.9875
2025-10-21 07:00:00,0.9822
2025-10-21 08:00:00,0.9747
2025-10-21 09:00:00,0.9662
2025-10-21 10:00:00,0.9526
2025-10-21 11:00:00,0.9258
2025-10-21 12:00:00,0.892
2025-10-21 13:00:00,0.8443
2025-10-21 14:00:00,0.7717
2025-10-21 15:00:00,0.696
2025-10-21 16:00:00,0.6279
2025-10-21 17:00:00,0.5464
2025-10-21 18:00:00,0.4532
2025-10-21 19:00:00,0.4155
2025-10-21 20:00:00,0.4667
2025-10-21 21:00:00,0.4736
2025-10-21 22:00:00,0.4836
2025-10-21 23:00:00,0.4307
2025-10-22 00:00:00,0.3555
2025-10-22 01:00:00,0.3411
2025-10-22 02:00:00,0.418
2025-10-22 03:00:00,0.5563
2025-10-22 04:00:00,0.6883
2025-10-22 05:00:00,0.7705
2025-10-22 06:00:00,0.8305
2025-10-22 07:00:00,0.8741
2025-10-22 08:00:00,0.9051
2025-10-22 09:00:00,0.9245
2025-10-22 10:00:00,0.9299
2025-10-22 11:00:00,0.9263
2025-10-22 12:00:00,0.9146
2025-10-22 13:00:00,0.8888
2025-10-22 14:00:00,0.8434
2025-10-22 15:00:00,0.7865
2025-10-22 16:00:00,0.7387
2025-10-22 17:00:00,0.7044
2025-10-22 18:00:00,0.6656
2025-10-22 19:00:00,0.6037
2025-10-22 20:00:00,0.5389
2025-10-22 21:00:00,0.4675
2025-10-22 22:00:00,0.3642
2025-10-22 23:00:00,0.2862
2025-10-23 00:00:00,0.2528
2025-10-23 01:00:00,0.2406
2025-10-23 02:00:00,0.2487
2025-10-23 03:00:00,0.2505
2025-10-23 04:00:00,0.2497
2025-10-23 05:00:00,0.2694
2025-10-23 06:00:00,0.3252
2025-10-23 07:00:00,0.4156
2025-10-23 08:00:00,0.5042
2025-10-23 09:00:00,0.5584
2025-10-23 10:00:00,0.581
2025-10-23 11:00:00,0.5918
2025-10-23 12:00:00,0.5901
2025-10-23 13:00:00,0.5767
2025-10-23 14:00:00,0.5676
2025-10-23 15:00:00,0.5722
2025-10-23 16:00:00,0.5818
2025-10-23 17:00:00,0.5905
2025-10-23 18:00:00,0.6072
2025-10-23 19:00:00,0.6307
2025-10-23 20:00:00,0.6574
2025-10-23 21:00:00,0.6879
2025-10-23 22:00:00,0.7215
2025-10-23 23:00:00,0.7488
2025-10-24 00:00:00,0.7687
2025-10-24 01:00:00,0.7815
2025-10-24 02:00:00,0.7943
2025-10-24 03:00:00,0.7962
2025-10-24 04:00:00,0.7874
2025-10-24 05:00:00,0.7688
2025-10-24 06:00:00,0.7605
2025-10-24 07:00:00,0.774
2025-10-24 08:00:00,0.7888
2025-10-24 09:00:00,0.7891
2025-10-24 10:00:00,0.788
2025-10-24 11:00:00,0.7992
2025-10-24 12:00:00,0.8084
2025-10-24 13:00:00,0.8047
2025-10-24 14:00:00,0.7939
2025-10-24 15:00:00,0.7874
2025-10-24 16:00:00,0.7934
2025-10-24 17:00:00,0.803
2025-10-24 18:00:00,0.8046
2025-10-24 19:00:00,0.7964
2025-10-24 20:00:00,0.7813
2025-10-24 21:00:00,0.7548
2025-10-24 22:00:00,0.7147
2025-10-24 23:00:00,0.6635
2025-10-25 00:00:00,0.5983
2025-10-25 01:00:00,0.5247
2025-10-25 02:00:00,0.4701
2025-10-25 03:00:00,0.4401
2025-10-25 04:00:00,0.3962
2025-10-25 05:00:00,0.3439
2025-10-25 06:00:00,0.2984
2025-10-25 07:00:00,0.2715
2025-10-25 08:00:00,0.2562
2025-10-25 09:00:00,0.2439
2025-10-25 10:00:00,0.2279
2025-10-25 11:00:00,0.2137
2025-10-25 12:00:00,0.1962
2025-10-25 13:00:00,0.1695
2025-10-25 14:00:00,0.1401
2025-10-25 15:00:00,0.1347
2025-10-25 16:00:00,0.1581
2025-10-25 17:00:00,0.2057
2025-10-25 18:00:00,0.2578
2025-10-25 19:00:00,0.2964
2025-10-25 20:00:00,0.3154
2025-10-25 21:00:00,0.3354
2025-10-25 22:00:00,0.3626
2025-10-25 23:00:00,0.3902
2025-10-26 00:00:00,0.417
2025-10-26 01:00:00,0.4323
2025-10-26 02:00:00,0.4347
2025-10-26 03:00:00,0.4256
2025-10-26 04:00:00,0.4049
2025-10-26 05:00:00,0.3859
2025-10-26 06:00:00,0.3717
2025-10-26 07:00:00,0.3722
2025-10-26 08:00:00,0.3765
2025-10-26 09:00:00,0.3699
2025-10-26 10:00:00,0.3677
2025-10-26 11:00:00,0.3644
2025-10-26 12:00:00,0.3489
2025-10-26 13:00:00,0.3296
2025-10-26 14:00:00,0.3134
2025-10-26 15:00:00,0.3206
2025-10-26 16:00:00,0.3792
2025-10-26 17:00:00,0.4456
2025-10-26 18:00:00,0.4876
2025-10-26 19:00:00,0.5127
2025-10-26 20:00:00,0.5672
2025-10-26 21:00:00,0.6013
2025-10-26 22:00:00,0.5723
2025-10-26 23:00:00,0.5232
2025-10-27 00:00:00,0.5244
2025-10-27 01:00:00,0.5965
2025-10-27 02:00:00,0.6776
2025-10-27 03:00:00,0.7186
2025-10-27 04:00:00,0.7059
2025-10-27 05:00:00,0.7099
2025-10-27 06:00:00,0.7263
2025-10-27 07:00:00,0.7279
2025-10-27 08:00:00,0.7112
2025-10-27 09:00:00,0.68
2025-10-27 10:00:00,0.6156
2025-10-27 11:00:00,0.5054
2025-10-27 12:00:00,0.3645
2025-10-27 13:00:00,0.2619
2025-10-27 14:00:00,0.2213
2025-10-27 15:00:00,0.1972
2025-10-27 16:00:00,0.1655
2025-10-27 17:00:00,0.1749
2025-10-27 18:00:00,0.2891
2025-10-27 19:00:00,0.4895
2025-10-27 20:00:00,0.6689
2025-10-27 21:00:00,0.7751
2025-10-27 22:00:00,0.8399
2025-10-27 23:00:00,0.8813
2025-10-28 00:00:00,0.9056
2025-10-28 01:00:00,0.9165
2025-10-28 02:00:00,0.9268
2025-10-28 03:00:00,0.9436
2025-10-28 04:00:00,0.9603
2025-10-28 05:00:00,0.9719
2025-10-28 06:00:00,0.9765
2025-10-28 07:00:00,0.9761
2025-10-28 08:00:00,0.9752
2025-10-28 09:00:00,0.9722
2025-10-28 10:00:00,0.9646
2025-10-28 11:00:00,0.9509
2025-10-28 12:00:00,0.9326
2025-10-28 13:00:00,0.9071
2025-10-28 14:00:00,0.877
2025-10-28 15:00:00,0.8456
2025-10-28 16:00:00,0.8161
2025-10-28 17:00:00,0.7926
2025-10-28 18:00:00,0.7584
2025-10-28 19:00:00,0.7114
2025-10-28 20:00:00,0.6663
2025-10-28 21:00:00,0.6314
2025-10-28 22:00:00,0.5868
2025-10-28 23:00:00,0.5256
2025-10-29 00:00:00,0.4788
2025-10-29 01:00:00,0.4574
2025-10-29 02:00:00,0.4577
2025-10-29 03:00:00,0.4593
2025-10-29 04:00:00,0.4582
2025-10-29 05:00:00,0.4621
2025-10-29 06:00:00,0.4767
2025-10-29 07:00:00,0.4791
2025-10-29 08:00:00,0.4699
2025-10-29 09:00:00,0.4238
2025-10-29 10:00:00,0.3791
2025-10-29 11:00:00,0.3502
2025-10-29 12:00:00,0.3444
2025-10-29 13:00:00,0.3397
2025-10-29 14:00:00,0.3215
2025-10-29 15:00:00,0.3135
2025-10-29 16:00:00,0.3107
2025-10-29 17:00:00,0.3257
2025-10-29 18:00:00,0.3915
2025-10-29 19:00:00,0.4441
2025-10-29 20:00:00,0.4588
2025-10-29 21:00:00,0.4664
2025-10-29 22:00:00,0.4784
2025-10-29 23:00:00,0.4569
2025-10-30 00:00:00,0.3989
2025-10-30 01:00:00,0.3585
2025-10-30 02:00:00,0.3316
2025-10-30 03:00:00,0.3208
2025-10-30 04:00:00,0.2985
2025-10-30 05:00:00,0.2706
2025-10-30 06:00:00,0.2415
2025-10-30 07:00:00,0.2085
2025-10-30 08:00:00,0.17
2025-10-30 09:00:00,0.1561
2025-10-30 10:00:00,0.1825
2025-10-30 11:00:00,0.2027
2025-10-30 12:00:00,0.1677
2025-10-30 13:00:00,0.1428
2025-10-30 14:00:00,0.1333
2025-10-30 15:00:00,0.1032
2025-10-30 16:00:00,0.0688
2025-10-30 17:00:00,0.0474
2025-10-30 18:00:00,0.0382
2025-10-30 19:00:00,0.0441
2025-10-30 20:00:00,0.0853
2025-10-30 21:00:00,0.1638
2025-10-30 22:00:00,0.2788
2025-10-30 23:00:00,0.3965
2025-10-31 00:00:00,0.4929
2025-10-31 01:00:00,0.5621
2025-10-31 02:00:00,0.612
2025-10-31 03:00:00,0.6429
2025-10-31 04:00:00,0.6496
2025-10-31 05:00:00,0.6506
2025-10-31 06:00:00,0.6665
2025-10-31 07:00:00,0.6934
2025-10-31 08:00:00,0.7356
2025-10-31 09:00:00,0.7803
2025-10-31 10:00:00,0.8181
2025-10-31 11:00:00,0.8419
2025-10-31 12:00:00,0.8495
2025-10-31 13:00:00,0.8417
2025-10-31 14:00:00,0.824
2025-10-31 15:00:00,0.8092
2025-10-31 16:00:00,0.7995
2025-10-31 17:00:00,0.7957
2025-10-31 18:00:00,0.7975
2025-10-31 19:00:00,0.7965
2025-10-31 20:00:00,0.7902
2025-10-31 21:00:00,0.7825
2025-10-31 22:00:00,0.7796
2025-10-31 23:00:00,0.782
2025-11-01 00:00:00,0.7913
2025-11-01 01:00:00,0.7973
2025-11-01 02:00:00,0.799
2025-11-01 03:00:00,0.7928
2025-11-01 04:00:00,0.7908
2025-11-01 05:00:00,0.8055
2025-11-01 06:00:00,0.8227
2025-11-01 07:00:00,0.8336
2025-11-01 08:00:00,0.8437
2025-11-01 09:00:00,0.845
2025-11-01 10:00:00,0.8296
2025-11-01 11:00:00,0.8026
2025-11-01 12:00:00,0.7649
2025-11-01 13:00:00,0.7245
2025-11-01 14:00:00,0.6805
2025-11-01 15:00:00,0.654
2025-11-01 16:00:00,0.6515
2025-11-01 17:00:00,0.6536
2025-11-01 18:00:00,0.6589
2025-11-01 19:00:00,0.667
2025-11-01 20:00:00,0.6508
2025-11-01 21:00:00,0.6446
2025-11-01 22:00:00,0.6648
2025-11-01 23:00:00,0.6887
2025-11-02 00:00:00,0.6923
2025-11-02 01:00:00,0.6789
2025-11-02 02:00:00,0.6652
2025-11-02 03:00:00,0.644
2025-11-02 04:00:00,0.5948
2025-11-02 05:00:00,0.5407
2025-11-02 06:00:00,0.4992
2025-11-02 07:00:00,0.4303
2025-11-02 08:00:00,0.3034
2025-11-02 09:00:00,0.1987
2025-11-02 10:00:00,0.1262
2025-11-02 11:00:00,0.0875
2025-11-02 12:00:00,0.0586
2025-11-02 13:00:00,0.0441
2025-11-02 14:00:00,0.0438
2025-11-02 15:00:00,0.0574
2025-11-02 16:00:00,0.0816
2025-11-02 17:00:00,0.1011
2025-11-02 18:00:00,0.1154
2025-11-02 19:00:00,0.1294
2025-11-02 20:00:00,0.1483
2025-11-02 21:00:00,0.1716
2025-11-02 22:00:00,0.1818
2025-11-02 23:00:00,0.1784
2025-11-03 00:00:00,0.1752
2025-11-03 01:00:00,0.1668
2025-11-03 02:00:00,0.1471
2025-11-03 03:00:00,0.1296
2025-11-03 04:00:00,0.1211
2025-11-03 05:00:00,0.1149
2025-11-03 06:00:00,0.1082
2025-11-03 07:00:00,0.1016
2025-11-03 08:00:00,0.099
2025-11-03 09:00:00,0.091
2025-11-03 10:00:00,0.0818
2025-11-03 11:00:00,0.0754
2025-11-03 12:00:00,0.0714
2025-11-03 13:00:00,0.0695
2025-11-03 14:00:00,0.0717
2025-11-03 15:00:00,0.0837
2025-11-03 16:00:00,0.1102
2025-11-03 17:00:00,0.1521
2025-11-03 18:00:00,0.1834
2025-11-03 19:00:00,0.2032
2025-11-03 20:00:00,0.2054
2025-11-03 21:00:00,0.1966
2025-11-03 22:00:00,0.1861
2025-11-03 23:00:00,0.179
2025-11-04 00:00:00,0.1835
2025-11-04 01:00:00,0.2081
2025-11-04 02:00:00,0.2499
2025-11-04 03:00:00,0.2978
2025-11-04 04:00:00,0.343
2025-11-04 05:00:00,0.3764
2025-11-04 06:00:00,0.4029
2025-11-04 07:00:00,0.427
2025-11-04 08:00:00,0.4406
2025-11-04 09:00:00,0.4348
2025-11-04 10:00:00,0.4155
2025-11-04 11:00:00,0.394
2025-11-04 12:00:00,0.3811
2025-11-04 13:00:00,0.3925
2025-11-04 14:00:00,0.4301
2025-11-04 15:00:00,0.4856
2025-11-04 16:00:00,0.5606
2025-11-04 17:00:00,0.6351
2025-11-04 18:00:00,0.6857
2025-11-04 19:00:00,0.7062
2025-11-04 20:00:00,0.6966
2025-11-04 21:00:00,0.6764
2025-11-04 22:00:00,0.6452
2025-11-04 23:00:00,0.6099
2025-11-05 00:00:00,0.5759
2025-11-05 01:00:00,0.5401
2025-11-05 02:00:00,0.5058
2025-11-05 03:00:00,0.481
2025-11-05 04:00:00,0.4663
2025-11-05 05:00:00,0.4616
2025-11-05 06:00:00,0.4673
2025-11-05 07:00:00,0.4714
2025-11-05 08:00:00,0.4558
2025-11-05 09:00:00,0.3855
2025-11-05 10:00:00,0.2821
2025-11-05 11:00:00,0.1744
2025-11-05 12:00:00,0.0958
2025-11-05 13:00:00,0.055
2025-11-05 14:00:00,0.0401
2025-11-05 15:00:00,0.0437
2025-11-05 16:00:00,0.0579
2025-11-05 17:00:00,0.0739
2025-11-05 18:00:00,0.0822
2025-11-05 19:00:00,0.0777
2025-11-05 20:00:00,0.0657
2025-11-05 21:00:00,0.0589
2025-11-05 22:00:00,0.0548
2025-11-05 23:00:00,0.0514
2025-11-06 00:00:00,0.0497
2025-11-06 01:00:00,0.0447
2025-11-06 02:00:00,0.0387
2025-11-06 03:00:00,0.033
2025-11-06 04:00:00,0.0323
2025-11-06 05:00:00,0.0396
2025-11-06 06:00:00,0.0506
2025-11-06 07:00:00,0.053
2025-11-06 08:00:00,0.0443
2025-11-06 09:00:00,0.0335
2025-11-06 10:00:00,0.0254
2025-11-06 11:00:00,0.0255
2025-11-06 12:00:00,0.052
2025-11-06 13:00:00,0.1129
2025-11-06 14:00:00,0.1513
2025-11-06 15:00:00,0.1386
2025-11-06 16:00:00,0.1235
2025-11-06 17:00:00,0.1074
2025-11-06 18:00:00,0.0764
2025-11-06 19:00:00,0.0468
2025-11-06 20:00:00,0.0294
2025-11-06 21:00:00,0.0213
2025-11-06 22:00:00,0.0199
2025-11-06 23:00:00,0.0321
2025-11-07 00:00:00,0.048
2025-11-07 01:00:00,0.0527
2025-11-07 02:00:00,0.0506
2025-11-07 03:00:00,0.0591
2025-11-07 04:00:00,0.0714
2025-11-07 05:00:00,0.0813
2025-11-07 06:00:00,0.0963
2025-11-07 07:00:00,0.12
2025-11-07 08:00:00,0.1414
2025-11-07 09:00:00,0.1532
2025-11-07 10:00:00,0.1736
2025-11-07 11:00:00,0.2129
2025-11-07 12:00:00,0.2468
2025-11-07 13:00:00,0.2696
2025-11-07 14:00:00,0.2894
2025-11-07 15:00:00,0.2838
2025-11-07 16:00:00,0.3053
2025-11-07 17:00:00,0.3839
2025-11-07 18:00:00,0.4607
2025-11-07 19:00:00,0.5208
2025-11-07 20:00:00,0.5685
2025-11-07 21:00:00,0.5998
2025-11-07 22:00:00,0.608
2025-11-07 23:00:00,0.5992
2025-11-08 00:00:00,0.5846
2025-11-08 01:00:00,0.5648
2025-11-08 02:00:00,0.5456
2025-11-08 03:00:00,0.5261
2025-11-08 04:00:00,0.5199
2025-11-08 05:00:00,0.5235
2025-11-08 06:00:00,0.5327
2025-11-08 07:00:00,0.5818
2025-11-08 08:00:00,0.6303
2025-11-08 09:00:00,0.6196
2025-11-08 10:00:00,0.5863
2025-11-08 11:00:00,0.5704
2025-11-08 12:00:00,0.5626
2025-11-08 13:00:00,0.5817
2025-11-08 14:00:00,0.6257
2025-11-08 15:00:00,0.6738
2025-11-08 16:00:00,0.7095
2025-11-08 17:00:00,0.7276
2025-11-08 18:00:00,0.722
2025-11-08 19:00:00,0.6844
2025-11-08 20:00:00,0.6137
2025-11-08 21:00:00,0.5292
2025-11-08 22:00:00,0.4818
2025-11-08 23:00:00,0.4752
2025-11-09 00:00:00,0.4783
2025-11-09 01:00:00,0.4842
2025-11-09 02:00:00,0.4846
2025-11-09 03:00:00,0.4604
2025-11-09 04:00:00,0.4154
2025-11-09 05:00:00,0.3608
2025-11-09 06:00:00,0.3086
2025-11-09 07:00:00,0.2701
2025-11-09 08:00:00,0.2474
2025-11-09 09:00:00,0.2441
2025-11-09 10:00:00,0.242
2025-11-09 11:00:00,0.2248
2025-11-09 12:00:00,0.202
2025-11-09 13:00:00,0.1807
2025-11-09 14:00:00,0.1581
2025-11-09 15:00:00,0.1573
2025-11-09 16:00:00,0.1633
2025-11-09 17:00:00,0.1728
2025-11-09 18:00:00,0.1823
2025-11-09 19:00:00,0.1888
2025-11-09 20:00:00,0.2011
2025-11-09 21:00:00,0.2228
2025-11-09 22:00:00,0.2477
2025-11-09 23:00:00,0.2636
2025-11-10 00:00:00,0.2711
2025-11-10 01:00:00,0.2789
2025-11-10 02:00:00,0.2816
2025-11-10 03:00:00,0.2762
2025-11-10 04:00:00,0.2741
2025-11-10 05:00:00,0.2848
2025-11-10 06:00:00,0.3162
2025-11-10 07:00:00,0.3677
2025-11-10 08:00:00,0.4302
2025-11-10 09:00:00,0.487
2025-11-10 10:00:00,0.5117
2025-11-10 11:00:00,0.4827
2025-11-10 12:00:00,0.4295
2025-11-10 13:00:00,0.39
2025-11-10 14:00:00,0.3655
2025-11-10 15:00:00,0.3561
2025-11-10 16:00:00,0.3517
2025-11-10 17:00:00,0.3478
2025-11-10 18:00:00,0.3435
2025-11-10 19:00:00,0.3844
2025-11-10 20:00:00,0.4914
2025-11-10 21:00:00,0.6158
2025-11-10 22:00:00,0.7134
2025-11-10 23:00:00,0.7987
2025-11-11 00:00:00,0.8574
2025-11-11 01:00:00,0.8989
2025-11-11 02:00:00,0.9268
2025-11-11 03:00:00,0.9545
2025-11-11 04:00:00,0.9801
2025-11-11 05:00:00,0.9832
2025-11-11 06:00:00,0.9834
2025-11-11 07:00:00,0.9843
2025-11-11 08:00:00,0.983
2025-11-11 09:00:00,0.9823
2025-11-11 10:00:00,0.9834
2025-11-11 11:00:00,0.9856
2025-11-11 12:00:00,0.9887
2025-11-11 13:00:00,0.9901
2025-11-11 14:00:00,0.9904
2025-11-11 15:00:00,0.9906
2025-11-11 16:00:00,0.991
2025-11-11 17:00:00,0.9911
2025-11-11 18:00:00,0.9907
2025-11-11 19:00:00,0.9903
2025-11-11 20:00:00,0.9895
2025-11-11 21:00:00,0.9866
2025-11-11 22:00:00,0.9803
2025-11-11 23:00:00,0.9734
2025-11-12 00:00:00,0.9677
2025-11-12 01:00:00,0.9587
2025-11-12 02:00:00,0.9518
2025-11-12 03:00:00,0.9421
2025-11-12 04:00:00,0.9245
2025-11-12 05:00:00,0.8991
2025-11-12 06:00:00,0.8695
2025-11-12 07:00:00,0.8425
2025-11-12 08:00:00,0.8058
2025-11-12 09:00:00,0.7547
2025-11-12 10:00:00,0.697
2025-11-12 11:00:00,0.653
2025-11-12 12:00:00,0.6113
2025-11-12 13:00:00,0.5791
2025-11-12 14:00:00,0.5642
2025-11-12 15:00:00,0.5545
2025-11-12 16:00:00,0.5419
2025-11-12 17:00:00,0.5445
2025-11-12 18:00:00,0.5558
2025-11-12 19:00:00,0.5429
2025-11-12 20:00:00,0.5184
2025-11-12 21:00:00,0.504
2025-11-12 22:00:00,0.501
2025-11-12 23:00:00,0.4941
2025-11-13 00:00:00,0.4947
2025-11-13 01:00:00,0.5007
2025-11-13 02:00:00,0.4991
2025-11-13 03:00:00,0.5175
2025-11-13 04:00:00,0.5744
2025-11-13 05:00:00,0.6277
2025-11-13 06:00:00,0.6428
2025-11-13 07:00:00,0.6336
2025-11-13 08:00:00,0.6086
2025-11-13 09:00:00,0.5747
2025-11-13 10:00:00,0.5702
2025-11-13 11:00:00,0.6023
2025-11-13 12:00:00,0.6297
2025-11-13 13:00:00,0.661
2025-11-13 14:00:00,0.6909
2025-11-13 15:00:00,0.7143
2025-11-13 16:00:00,0.7328
2025-11-13 17:00:00,0.7387
2025-11-13 18:00:00,0.7428
2025-11-13 19:00:00,0.7453
2025-11-13 20:00:00,0.7625
2025-11-13 21:00:00,0.7777
2025-11-13 22:00:00,0.7872
2025-11-13 23:00:00,0.8073
2025-11-14 00:00:00,0.8349
2025-11-14 01:00:00,0.8436
2025-11-14 02:00:00,0.8581
2025-11-14 03:00:00,0.8935
2025-11-14 04:00:00,0.9069
2025-11-14 05:00:00,0.9134
2025-11-14 06:00:00,0.9169
2025-11-14 07:00:00,0.91
2025-11-14 08:00:00,0.8852
2025-11-14 09:00:00,0.8415
2025-11-14 10:00:00,0.7883
2025-11-14 11:00:00,0.7515
2025-11-14 12:00:00,0.7413
2025-11-14 13:00:00,0.7414
2025-11-14 14:00:00,0.7396
2025-11-14 15:00:00,0.7327
2025-11-14 16:00:00,0.7292
2025-11-14 17:00:00,0.7253
2025-11-14 18:00:00,0.7168
2025-11-14 19:00:00,0.6978
2025-11-14 20:00:00,0.6587
2025-11-14 21:00:00,0.5976
2025-11-14 22:00:00,0.5303
2025-11-14 23:00:00,0.4653
2025-11-15 00:00:00,0.4052
2025-11-15 01:00:00,0.3457
2025-11-15 02:00:00,0.2911
2025-11-15 03:00:00,0.2517
2025-11-15 04:00:00,0.2317
2025-11-15 05:00:00,0.2407
2025-11-15 06:00:00,0.2752
2025-11-15 07:00:00,0.3285
2025-11-15 08:00:00,0.3949
2025-11-15 09:00:00,0.4524
2025-11-15 10:00:00,0.5034
2025-11-15 11:00:00,0.5593
2025-11-15 12:00:00,0.6174
2025-11-15 13:00:00,0.6687
2025-11-15 14:00:00,0.7108
2025-11-15 15:00:00,0.7496
2025-11-15 16:00:00,0.7945
2025-11-15 17:00:00,0.8416
2025-11-15 18:00:00,0.8839
2025-11-15 19:00:00,0.9121
2025-11-15 20:00:00,0.9272
2025-11-15 21:00:00,0.9335
2025-11-15 22:00:00,0.9356
2025-11-15 23:00:00,0.9351
2025-11-16 00:00:00,0.9353
2025-11-16 01:00:00,0.9355
2025-11-16 02:00:00,0.9342
2025-11-16 03:00:00,0.9337
2025-11-16 04:00:00,0.9371
2025-11-16 05:00:00,0.9434
2025-11-16 06:00:00,0.9491
2025-11-16 07:00:00,0.9523
2025-11-16 08:00:00,0.9541
2025-11-16 09:00:00,0.9516
2025-11-16 10:00:00,0.9423
2025-11-16 11:00:00,0.9289
2025-11-16 12:00:00,0.9164
2025-11-16 13:00:00,0.9088
2025-11-16 14:00:00,0.9007
2025-11-16 15:00:00,0.8966
2025-11-16 16:00:00,0.89
2025-11-16 17:00:00,0.8827
2025-11-16 18:00:00,0.8747
2025-11-16 19:00:00,0.8653
2025-11-16 20:00:00,0.8606
2025-11-16 21:00:00,0.867
2025-11-16 22:00:00,0.8839
2025-11-16 23:00:00,0.8968
2025-11-17 00:00:00,0.9089
2025-11-17 01:00:00,0.925
2025-11-17 02:00:00,0.9494
2025-11-17 03:00:00,0.968
2025-11-17 04:00:00,0.976
2025-11-17 05:00:00,0.9797
2025-11-17 06:00:00,0.9812
2025-11-17 07:00:00,0.9807
2025-11-17 08:00:00,0.9779
2025-11-17 09:00:00,0.9739
2025-11-17 10:00:00,0.9709
2025-11-17 11:00:00,0.9684
2025-11-17 12:00:00,0.9659
2025-11-17 13:00:00,0.9619
2025-11-17 14:00:00,0.9569
2025-11-17 15:00:00,0.9482
2025-11-17 16:00:00,0.9333
2025-11-17 17:00:00,0.9166
2025-11-17 18:00:00,0.9004
2025-11-17 19:00:00,0.893
2025-11-17 20:00:00,0.8886
2025-11-17 21:00:00,0.8941
2025-11-17 22:00:00,0.9136
2025-11-17 23:00:00,0.9276
2025-11-18 00:00:00,0.9347
2025-11-18 01:00:00,0.9372
2025-11-18 02:00:00,0.9408
2025-11-18 03:00:00,0.943
2025-11-18 04:00:00,0.9427
2025-11-18 05:00:00,0.9426
2025-11-18 06:00:00,0.9387
2025-11-18 07:00:00,0.9278
2025-11-18 08:00:00,0.9073
2025-11-18 09:00:00,0.8819
2025-11-18 10:00:00,0.8616
2025-11-18 11:00:00,0.846
2025-11-18 12:00:00,0.8297
2025-11-18 13:00:00,0.8016
2025-11-18 14:00:00,0.7672
2025-11-18 15:00:00,0.7249
2025-11-18 16:00:00,0.6552
2025-11-18 17:00:00,0.5453
2025-11-18 18:00:00,0.4134
2025-11-18 19:00:00,0.2973
2025-11-18 20:00:00,0.2075
2025-11-18 21:00:00,0.1481
2025-11-18 22:00:00,0.1247
2025-11-18 23:00:00,0.1092
2025-11-19 00:00:00,0.1245
2025-11-19 01:00:00,0.172
2025-11-19 02:00:00,0.2194
2025-11-19 03:00:00,0.2666
2025-11-19 04:00:00,0.3231
2025-11-19 05:00:00,0.3949
2025-11-19 06:00:00,0.4779
2025-11-19 07:00:00,0.571
2025-11-19 08:00:00,0.652
2025-11-19 09:00:00,0.6933
2025-11-19 10:00:00,0.7386
2025-11-19 11:00:00,0.7849
2025-11-19 12:00:00,0.8251
2025-11-19 13:00:00,0.855
2025-11-19 14:00:00,0.877
2025-11-19 15:00:00,0.8892
2025-11-19 16:00:00,0.8926
2025-11-19 17:00:00,0.8942
2025-11-19 18:00:00,0.9012
2025-11-19 19:00:00,0.9062
2025-11-19 20:00:00,0.9021
2025-11-19 21:00:00,0.8792
2025-11-19 22:00:00,0.8431
2025-11-19 23:00:00,0.7957
2025-11-20 00:00:00,0.7549
2025-11-20 01:00:00,0.7641
2025-11-20 02:00:00,0.7953
2025-11-20 03:00:00,0.8399
2025-11-20 04:00:00,0.8881
2025-11-20 05:00:00,0.9156
2025-11-20 06:00:00,0.9278
2025-11-20 07:00:00,0.9317
2025-11-20 08:00:00,0.9201
2025-11-20 09:00:00,0.8962
2025-11-20 10:00:00,0.872
2025-11-20 11:00:00,0.8574
2025-11-20 12:00:00,0.8619
2025-11-20 13:00:00,0.8704
2025-11-20 14:00:00,0.8926
2025-11-20 15:00:00,0.92
2025-11-20 16:00:00,0.9227
2025-11-20 17:00:00,0.9105
2025-11-20 18:00:00,0.8896
2025-11-20 19:00:00,0.8687
2025-11-20 20:00:00,0.8625
2025-11-20 21:00:00,0.8634
2025-11-20 22:00:00,0.891
2025-11-20 23:00:00,0.9237
2025-11-21 00:00:00,0.9434
2025-11-21 01:00:00,0.9512
2025-11-21 02:00:00,0.9583
2025-11-21 03:00:00,0.9603
2025-11-21 04:00:00,0.9562
2025-11-21 05:00:00,0.95
2025-11-21 06:00:00,0.9477
2025-11-21 07:00:00,0.9481
2025-11-21 08:00:00,0.9335
2025-11-21 09:00:00,0.9059
2025-11-21 10:00:00,0.8717
2025-11-21 11:00:00,0.8341
2025-11-21 12:00:00,0.7975
2025-11-21 13:00:00,0.7666
2025-11-21 14:00:00,0.7614
2025-11-21 15:00:00,0.7832
2025-11-21 16:00:00,0.8042
2025-11-21 17:00:00,0.8108
2025-11-21 18:00:00,0.8025
2025-11-21 19:00:00,0.771
2025-11-21 20:00:00,0.726
2025-11-21 21:00:00,0.6935
2025-11-21 22:00:00,0.6969
2025-11-21 23:00:00,0.7294
2025-11-22 00:00:00,0.786
2025-11-22 01:00:00,0.8508
2025-11-22 02:00:00,0.902
2025-11-22 03:00:00,0.9352
2025-11-22 04:00:00,0.9533
2025-11-22 05:00:00,0.9645
2025-11-22 06:00:00,0.9698
2025-11-22 07:00:00,0.9646
2025-11-22 08:00:00,0.9512
2025-11-22 09:00:00,0.9303
2025-11-22 10:00:00,0.9223
2025-11-22 11:00:00,0.9724
2025-11-22 12:00:00,0.9907
2025-11-22 13:00:00,0.99
2025-11-22 14:00:00,0.9826
2025-11-22 15:00:00,0.9502
2025-11-22 16:00:00,0.863
2025-11-22 17:00:00,0.7387
2025-11-22 18:00:00,0.676
2025-11-22 19:00:00,0.7246
2025-11-22 20:00:00,0.7974
2025-11-22 21:00:00,0.8241
2025-11-22 22:00:00,0.8152
2025-11-22 23:00:00,0.7895
2025-11-23 00:00:00,0.7697
2025-11-23 01:00:00,0.7468
2025-11-23 02:00:00,0.7101
2025-11-23 03:00:00,0.6832
2025-11-23 04:00:00,0.6849
2025-11-23 05:00:00,0.6943
2025-11-23 06:00:00,0.7374
2025-11-23 07:00:00,0.789
2025-11-23 08:00:00,0.8488
2025-11-23 09:00:00,0.904
2025-11-23 10:00:00,0.9485
2025-11-23 11:00:00,0.975
2025-11-23 12:00:00,0.978
2025-11-23 13:00:00,0.9616
2025-11-23 14:00:00,0.9343
2025-11-23 15:00:00,0.92
2025-11-23 16:00:00,0.9025
2025-11-23 17:00:00,0.879
2025-11-23 18:00:00,0.8876
2025-11-23 19:00:00,0.9148
2025-11-23 20:00:00,0.9517
2025-11-23 21:00:00,0.9571
2025-11-23 22:00:00,0.96
2025-11-23 23:00:00,0.9609
2025-11-24 00:00:00,0.9636
2025-11-24 01:00:00,0.969
2025-11-24 02:00:00,0.9687
2025-11-24 03:00:00,0.9642
2025-11-24 04:00:00,0.9574
2025-11-24 05:00:00,0.9488
2025-11-24 06:00:00,0.9377
2025-11-24 07:00:00,0.9068
2025-11-24 08:00:00,0.8901
2025-11-24 09:00:00,0.8894
2025-11-24 10:00:00,0.8781
2025-11-24 11:00:00,0.8298
2025-11-24 12:00:00,0.7901
2025-11-24 13:00:00,0.7988
2025-11-24 14:00:00,0.8401
2025-11-24 15:00:00,0.883
2025-11-24 16:00:00,0.8728
2025-11-24 17:00:00,0.8465
2025-11-24 18:00:00,0.8331
2025-11-24 19:00:00,0.8363
2025-11-24 20:00:00,0.8358
2025-11-24 21:00:00,0.8359
2025-11-24 22:00:00,0.8315
2025-11-24 23:00:00,0.8324
2025-11-25 00:00:00,0.861
2025-11-25 01:00:00,0.9122
2025-11-25 02:00:00,0.9526
2025-11-25 03:00:00,0.9776
2025-11-25 04:00:00,0.9839
2025-11-25 05:00:00,0.9858
2025-11-25 06:00:00,0.9861
2025-11-25 07:00:00,0.9851
2025-11-25 08:00:00,0.9809
2025-11-25 09:00:00,0.98
2025-11-25 10:00:00,0.9793
2025-11-25 11:00:00,0.9812
2025-11-25 12:00:00,0.9813
2025-11-25 13:00:00,0.9806
2025-11-25 14:00:00,0.9791
2025-11-25 15:00:00,0.9809
2025-11-25 16:00:00,0.9854
2025-11-25 17:00:00,0.9885
2025-11-25 18:00:00,0.9898
2025-11-25 19:00:00,0.9907
2025-11-25 20:00:00,0.9908
2025-11-25 21:00:00,0.9903
2025-11-25 22:00:00,0.9887
2025-11-25 23:00:00,0.9871
2025-11-26 00:00:00,0.9865
2025-11-26 01:00:00,0.9871
2025-11-26 02:00:00,0.988
2025-11-26 03:00:00,0.988
2025-11-26 04:00:00,0.9876
2025-11-26 05:00:00,0.9857
2025-11-26 06:00:00,0.9818
2025-11-26 07:00:00,0.9752
2025-11-26 08:00:00,0.9654
2025-11-26 09:00:00,0.9539
2025-11-26 10:00:00,0.9447
2025-11-26 11:00:00,0.9365
2025-11-26 12:00:00,0.929
2025-11-26 13:00:00,0.9245
2025-11-26 14:00:00,0.9121
2025-11-26 15:00:00,0.8956
2025-11-26 16:00:00,0.8685
2025-11-26 17:00:00,0.8368
2025-11-26 18:00:00,0.801
2025-11-26 19:00:00,0.7666
2025-11-26 20:00:00,0.72
2025-11-26 21:00:00,0.6632
2025-11-26 22:00:00,0.5759
2025-11-26 23:00:00,0.4693
2025-11-27 00:00:00,0.3607
2025-11-27 01:00:00,0.2604
2025-11-27 02:00:00,0.1883
2025-11-27 03:00:00,0.179
2025-11-27 04:00:00,0.2192
2025-11-27 05:00:00,0.3011
2025-11-27 06:00:00,0.3868
2025-11-27 07:00:00,0.4696
2025-11-27 08:00:00,0.6077
2025-11-27 09:00:00,0.7983
2025-11-27 10:00:00,0.9209
2025-11-27 11:00:00,0.968
2025-11-27 12:00:00,0.9833
2025-11-27 13:00:00,0.9791
2025-11-27 14:00:00,0.9753
2025-11-27 15:00:00,0.9773
2025-11-27 16:00:00,0.9282
2025-11-27 17:00:00,0.8853
2025-11-27 18:00:00,0.9523
2025-11-27 19:00:00,0.9687
2025-11-27 20:00:00,0.9381
2025-11-27 21:00:00,0.9027
2025-11-27 22:00:00,0.9422
2025-11-27 23:00:00,0.9749
2025-11-28 00:00:00,0.9824
2025-11-28 01:00:00,0.9828
2025-11-28 02:00:00,0.9815
2025-11-28 03:00:00,0.9783
2025-11-28 04:00:00,0.9722
2025-11-28 05:00:00,0.9645
2025-11-28 06:00:00,0.9539
2025-11-28 07:00:00,0.9377
2025-11-28 08:00:00,0.9164
2025-11-28 09:00:00,0.895
2025-11-28 10:00:00,0.8737
2025-11-28 11:00:00,0.8458
2025-11-28 12:00:00,0.7999
2025-11-28 13:00:00,0.7222
2025-11-28 14:00:00,0.6233
2025-11-28 15:00:00,0.5311
2025-11-28 16:00:00,0.4481
2025-11-28 17:00:00,0.3528
2025-11-28 18:00:00,0.2418
2025-11-28 19:00:00,0.1523
2025-11-28 20:00:00,0.0871
2025-11-28 21:00:00,0.0408
2025-11-28 22:00:00,0.0329
2025-11-28 23:00:00,0.0795
2025-11-29 00:00:00,0.1672
2025-11-29 01:00:00,0.2615
2025-11-29 02:00:00,0.363
2025-11-29 03:00:00,0.4555
2025-11-29 04:00:00,0.5388
2025-11-29 05:00:00,0.6107
2025-11-29 06:00:00,0.6709
2025-11-29 07:00:00,0.7246
2025-11-29 08:00:00,0.7756
2025-11-29 09:00:00,0.817
2025-11-29 10:00:00,0.8452
2025-11-29 11:00:00,0.8633
2025-11-29 12:00:00,0.8729
2025-11-29 13:00:00,0.8789
2025-11-29 14:00:00,0.8854
2025-11-29 15:00:00,0.8989
2025-11-29 16:00:00,0.9216
2025-11-29 17:00:00,0.9442
2025-11-29 18:00:00,0.9603
2025-11-29 19:00:00,0.9692
2025-11-29 20:00:00,0.9735
2025-11-29 21:00:00,0.9752
2025-11-29 22:00:00,0.9754
2025-11-29 23:00:00,0.9736
2025-11-30 00:00:00,0.9703
2025-11-30 01:00:00,0.9662
2025-11-30 02:00:00,0.9614
2025-11-30 03:00:00,0.9556
2025-11-30 04:00:00,0.9482
2025-11-30 05:00:00,0.9401
2025-11-30 06:00:00,0.9308
2025-11-30 07:00:00,0.9221
2025-11-30 08:00:00,0.9141
2025-11-30 09:00:00,0.9015
2025-11-30 10:00:00,0.8848
2025-11-30 11:00:00,0.8604
2025-11-30 12:00:00,0.8317
2025-11-30 13:00:00,0.8102
2025-11-30 14:00:00,0.7949
2025-11-30 15:00:00,0.7942
2025-11-30 16:00:00,0.8035
2025-11-30 17:00:00,0.8161
2025-11-30 18:00:00,0.829
2025-11-30 19:00:00,0.846
2025-11-30 20:00:00,0.8565
2025-11-30 21:00:00,0.854
2025-11-30 22:00:00,0.849
2025-11-30 23:00:00,0.8488
2025-12-01 00:00:00,0.8499
2025-12-01 01:00:00,0.8519
2025-12-01 02:00:00,0.8547
2025-12-01 03:00:00,0.8599
2025-12-01 04:00:00,0.8749
2025-12-01 05:00:00,0.8958
2025-12-01 06:00:00,0.9166
2025-12-01 07:00:00,0.9355
2025-12-01 08:00:00,0.9473
2025-12-01 09:00:00,0.9442
2025-12-01 10:00:00,0.9355
2025-12-01 11:00:00,0.93
2025-12-01 12:00:00,0.9303
2025-12-01 13:00:00,0.9417
2025-12-01 14:00:00,0.956
2025-12-01 15:00:00,0.9673
2025-12-01 16:00:00,0.974
2025-12-01 17:00:00,0.9747
2025-12-01 18:00:00,0.9754
2025-12-01 19:00:00,0.9735
2025-12-01 20:00:00,0.9738
2025-12-01 21:00:00,0.97
2025-12-01 22:00:00,0.9667
2025-12-01 23:00:00,0.9623
2025-12-02 00:00:00,0.9545
2025-12-02 01:00:00,0.9433
2025-12-02 02:00:00,0.9375
2025-12-02 03:00:00,0.9482
2025-12-02 04:00:00,0.9464
2025-12-02 05:00:00,0.9476
2025-12-02 06:00:00,0.9376
2025-12-02 07:00:00,0.9235
2025-12-02 08:00:00,0.9084
2025-12-02 09:00:00,0.9007
2025-12-02 10:00:00,0.893
2025-12-02 11:00:00,0.8763
2025-12-02 12:00:00,0.8483
2025-12-02 13:00:00,0.8133
2025-12-02 14:00:00,0.7778
2025-12-02 15:00:00,0.7394
2025-12-02 16:00:00,0.701
2025-12-02 17:00:00,0.6744
2025-12-02 18:00:00,0.6976
2025-12-02 19:00:00,0.751
2025-12-02 20:00:00,0.8239
2025-12-02 21:00:00,0.9244
2025-12-02 22:00:00,0.9758
2025-12-02 23:00:00,0.9869
2025-12-03 00:00:00,0.9866
2025-12-03 01:00:00,0.9813
2025-12-03 02:00:00,0.9723
2025-12-03 03:00:00,0.9615
2025-12-03 04:00:00,0.9538
2025-12-03 05:00:00,0.9513
2025-12-03 06:00:00,0.9489
2025-12-03 07:00:00,0.943
2025-12-03 08:00:00,0.9292
2025-12-03 09:00:00,0.9071
2025-12-03 10:00:00,0.877
2025-12-03 11:00:00,0.8407
2025-12-03 12:00:00,0.8019
2025-12-03 13:00:00,0.7657
2025-12-03 14:00:00,0.7472
2025-12-03 15:00:00,0.7475
2025-12-03 16:00:00,0.7588
2025-12-03 17:00:00,0.7574
2025-12-03 18:00:00,0.7223
2025-12-03 19:00:00,0.6462
2025-12-03 20:00:00,0.5495
2025-12-03 21:00:00,0.4949
2025-12-03 22:00:00,0.4852
2025-12-03 23:00:00,0.4221
2025-12-04 00:00:00,0.2911
2025-12-04 01:00:00,0.195
2025-12-04 02:00:00,0.2097
2025-12-04 03:00:00,0.2701
2025-12-04 04:00:00,0.2888
2025-12-04 05:00:00,0.2925
2025-12-04 06:00:00,0.2846
2025-12-04 07:00:00,0.278
2025-12-04 08:00:00,0.2994
2025-12-04 09:00:00,0.3048
2025-12-04 10:00:00,0.2679
2025-12-04 11:00:00,0.2001
2025-12-04 12:00:00,0.1539
2025-12-04 13:00:00,0.1513
2025-12-04 14:00:00,0.1412
2025-12-04 15:00:00,0.1656
2025-12-04 16:00:00,0.2599
2025-12-04 17:00:00,0.3999
2025-12-04 18:00:00,0.5801
2025-12-04 19:00:00,0.7536
2025-12-04 20:00:00,0.8563
2025-12-04 21:00:00,0.9084
2025-12-04 22:00:00,0.9317
2025-12-04 23:00:00,0.9462
2025-12-05 00:00:00,0.9611
2025-12-05 01:00:00,0.9748
2025-12-05 02:00:00,0.9831
2025-12-05 03:00:00,0.9866
2025-12-05 04:00:00,0.987
2025-12-05 05:00:00,0.9848
2025-12-05 06:00:00,0.985
2025-12-05 07:00:00,0.985
2025-12-05 08:00:00,0.9841
2025-12-05 09:00:00,0.9853
2025-12-05 10:00:00,0.9876
2025-12-05 11:00:00,0.9863
2025-12-05 12:00:00,0.9766
2025-12-05 13:00:00,0.9624
2025-12-05 14:00:00,0.9486
2025-12-05 15:00:00,0.9247
2025-12-05 16:00:00,0.9153
2025-12-05 17:00:00,0.9381
2025-12-05 18:00:00,0.9627
2025-12-05 19:00:00,0.9722
2025-12-05 20:00:00,0.9792
2025-12-05 21:00:00,0.9859
2025-12-05 22:00:00,0.9759
2025-12-05 23:00:00,0.9721
2025-12-06 00:00:00,0.9619
2025-12-06 01:00:00,0.9439
2025-12-06 02:00:00,0.8787
2025-12-06 03:00:00,0.7691
2025-12-06 04:00:00,0.6336
2025-12-06 05:00:00,0.6806
2025-12-06 06:00:00,0.7852
2025-12-06 07:00:00,0.8593
2025-12-06 08:00:00,0.9138
2025-12-06 09:00:00,0.9407
2025-12-06 10:00:00,0.9528
2025-12-06 11:00:00,0.9705
2025-12-06 12:00:00,0.9881
2025-12-06 13:00:00,0.986
2025-12-06 14:00:00,0.95
2025-12-06 15:00:00,0.8773
2025-12-06 16:00:00,0.7669
2025-12-06 17:00:00,0.6016
2025-12-06 18:00:00,0.4449
2025-12-06 19:00:00,0.4592
2025-12-06 20:00:00,0.6131
2025-12-06 21:00:00,0.7736
2025-12-06 22:00:00,0.8814
2025-12-06 23:00:00,0.9423
2025-12-07 00:00:00,0.9719
2025-12-07 01:00:00,0.9789
2025-12-07 02:00:00,0.9728
2025-12-07 03:00:00,0.9732
2025-12-07 04:00:00,0.9783
2025-12-07 05:00:00,0.9839
2025-12-07 06:00:00,0.9852
2025-12-07 07:00:00,0.9863
2025-12-07 08:00:00,0.9876
2025-12-07 09:00:00,0.9861
2025-12-07 10:00:00,0.9772
2025-12-07 11:00:00,0.9587
2025-12-07 12:00:00,0.9308
2025-12-07 13:00:00,0.8945
2025-12-07 14:00:00,0.8263
2025-12-07 15:00:00,0.666
2025-12-07 16:00:00,0.5274
2025-12-07 17:00:00,0.4995
2025-12-07 18:00:00,0.5566
2025-12-07 19:00:00,0.6635
2025-12-07 20:00:00,0.7715
2025-12-07 21:00:00,0.8437
2025-12-07 22:00:00,0.8752
2025-12-07 23:00:00,0.8886
2025-12-08 00:00:00,0.9004
2025-12-08 01:00:00,0.9159
2025-12-08 02:00:00,0.9352
2025-12-08 03:00:00,0.9568
2025-12-08 04:00:00,0.9723
2025-12-08 05:00:00,0.9793
2025-12-08 06:00:00,0.9821
2025-12-08 07:00:00,0.9817
2025-12-08 08:00:00,0.9801
2025-12-08 09:00:00,0.9788
2025-12-08 10:00:00,0.9788
2025-12-08 11:00:00,0.9799
2025-12-08 12:00:00,0.9818
2025-12-08 13:00:00,0.9848
2025-12-08 14:00:00,0.9873
2025-12-08 15:00:00,0.9887
2025-12-08 16:00:00,0.9885
2025-12-08 17:00:00,0.9877
2025-12-08 18:00:00,0.9877
2025-12-08 19:00:00,0.9888
2025-12-08 20:00:00,0.9896
2025-12-08 21:00:00,0.9896
2025-12-08 22:00:00,0.9887
2025-12-08 23:00:00,0.9878
2025-12-09 00:00:00,0.9872
2025-12-09 01:00:00,0.9875
2025-12-09 02:00:00,0.988
2025-12-09 03:00:00,0.9888
2025-12-09 04:00:00,0.9898
2025-12-09 05:00:00,0.9904
2025-12-09 06:00:00,0.9907
2025-12-09 07:00:00,0.991
2025-12-09 08:00:00,0.9913
2025-12-09 09:00:00,0.9915
2025-12-09 10:00:00,0.9917
2025-12-09 11:00:00,0.9916
2025-12-09 12:00:00,0.9913
2025-12-09 13:00:00,0.9908
2025-12-09 14:00:00,0.9905
2025-12-09 15:00:00,0.9904
2025-12-09 16:00:00,0.9902
2025-12-09 17:00:00,0.9899
2025-12-09 18:00:00,0.9893
2025-12-09 19:00:00,0.9881
2025-12-09 20:00:00,0.9862
2025-12-09 21:00:00,0.9832
2025-12-09 22:00:00,0.9785
2025-12-09 23:00:00,0.9707
2025-12-10 00:00:00,0.9597
2025-12-10 01:00:00,0.9494
2025-12-10 02:00:00,0.9435
2025-12-10 03:00:00,0.9441
2025-12-10 04:00:00,0.9454
2025-12-10 05:00:00,0.9432
2025-12-10 06:00:00,0.937
2025-12-10 07:00:00,0.9279
2025-12-10 08:00:00,0.9156
2025-12-10 09:00:00,0.901
2025-12-10 10:00:00,0.884
2025-12-10 11:00:00,0.8664
2025-12-10 12:00:00,0.8582
2025-12-10 13:00:00,0.8604
2025-12-10 14:00:00,0.8683
2025-12-10 15:00:00,0.8759
2025-12-10 16:00:00,0.8756
2025-12-10 17:00:00,0.8592
2025-12-10 18:00:00,0.8267
2025-12-10 19:00:00,0.7809
2025-12-10 20:00:00,0.7314
2025-12-10 21:00:00,0.6784
2025-12-10 22:00:00,0.6335
2025-12-10 23:00:00,0.5902
2025-12-11 00:00:00,0.544
2025-12-11 01:00:00,0.496
2025-12-11 02:00:00,0.4519
2025-12-11 03:00:00,0.4337
2025-12-11 04:00:00,0.4419
2025-12-11 05:00:00,0.4601
2025-12-11 06:00:00,0.4669
2025-12-11 07:00:00,0.4448
2025-12-11 08:00:00,0.4011
2025-12-11 09:00:00,0.3691
2025-12-11 10:00:00,0.3377
2025-12-11 11:00:00,0.318
2025-12-11 12:00:00,0.3377
2025-12-11 13:00:00,0.3961
2025-12-11 14:00:00,0.4754
2025-12-11 15:00:00,0.5468
2025-12-11 16:00:00,0.5977
2025-12-11 17:00:00,0.6325
2025-12-11 18:00:00,0.6466
2025-12-11 19:00:00,0.6423
2025-12-11 20:00:00,0.625
2025-12-11 21:00:00,0.5975
2025-12-11 22:00:00,0.5647
2025-12-11 23:00:00,0.5289
2025-12-12 00:00:00,0.5013
2025-12-12 01:00:00,0.4854
2025-12-12 02:00:00,0.4721
2025-12-12 03:00:00,0.4534
2025-12-12 04:00:00,0.429
2025-12-12 05:00:00,0.4124
2025-12-12 06:00:00,0.4075
2025-12-12 07:00:00,0.4111
2025-12-12 08:00:00,0.4193
2025-12-12 09:00:00,0.4202
2025-12-12 10:00:00,0.4051
2025-12-12 11:00:00,0.3836
2025-12-12 12:00:00,0.3688
2025-12-12 13:00:00,0.3631
2025-12-12 14:00:00,0.3676
2025-12-12 15:00:00,0.3949
2025-12-12 16:00:00,0.4321
2025-12-12 17:00:00,0.4639
2025-12-12 18:00:00,0.4831
2025-12-12 19:00:00,0.4851
2025-12-12 20:00:00,0.4717
2025-12-12 21:00:00,0.4461
2025-12-12 22:00:00,0.4222
2025-12-12 23:00:00,0.4072
2025-12-13 00:00:00,0.4065
2025-12-13 01:00:00,0.4171
2025-12-13 02:00:00,0.4371
2025-12-13 03:00:00,0.46
2025-12-13 04:00:00,0.4749
2025-12-13 05:00:00,0.4762
2025-12-13 06:00:00,0.4638
2025-12-13 07:00:00,0.4396
2025-12-13 08:00:00,0.4057
2025-12-13 09:00:00,0.3713
2025-12-13 10:00:00,0.3478
2025-12-13 11:00:00,0.3306
2025-12-13 12:00:00,0.3138
2025-12-13 13:00:00,0.2878
2025-12-13 14:00:00,0.2552
2025-12-13 15:00:00,0.2344
2025-12-13 16:00:00,0.2298
2025-12-13 17:00:00,0.2399
2025-12-13 18:00:00,0.292
2025-12-13 19:00:00,0.3705
2025-12-13 20:00:00,0.4575
2025-12-13 21:00:00,0.5161
2025-12-13 22:00:00,0.5452
2025-12-13 23:00:00,0.5527
2025-12-14 00:00:00,0.5537
2025-12-14 01:00:00,0.5657
2025-12-14 02:00:00,0.6205
2025-12-14 03:00:00,0.7158
2025-12-14 04:00:00,0.7703
2025-12-14 05:00:00,0.7755
2025-12-14 06:00:00,0.7745
2025-12-14 07:00:00,0.7725
2025-12-14 08:00:00,0.7748
2025-12-14 09:00:00,0.8001
2025-12-14 10:00:00,0.8213
2025-12-14 11:00:00,0.8459
2025-12-14 12:00:00,0.884
2025-12-14 13:00:00,0.9075
2025-12-14 14:00:00,0.9071
2025-12-14 15:00:00,0.9153
2025-12-14 16:00:00,0.9252
2025-12-14 17:00:00,0.918
2025-12-14 18:00:00,0.902
2025-12-14 19:00:00,0.8934
2025-12-14 20:00:00,0.9028
2025-12-14 21:00:00,0.9102
2025-12-14 22:00:00,0.9103
2025-12-14 23:00:00,0.9064
2025-12-15 00:00:00,0.8976
2025-12-15 01:00:00,0.894
2025-12-15 02:00:00,0.9027
2025-12-15 03:00:00,0.9004
2025-12-15 04:00:00,0.895
2025-12-15 05:00:00,0.9091
2025-12-15 06:00:00,0.93
2025-12-15 07:00:00,0.9436
2025-12-15 08:00:00,0.945
2025-12-15 09:00:00,0.9408
2025-12-15 10:00:00,0.9413
2025-12-15 11:00:00,0.9541
2025-12-15 12:00:00,0.9621
2025-12-15 13:00:00,0.9649
2025-12-15 14:00:00,0.9632
2025-12-15 15:00:00,0.965
2025-12-15 16:00:00,0.9676
2025-12-15 17:00:00,0.9723
2025-12-15 18:00:00,0.9803
2025-12-15 19:00:00,0.9851
2025-12-15 20:00:00,0.9871
2025-12-15 21:00:00,0.9884
2025-12-15 22:00:00,0.9875
2025-12-15 23:00:00,0.9834
2025-12-16 00:00:00,0.9829
2025-12-16 01:00:00,0.9831
2025-12-16 02:00:00,0.9842
2025-12-16 03:00:00,0.9855
2025-12-16 04:00:00,0.987
2025-12-16 05:00:00,0.9878
2025-12-16 06:00:00,0.9879
2025-12-16 07:00:00,0.9875
2025-12-16 08:00:00,0.9868
2025-12-16 09:00:00,0.9869
2025-12-16 10:00:00,0.9871
2025-12-16 11:00:00,0.987
2025-12-16 12:00:00,0.9872
2025-12-16 13:00:00,0.9875
2025-12-16 14:00:00,0.9865
2025-12-16 15:00:00,0.9855
2025-12-16 16:00:00,0.983
2025-12-16 17:00:00,0.9857
2025-12-16 18:00:00,0.9859
2025-12-16 19:00:00,0.9865
2025-12-16 20:00:00,0.9872
2025-12-16 21:00:00,0.9873
2025-12-16 22:00:00,0.9865
2025-12-16 23:00:00,0.9842
2025-12-17 00:00:00,0.9829
2025-12-17 01:00:00,0.9808
2025-12-17 02:00:00,0.972
2025-12-17 03:00:00,0.9573
2025-12-17 04:00:00,0.9366
2025-12-17 05:00:00,0.9202
2025-12-17 06:00:00,0.9157
2025-12-17 07:00:00,0.9154
2025-12-17 08:00:00,0.9057
2025-12-17 09:00:00,0.8789
2025-12-17 10:00:00,0.8466
2025-12-17 11:00:00,0.8203
2025-12-17 12:00:00,0.7968
2025-12-17 13:00:00,0.7761
2025-12-17 14:00:00,0.7626
2025-12-17 15:00:00,0.7853
2025-12-17 16:00:00,0.8463
2025-12-17 17:00:00,0.917
2025-12-17 18:00:00,0.9572
2025-12-17 19:00:00,0.9771
2025-12-17 20:00:00,0.9848
2025-12-17 21:00:00,0.9883
2025-12-17 22:00:00,0.9907
2025-12-17 23:00:00,0.9911
2025-12-18 00:00:00,0.9906
2025-12-18 01:00:00,0.9903
2025-12-18 02:00:00,0.9899
2025-12-18 03:00:00,0.9877
2025-12-18 04:00:00,0.9854
2025-12-18 05:00:00,0.9832
2025-12-18 06:00:00,0.9794
2025-12-18 07:00:00,0.9739
2025-12-18 08:00:00,0.9609
2025-12-18 09:00:00,0.9388
2025-12-18 10:00:00,0.9203
2025-12-18 11:00:00,0.9097
2025-12-18 12:00:00,0.9196
2025-12-18 13:00:00,0.9382
2025-12-18 14:00:00,0.9572
2025-12-18 15:00:00,0.9783
2025-12-18 16:00:00,0.9878
2025-12-18 17:00:00,0.9863
2025-12-18 18:00:00,0.9806
2025-12-18 19:00:00,0.9686
2025-12-18 20:00:00,0.9488
2025-12-18 21:00:00,0.9066
2025-12-18 22:00:00,0.7981
2025-12-18 23:00:00,0.7033
2025-12-19 00:00:00,0.72
2025-12-19 01:00:00,0.7801
2025-12-19 02:00:00,0.869
2025-12-19 03:00:00,0.9528
2025-12-19 04:00:00,0.9789
2025-12-19 05:00:00,0.9701
2025-12-19 06:00:00,0.9766
2025-12-19 07:00:00,0.9782
2025-12-19 08:00:00,0.9774
2025-12-19 09:00:00,0.9744
2025-12-19 10:00:00,0.9754
2025-12-19 11:00:00,0.9789
2025-12-19 12:00:00,0.9829
2025-12-19 13:00:00,0.9869
2025-12-19 14:00:00,0.9899
2025-12-19 15:00:00,0.9911
2025-12-19 16:00:00,0.9903
2025-12-19 17:00:00,0.9851
2025-12-19 18:00:00,0.9765
2025-12-19 19:00:00,0.9722
2025-12-19 20:00:00,0.972
2025-12-19 21:00:00,0.978
2025-12-19 22:00:00,0.985
2025-12-19 23:00:00,0.9878
2025-12-20 00:00:00,0.9889
2025-12-20 01:00:00,0.9893
2025-12-20 02:00:00,0.9891
2025-12-20 03:00:00,0.9845
2025-12-20 04:00:00,0.9739
2025-12-20 05:00:00,0.9616
2025-12-20 06:00:00,0.9526
2025-12-20 07:00:00,0.9389
2025-12-20 08:00:00,0.9238
2025-12-20 09:00:00,0.9204
2025-12-20 10:00:00,0.9273
2025-12-20 11:00:00,0.9427
2025-12-20 12:00:00,0.954
2025-12-20 13:00:00,0.9598
2025-12-20 14:00:00,0.9628
2025-12-20 15:00:00,0.9694
2025-12-20 16:00:00,0.9754
2025-12-20 17:00:00,0.9787
2025-12-20 18:00:00,0.9815
2025-12-20 19:00:00,0.9849
2025-12-20 20:00:00,0.9845
2025-12-20 21:00:00,0.9785
2025-12-20 22:00:00,0.963
2025-12-20 23:00:00,0.9427
2025-12-21 00:00:00,0.9227
2025-12-21 01:00:00,0.903
2025-12-21 02:00:00,0.884
2025-12-21 03:00:00,0.8707
2025-12-21 04:00:00,0.8784
2025-12-21 05:00:00,0.9168
2025-12-21 06:00:00,0.9467
2025-12-21 07:00:00,0.9658
2025-12-21 08:00:00,0.9818
2025-12-21 09:00:00,0.9888
2025-12-21 10:00:00,0.986
2025-12-21 11:00:00,0.9718
2025-12-21 12:00:00,0.9627
2025-12-21 13:00:00,0.9748
2025-12-21 14:00:00,0.9854
2025-12-21 15:00:00,0.9901
2025-12-21 16:00:00,0.9914
2025-12-21 17:00:00,0.9908
2025-12-21 18:00:00,0.9904
2025-12-21 19:00:00,0.9907
2025-12-21 20:00:00,0.9909
2025-12-21 21:00:00,0.9906
2025-12-21 22:00:00,0.988
2025-12-21 23:00:00,0.9862
2025-12-22 00:00:00,0.9882
2025-12-22 01:00:00,0.9882
2025-12-22 02:00:00,0.9867
2025-12-22 03:00:00,0.9874
2025-12-22 04:00:00,0.9867
2025-12-22 05:00:00,0.9861
2025-12-22 06:00:00,0.9858
2025-12-22 07:00:00,0.9859
2025-12-22 08:00:00,0.9867
2025-12-22 09:00:00,0.9867
2025-12-22 10:00:00,0.9863
2025-12-22 11:00:00,0.9857
2025-12-22 12:00:00,0.985
2025-12-22 13:00:00,0.9818
2025-12-22 14:00:00,0.9817
2025-12-22 15:00:00,0.984
2025-12-22 16:00:00,0.9835
2025-12-22 17:00:00,0.9804
2025-12-22 18:00:00,0.974
2025-12-22 19:00:00,0.9654
2025-12-22 20:00:00,0.9574
2025-12-22 21:00:00,0.9656
2025-12-22 22:00:00,0.969
2025-12-22 23:00:00,0.9551
2025-12-23 00:00:00,0.9375
2025-12-23 01:00:00,0.9291
2025-12-23 02:00:00,0.9308
2025-12-23 03:00:00,0.9409
2025-12-23 04:00:00,0.9553
2025-12-23 05:00:00,0.9665
2025-12-23 06:00:00,0.9734
2025-12-23 07:00:00,0.9793
2025-12-23 08:00:00,0.985
2025-12-23 09:00:00,0.9873
2025-12-23 10:00:00,0.9886
2025-12-23 11:00:00,0.9883
2025-12-23 12:00:00,0.986
2025-12-23 13:00:00,0.9819
2025-12-23 14:00:00,0.9746
2025-12-23 15:00:00,0.9644
2025-12-23 16:00:00,0.9535
2025-12-23 17:00:00,0.9351
2025-12-23 18:00:00,0.9028
2025-12-23 19:00:00,0.8494
2025-12-23 20:00:00,0.7823
2025-12-23 21:00:00,0.7059
2025-12-23 22:00:00,0.6065
2025-12-23 23:00:00,0.5054
2025-12-24 00:00:00,0.4469
2025-12-24 01:00:00,0.4968
2025-12-24 02:00:00,0.6231
2025-12-24 03:00:00,0.7199
2025-12-24 04:00:00,0.7479
2025-12-24 05:00:00,0.7442
2025-12-24 06:00:00,0.7945
2025-12-24 07:00:00,0.8388
2025-12-24 08:00:00,0.8636
2025-12-24 09:00:00,0.8596
2025-12-24 10:00:00,0.8538
2025-12-24 11:00:00,0.8691
2025-12-24 12:00:00,0.8756
2025-12-24 13:00:00,0.8521
2025-12-24 14:00:00,0.8004
2025-12-24 15:00:00,0.7564
2025-12-24 16:00:00,0.7312
2025-12-24 17:00:00,0.7182
2025-12-24 18:00:00,0.7229
2025-12-24 19:00:00,0.7306
2025-12-24 20:00:00,0.7158
2025-12-24 21:00:00,0.6916
2025-12-24 22:00:00,0.6783
2025-12-24 23:00:00,0.6722
2025-12-25 00:00:00,0.6712
2025-12-25 01:00:00,0.6698
2025-12-25 02:00:00,0.664
2025-12-25 03:00:00,0.6329
2025-12-25 04:00:00,0.5781
2025-12-25 05:00:00,0.5369
2025-12-25 06:00:00,0.5376
2025-12-25 07:00:00,0.5661
2025-12-25 08:00:00,0.5847
2025-12-25 09:00:00,0.5811
2025-12-25 10:00:00,0.5586
2025-12-25 11:00:00,0.5228
2025-12-25 12:00:00,0.4627
2025-12-25 13:00:00,0.3955
2025-12-25 14:00:00,0.3451
2025-12-25 15:00:00,0.3414
2025-12-25 16:00:00,0.3657
2025-12-25 17:00:00,0.3943
2025-12-25 18:00:00,0.4171
2025-12-25 19:00:00,0.4283
2025-12-25 20:00:00,0.427
2025-12-25 21:00:00,0.4079
2025-12-25 22:00:00,0.3825
2025-12-25 23:00:00,0.3558
2025-12-26 00:00:00,0.3282
2025-12-26 01:00:00,0.312
2025-12-26 02:00:00,0.3173
2025-12-26 03:00:00,0.3149
2025-12-26 04:00:00,0.297
2025-12-26 05:00:00,0.2745
2025-12-26 06:00:00,0.26
2025-12-26 07:00:00,0.2453
2025-12-26 08:00:00,0.2204
2025-12-26 09:00:00,0.1957
2025-12-26 10:00:00,0.1753
2025-12-26 11:00:00,0.1628
2025-12-26 12:00:00,0.1665
2025-12-26 13:00:00,0.1864
2025-12-26 14:00:00,0.2086
2025-12-26 15:00:00,0.2132
2025-12-26 16:00:00,0.1987
2025-12-26 17:00:00,0.184
2025-12-26 18:00:00,0.1752
2025-12-26 19:00:00,0.1707
2025-12-26 20:00:00,0.172
2025-12-26 21:00:00,0.1884
2025-12-26 22:00:00,0.2165
2025-12-26 23:00:00,0.2338
2025-12-27 00:00:00,0.2296
2025-12-27 01:00:00,0.2155
2025-12-27 02:00:00,0.2121
2025-12-27 03:00:00,0.2198
2025-12-27 04:00:00,0.2242
2025-12-27 05:00:00,0.2206
2025-12-27 06:00:00,0.2078
2025-12-27 07:00:00,0.1991
2025-12-27 08:00:00,0.1957
2025-12-27 09:00:00,0.1986
2025-12-27 10:00:00,0.2071
2025-12-27 11:00:00,0.212
2025-12-27 12:00:00,0.2048
2025-12-27 13:00:00,0.1902
2025-12-27 14:00:00,0.1745
2025-12-27 15:00:00,0.1574
2025-12-27 16:00:00,0.1405
2025-12-27 17:00:00,0.1262
2025-12-27 18:00:00,0.1193
2025-12-27 19:00:00,0.1203
2025-12-27 20:00:00,0.1291
2025-12-27 21:00:00,0.1395
2025-12-27 22:00:00,0.1469
2025-12-27 23:00:00,0.1511
2025-12-28 00:00:00,0.1543
2025-12-28 01:00:00,0.1548
2025-12-28 02:00:00,0.1559
2025-12-28 03:00:00,0.1589
2025-12-28 04:00:00,0.1636
2025-12-28 05:00:00,0.1718
2025-12-28 06:00:00,0.1906
2025-12-28 07:00:00,0.2164
2025-12-28 08:00:00,0.2396
2025-12-28 09:00:00,0.2729
2025-12-28 10:00:00,0.3178
2025-12-28 11:00:00,0.3693
2025-12-28 12:00:00,0.4131
2025-12-28 13:00:00,0.4433
2025-12-28 14:00:00,0.4565
2025-12-28 15:00:00,0.4737
2025-12-28 16:00:00,0.5006
2025-12-28 17:00:00,0.5243
2025-12-28 18:00:00,0.5477
2025-12-28 19:00:00,0.5651
2025-12-28 20:00:00,0.5786
2025-12-28 21:00:00,0.5827
2025-12-28 22:00:00,0.5712
2025-12-28 23:00:00,0.5563
2025-12-29 00:00:00,0.5489
2025-12-29 01:00:00,0.5405
2025-12-29 02:00:00,0.5435
2025-12-29 03:00:00,0.5754
2025-12-29 04:00:00,0.6378
2025-12-29 05:00:00,0.7031
2025-12-29 06:00:00,0.7423
2025-12-29 07:00:00,0.7813
2025-12-29 08:00:00,0.8176
2025-12-29 09:00:00,0.8459
2025-12-29 10:00:00,0.8667
2025-12-29 11:00:00,0.8919
2025-12-29 12:00:00,0.912
2025-12-29 13:00:00,0.9233
2025-12-29 14:00:00,0.9338
2025-12-29 15:00:00,0.9443
2025-12-29 16:00:00,0.9531
2025-12-29 17:00:00,0.9608
2025-12-29 18:00:00,0.9678
2025-12-29 19:00:00,0.9712
2025-12-29 20:00:00,0.9719
2025-12-29 21:00:00,0.9756
2025-12-29 22:00:00,0.9801
2025-12-29 23:00:00,0.9822
2025-12-30 00:00:00,0.9834
2025-12-30 01:00:00,0.9825
2025-12-30 02:00:00,0.9831
2025-12-30 03:00:00,0.982
2025-12-30 04:00:00,0.9787
2025-12-30 05:00:00,0.9782
2025-12-30 06:00:00,0.9775
2025-12-30 07:00:00,0.9782
2025-12-30 08:00:00,0.9819
2025-12-30 09:00:00,0.9853
2025-12-30 10:00:00,0.9877
2025-12-30 11:00:00,0.9891
2025-12-30 12:00:00,0.9894
2025-12-30 13:00:00,0.9895
2025-12-30 14:00:00,0.9897
2025-12-30 15:00:00,0.9893
2025-12-30 16:00:00,0.989
2025-12-30 17:00:00,0.9889
2025-12-30 18:00:00,0.9885
2025-12-30 19:00:00,0.9868
2025-12-30 20:00:00,0.9844
2025-12-30 21:00:00,0.9811
2025-12-30 22:00:00,0.9769
2025-12-30 23:00:00,0.9724
2025-12-31 00:00:00,0.9705
2025-12-31 01:00:00,0.9731
2025-12-31 02:00:00,0.9798
2025-12-31 03:00:00,0.9843
2025-12-31 04:00:00,0.9867
2025-12-31 05:00:00,0.9873
2025-12-31 06:00:00,0.988
2025-12-31 07:00:00,0.9898
2025-12-31 08:00:00,0.9908
2025-12-31 09:00:00,0.9911
2025-12-31 10:00:00,0.9903
2025-12-31 11:00:00,0.9885
2025-12-31 12:00:00,0.9845
2025-12-31 13:00:00,0.9818
2025-12-31 14:00:00,0.9757
2025-12-31 15:00:00,0.9653
2025-12-31 16:00:00,0.9516
2025-12-31 17:00:00,0.9404
2025-12-31 18:00:00,0.9263
2025-12-31 19:00:00,0.9063
2025-12-31 20:00:00,0.8903
2025-12-31 21:00:00,0.8739
2025-12-31 22:00:00,0.8442
2025-12-31 23:00:00,0.8208
